a\e				1989
.Dl
ea
._]				1996
dDQ			100 Bobs	1989
C^I			Crystal Palace
DOc
Iih			Mr. Blobby
RgY			PSA Music Demo	1990
H4V			PSA Music DemoDisk	
C40			Rampart	
BkF			Rolling Ronny
W7Y
EKX			Tetris
.4;T			VirusKiller V2.0 Professional
/cl		Activas	Fruitbasket
?\]
5Nc
?Q_
0/c
834
.N1		Apocalypse	Wolfen
;7[
e3@		Bastards
7d[		Calinfon~Gametek	Glücksrad
CgT		ERE Informatique~Mindscape	Captain Blood	1988
Za`
Z8\		Grandslam	England Championship	1991
kC]		HQC
1iG		Megatizer
8`.
B<;
0[T
`Y
/S`
3;B
.P/
.W;
:K-
4MR		Microprose~Spectrum Holobyte~Sphere	Super Tetris
1I7		Music Studio
Nj[
/U4
2lB
;4J
e_A		Ocean~Realtime Games	Battle Command	1990
A5c		Psygnosis	Amnios	1991
Y1<
GBT		Starbyte Title	Fly Harder	1995
.12b		WCF
Fc	4-Mat
B=
1BW
k?
2\B
<M6
2ci
07l
GT
iP
Fi
4JD
.C0
.a=
[[
3-a
4I
/@a
_k
2IS
.40
.B`
.j^
1-d	ACC		Synth Samples IV
ed
/5I
4Vb
3Q4
;<
/ij
Sc
5B3
04d
0VE
.3JT	Adam Gilmore		Draconus	1988
A`J			Zybex	1989
:[-	Adrian Dalecki
AA0
1-W
.=]
2b?
5:?
;kD
aWF	Aix			1995
MAN	Alex Herbert
J?3
;h2	Alex Joseph~Jon Hare~Richard Joseph		Cannon Fodder 2	1994
lN
.`b
BU1
7bN
7bI
7PZ
/^]	Allister Brimble
.3
7`9
2E4
0NL
/00
.<M
2l3
7Y3
0Mi
27.
1S1
0\g
6=K
.`C
F^M				1989
=-D
7CI
gfV				1990
>A/				1992
afC			Brimble Music Demo
65Z			Expressions	1989
A_c
COj
=/a
Qa[			Mean Machine	1991
_T=			Mig Soviet Fighter	1992
Tg5			Newsflash
lO/			Seymour Goes To Hollywood	1992
\S?			Super Grand Prix	1991
0Y@			Super Sonix Music Demo
5f`
8Rk
1i`
;Ng
2bY
3M`
__
4A?
\d5			Super Wonderland
Vid			Treasure Island Dizzy	1989
FVO		Arc Developement~Grandslam	Liverpool	1992
]/5		Codemasters	CJ's Elephant Antics	1991
E=V			Kwik Snax
6Yh			Pro Boxing Simulator
HcZ			Robin Hood Legend Quest	1992
02.			Slightly Magic	1991
.-FD			Spellbound Dizzy	1992
AGO			Spellfire The Sorcerer	1990
SeJ			Super Seymour Saves the Planet	1992
S8-			Superboy	1990
M^-			Wacky Darts	
.1GK		Codermasters	1st Division Manager	1991
UfO			Fantasy World Dizzy
Cd3		Team 17	Alien Breed	1991
.-I
@W=
;L]
U;c			Alien Breed Special Edition	
f9			Project-X	1992
.4Y
2Kk
GNc
0\`
K3C
B>E	Alphatech
8OL	Andreas Spreen
..Y
/Mk
//2
AQ\
.E9
4CI
0_I
_S
8/2
0j6
0S`
K58				1996
Q6?	Andrew Taylor
=M:
6iX
O=5	Android		Klub Diznee 4	1998
4>L	Anthony Lees
/4R
;H?	Anthrium
81^	AntiChrist
1_e
7kE
/NC
0._
09Q
/kP
Tj
.>B
BQ
Q>
1k=
.SY
.8@
Mc
^2
/ki
15:
kC
7F@
?Y5	Apollon
1[1
FMU
6Al
la
<XS	Ash Hogg
Q5]		Codemasters	CJ In The USA	1991
g9e	Atomic Sound
.1`e	Banana
1hV	Baz
/3e
?
;L
XN
cX
d
0<F
.gG
/@8
eY
.G^
.Th
C]
.?[
@G
<h
0_^
78
/H3
.B1
.Q3
4L
6V
HF
1j?
BS
.i>
1JJ
D_
jA
/<?
SM
/S0
5W
.KI
0L
.5<
C6
3\
.QT
/;M
.1]
.j
0VQ
HO
0Ec
g3
/AL
X8
.ER	Ben Daglish
.@K
Y[
.1-
XW
96
.\>
9J
.C1
.EG
.VR
Cg
KV
Wa
.dP
.CK
_E
`O
@A
.7K
:3
.3:
.c;
4`
4<
:9
D>
.:O
./R
CP
bP
1e`
/0F
F`
3E
3<M
/He
//[
.@^
LJ
38
/MH
/Qa
.6I
RX
/V6
/;7
e`
^^
;I
75
.k`
>c
.Mf
9b
>Z
0JY
.^S
Z.i			Heroes Of The Lance	1989
E.@		Core Design	Rick Dangerous II	1990
gMO		Core Design~Firebird~Sega 1986	Action Fighter	1988
/=M		Gremlin	Artura	1989
<?:			Axel's Magic Hammer	1990
dS7			Butcher Hill	
3l?			F.O.F.T	1989
PZ7			Footballer Of The Year 2	
G1.
I[Z			H.A.T.E	
UV0			Skidz	1990
<_\			Super Cars	
2Cj			Switchblade	1989
S3<			Ultimate Golf	1991
:PE		Gremlin~Vortex Software	Deflektor	1988
Qdc		Gremlin~Walt Disney	Mickey Mouse	
GV`		Image Works~Tengen~Teque	Blasteroids	1989
0W[
GhK		Krisalis	Prison	
aNX		Mirrorsoft~Sega	Passing Shot	1988
AJI		Sales Curve~Taito	Continental Circus	1989
hV?		Sega	Hot Rod	1988
/G1		Virgin	Motor Head	1991
G0O
9_9
0P<
Ci`	Benny			1995
.CA	Big Alec
<F
/E
O:
<P
/:R
2_2
/IR
6/
/MQ
2Ne
0\2
/Q-
2-A
0a/
Yl
4`
K
.Y0
.I\
/?8
]3
//H
.<B
0/g
4GT
/@O
:I
6-
.J
3F]
/f9
4bQ	Black Shadow
58O	Blonde Lion
X8_
;B_	Buse			1995
9dK
/G]
2>0	Buzzer
071
/L6
/TH
62j
/.O
g@
.he
=ci
2W:
4g[
9fE
KR:	Charles Callet	Incal Productions~Infogrames	Metal Masters	1990
0LT
<CX
2\>		Incal~UBI Soft	Sir Fred : The Legend	1989
0Ba
b?F
Zlc		Infogrames	Drakkhen	
@]_
<0J			Hostages	1988
;a[
P^Q
.Qd
IaA			Tintin On The Moon	1989
6h5
6k5
1`:
JIg	Charles Deenen		Tusker
..?Z		Hewson	Insects In Space	1991
./;F			Stormlord
?^-	CheecH
eQ@				1992
ak	Chris Huelsbeck
.a]
0;L
/eM
4T6
0`j
_0
F76
/:L
16i
5P8
/5F
/NN
/E1			Carribean Disaster	1994
0E/
5g\
9Z
=cQ
k/
1iY
0HG
/\N
9S
4[G
0I0
W5
6b2
JO`			Logistic
1Q			TFMX Demo Song
CgB
;;.
2Qg
Ghl
ZL5		Audios~Rainbow Arts	Turrican Sound Demo	1991
38:		Blue Byte	Battle Isle	
fX@		Electric Dreams~Electronic Arts	R-Type	1989
/S9		Factor 5~Kaiko~Rainbow Arts	Turrican III	1993
/Pf
/<\
O2Z
0>=
C
3e8
JJ3		Global Software~Kaiko	Gem 'X	1991
SiE
5Z]		Golden Gob.	M.U.D.S	1990
Af
Bke
:F
B.?
9H_		Golden Goblins	Circus Attractions	1989
4lI
;I>			Grand Monster Slam	
O1a
:FT		Kaiko~Play Byte	Apidya
Xa
@W/
37`
.Jh
.NY
GXO
1.F		Kaiko~Software 2000	Gem 'Z	1992
4>h
KY
:SY
8fD
51N
3VQ
/=E		Loriciel	Jim Power	
>/B
16K
HCd
/^^
5/7
/J<
YOC		New Bits	Metal Law	
Lg3			Quik And Silva	1991
P7:
>Gb		Psygnosis	The Carl Lewis Challenge	1992
a36
CGf		Rainbow Arts	Apprentice	1990
^3
B5L
;0<
/d3
45N
4^h			Danger Freak	1988
Q1_
FB6
DD>			L And M Adventure	1990
.jU
;Yc			Master Blazer	
22M
0QU
EBR
6N<
:k4
:;3			Rock'n Roll	1989
1Yf
TT
.7-
1IE
62l
=eM
.P5
DF
4`d
R.J			Turrican	1990
1k8
RZ
<PG
0bl
5.
G>
/Q2			Turrican II	1991
<QU
78Q
=/M
29c
3TC
4IT
7Yb			X-Out	1989
<C]
/lj
1ej
.?C
.B]
/.?
.<k
.c:
2Re
^cM			Z-Out	1990
5_0		ReLINE	Hard'n Heavy	1988
VB0
64		Software 2000	Denny	1992
<\O
<\A
A_5
2e]
/B/
^l
.Nj
;;<			Hexuma	
.:O
.?F
>JX
:39
1U3
2\0
TTU		Starbyte	HB Car Race	1989
F<>		Time Warp	Oxxonian	
>92	Chris Huelsbeck~Ramiro Vaca	Rainbow Arts	Starball	1988
FdT
;OZ	Chris Huelsbeck~Rudolf Stember		The Secret Of Monkey Island	1990
0V3	Chris Mad
:Xd
C7[
.?7
.Be
.>X
0d2
?<
18-
5N<
6Al
/Li	Chrispy Noodle
?hX
/jG
:L9
3T@
f=
/LA
/M/
.4ID	Christer Bjarnemo
/aN	Cobalt			1998
JZ<	Conran
k1
5MK
00A
lT
38V
9<F
/HE	Count Zero
<PR
.Oe
/-l
1->
?L
.VX
FS
.g[
/=i
.dh
0=G
<K
/fF
7O`
.8k
36c
.RB
0<O
?:
4^g
S5N	Curt Cool
ET[				1997
3P6
=MH
@9a
>RJ				1998
?WO
1jH
42]
/B
1Z`
/O-
0Pi
@;
5dQ
.Y2
W7R			Klub Diznee 3	1997
d15	DRM
j-	DSN			1994
@94
AVd
;-D
6=0
?DQ				1995
HC.
61K
0IH
@F8	Daiz'l
<FX				1996
@2_			Psychol #13	1997
?C`	Dave Cummins	Revolution Software Ltd.	Beneath A Steel Sky	1994
V_d
M0H	Dave J Roger
1_Q
62h
C@M
H.W	Dave Warhol		F/A-18 Interceptor	1988
R_	David Whittaker
]0
>J
WQ
.9=
EX
X;
La
.a^
3l
;@
eB
Rd
8Q
=F
@j
47
/k
.Mk
9h
H
U1
>B
Hh
.d_
/ZT
/E
Of
4c
..F
.Z.
fS
Xa
.ed
V4
78
U]
=c
af
.EW
/.@
5[
GL
Bc
.5R
97
.da
9O
b6
.Fe
.PT
0P
gR
.ZZ
EB
VV
jR
/6g
.h]
F:
CW
.T
6D
UR
6P
/D=
J1
^F
M.
.`h
.WA
:U
/<J
72
.^
S-
3L
kV
FY
6B
]>
.Q7
.al
0Z
4C
^b
/-2
@B
.^b
?k
\DN			Amaurote	1987
>KS			Panther	1986
=Z\			Redmax	1985
YL]			Storm	1986
`PK		Micro Style	International Soccer Challenge	1989
Gl8	Denton Design	Denton Design	Batman Return
2W8	Develin		Klub Diznee 4	1998
M0M	Dextrous~Yaz		Hysteresis	1991
>]^		Mag. Fields	Party Hangover	1990
GOV	Dick Jansen			1995
3.V
HXL	Dirk Magerkord	CP Verlag	Brainball
..YI		Demonware	P.P. Hammer And His Pneumatic Weapon	1991
00H
>QD	DocLands
=Yb
9=K
0V]
.gH
;UE
3_k	ERN0	Vanguard		1991
8h<
1`Y
?]>
YN
5D\
Sj_	Entity
YIj	Eric Delos
:08
Lk>	Estrayk
1j	Evrimsson
LMh
4Cd
2hZ
DeP
=/J				1998
MGU
2k/	Excellence In Art
/hF
XL
6O;
>U]
\=
/=Y
.R\
00C
.gA
2UJ
/-F
0>M
0CK
/A@
._G
.A5
1Bi	Exodus
4Hi
:@M
.ZI
A0^
/Wb
2Q4
<P7			Expressions	1989
BNE
I3E			Orchestral Delights	1991
R=`
\KG	Fabin Rosenschein	Micropartner~ReLINE	Pink Panther	1988
9?R	Filuu		Klub Diznee 4	1998
>@K	Firefox
0^H
16E
:`F
<GC
6Ib	Flapjack
h7d				1998
89k
M_X			Psychol #12	
4-L			Psychol #13	
eSL
55X	Francesco Di Mauro			1996
;fh
R=C
2UQ	Francesco Gambino			1995
Aa9
NgA	Frank Lautersack	CP Verlag~Infernal Byte Systems	Lethal Zone	1991
YB<	Frazer
1\J
0C@	FreQvibes
5^4
012
75;
1?l
=^j
4Qb			Klub Diznee 4	1998
94N	Fred GRay	Micro Wish~SNK	Victor Road	1988
g9G	Fred Gray
=I:		Logotron	Star Goose	1988
9@J	Freddie			1996
6?9
4;U
aiS	Fudge		Opaque 1
1UR	Ganjaman
>lb	Gavid Lucas
/5J
:HQ
0bQ
41<
.`Q
3Td
83`
7FX	George Dragon~Lajos Suvak	ArtGame~El.Zoo	Abandoned Places	1992
1fP
2HR
3F:
UC
b[
/_O
.@4
0EC
081
57A
.We
28R
0:`
^S
0A:
/QL
0bN
lc
I2>	Grace		Klub Diznee 4	1998
<9	Granny
Ag>
2>`	Hagar
/Tl
2E=
0a:
>3`
SC
1\P
dK
bK
:?
07l
b/
^R
0IL
3e/
]A
?K
3->
O\
20L
/23
/El	Hans-Hermann Franck	Bytec	Cobra	1991
.i8
5W2
1e<
IaS
/ED
47G
aS
7i=
./E^	Hardfire
M_
5OB	Hermann Frank	Magic Soft	O.B.Y. 1	1991
<f<
5Ii
6O-
8QL	Holger Gehrmann
0Kh
f:
@/I
9Xg
.^Y
5H^
8I`		Magic Bytes~reLINE	Biing	1995
?DO
>/C
GC
/XH
/FW
.`4
2I\
5hi
9Y8		reLINE	Dynatech	1991
<[
A\Z
dJ\			Penthouse Hot Numbers	1992
50N			Penthouse Hot Numbers Deluxe	1993
9PM
N-/
6DI	Hydlide
8`K
/^8
71O
K?9				1995
dc\				1996
I2O	Icebreaker
9Ff
GUa
24V				1997
=/-
/NW
3LH
0TU
14I
1E[
7P.
EaE				1998
O2k
6V8
A/:	Infant
ieF	Isaac
0iB
0@>	Iso
.G;
.eJ
1;3
8Z/
5?]
05B
.]e
.:c
/7@
.L2
/\e
@YX
^8H	J.N. de Koning			1996
G`T	JMP
NT0
/k	JaZz
Pb
<.
c<
>I
k
.
2R
9Z
P8
84
OE
EB
CS
.J
EI
1G
VK
d\
O7
5V
;0
]5
g
3W
.UW
5
JV
Wl
B8
1H
:.
.3e
Ck
]C
IN
01
2I
.4Y
4:
@h
4e
YJ
3C
?`
26
_X
;=
6G
HL
<l
>2
2D
9X
V4
/8W
O
.Y1
0P
QM
.9P
@-
.3a
<8
79
?
.5Z
Jk
1b
.b[
Dj
CQ
.fH
.Og
06
.:
d
:/
^
FX
RS
6D
BV
.^C
dL
.]
.Vg
;D
QL
lI
7b
1V
P6
5@
EW
1]
]@
.?;
=G
:d
AA
DG
1W
0?
.<3
97
Kc
.FO
3V
8O
5S
Qe
/Q
]L
eX
.j
Yc
4A
/9
/f
6K
:\
/Oh
2e
5g
8d
:J
2.
0i
84
Oc
0b
=_
G<
1W
O/
.\7
/7
kH
bh
>0
E[
:Z
Y
C0
1i
PO
9E
8D
/@
9?
17
Wd
?I
?O
ll
7:
.14
YE
U
7a
Hb
>:
?Y`				1997
EH>				1998
GZ4			Definitely Baby
F2D
3a7
.EV			Opaque 1
35G
>5=
3F5
0`h
3XE
3BV
6/T
436
16`
/4i
7ZL			Summbergarden
lQO			X-Mass
HSk	Jaimen		Prime 90 Party Demo	1990
.06a	Jan Krolzig		A Smart One	1994
.23l			Ashes Of Life	
kYQ			Cheeky Twins	
VgH			Cheeky Twins 2 End Tune	
a_d			Cheeky Twins 2 Ingame	
JQS			Daydream	
V./			Great Waltz	
.3Na			Melo Vatrix	
Ua0			Monster Time	
:T^			Rest In Peace	
1H/	Janko Mrsic-Flogel
MA@
HGJ
2\i
;UA	Jason C. Brooke
ZB
c0
09S
12
:Y/
.l
015
0[S
1?\
LC
15b
.K4
1c0
3G
1I`
//D
1bM
16/
.3/J			1943
..HQ			Afterburner II
h43			Feud	1987
..fS			Ikari Warriors
hNU			Outrun
7<`			Resolution 101
8G@			Rockford
TZL			Space Harrier
Dak			Thunderstrike
`0^			Vixen
e//		Grandslam	Pac-Land	1989
R3B		Martech	Hellfire Attack	1988
2Yf	Jason Page
/aS
/b[
S\
>P
/7d
2L;
4AK
d>
67[
QW
7[Z
0Zj
.K9
8jj
1Pe	Jason Page~Jon Hare~Richard Joseph		Sensible World Of Soccer
7YQ
.T-
\<f	Jazz		Klub Diznee 4	1998
J-	Jeano
I4@
/fG
/<1
/c]
6Z;
>i
.R=
B6E
J_S	Jeff		Metal Melissa was a Pisser	1991
@EA			Roll or Die	1992
AAD
8a_
.>X
UO	Jerry
\0
;9D
.I9
.OU
/Kd
/S<
.dL
l/
1\6
.4J
.fW
/8A
0WM
.8N
/hh
.Bi
2I]
Q9
/->
3f6
18M
BZe			Klub Diznee 4	1998
3-]	Jesper Olsen	Rainbow Arts~Softgold	Lollypop	1994
.9c
/Z]
0J^
.h]
/:2
9^
.9O
.1<
0J[
.R7
3ZM
/kW
E<
1V
D@
If
.>L
bM
.QT
2<I
NN
/ZV
.4E
084
0hL
.-]
00W
.0C
BG]		Silverrock	Guldkornekspressen	1991
0;D
.1KI	Jess
0A	Joard~Lotus		Synth Dream
/Wl
_W
I<
@8
2Nl
1lE
/W1
.CG
.0A
.@@
.73
YT
Ul
/4Z
G_
/`D
];
.A@
]X
EF
T_
0O\
OP
;5
5i
ZJ
./E
/AK
]5
8\
0i-
.G2
=_
=N
.XF
NL
4QL
./>
0H
N2
bc
.Q9
hl
JW
3J
//5
<O
0UR
e8
H@_	Johannes Bjerregård		Tusker
_Z9		Hewson	Stormlord
7UB	John Carehag~Tomas Dahgren		Fuzzball
f7	Jonathan Dunn
Da
/6
/CH
.DZ
4VL
.3b
.\-
2V.
/HX
.T-
/cT
1ak
1e.
H>
.CV
/9B
/-d
5_E
d\
0R@
;;
\K
.^]
1^:
.>.
1/k
PG
:kY		DC Comics~Ocean	Batman The Movie	1989
<Z`
55=
CE1
0MB
2C>	Juice
:Gd
:G.
/fK
5Y^
H>1
I3<			Klub Diznee 2
:aQ			Klub Diznee 4	1998
.0Ja	Jumping Jack Flash		Transplant	1992
Ef	Justin Scharvona
2_/
0b7
B2
0Q7
B
.V:
4S
0CM
/[C
.>.
.75
47\
hh
P<
0;h
.k5
.JV
5E@
/8-
38G
7<L
SO
.G
B7
0IZ
.h8	K. Christensen		Rotor
::=
.fK
5C@
/Mb
;.R
2]/	Karsten Obarski
.@M
Le0
<Qh
3LD
.A^
ki
3SA	Keith Tinman
8@2
?:9
8YY
4b2
ADH	Kim T. Christensen	Hewson	Onslaught	1989
.-H:	Knackosoft & Flynn		Transformer's 3rd	1988
`=@	Kure4Kancer		Motorola Inside 98	1998
9OD	Kyzer
.:T
1<k
H]
..l
..]
4Q`
2aL
ZM
4;X
.24
53O
:eQ
3>J
hI3			Klub Diznee 4	1998
6QD	LTK
8Pb
NG@
4`I
OF	Lap
K.
E>
hK
NA
0TB
.M`
.F9
/Kb
1X@
16b
.cG
/hP
.4_
1[H
0GG
S9
.-;
/PA
0Hf
3D<
/7P
.lP
3f7
TB
A^
1Pa
Ybe	Laxity		Graphics Are None	1992
b[C			Inspiration Is Gone 4.571	
=Bj	Lloyd Rosen
3aP
/iK
1>S
YF
Hb6
1kR
/;/	Louis Ewens		Whistler Brothers	1984
.Yl	MIM			1998
CSZ
E5l
6c	Mad Max
:8
VR
6;
4G
HQ
1_
5<
OU
<W
7i
.d
?E
D-
3;
4?
60
;Q
;L
5N
11
RD
j3
Hd
.L
:O
9G
27
V6
83
<\
0K
l
.0A
=>
0E
.i
8;
:5
1
3S
.h
Ce
8F
/e
GF
;k
84
Oj
2C
.Z
jS
MG
B-
;Z
JP
Ci
4i
AI
D[
9l
2l
4X
iH
?P
9V
3.
PZ
8c
/<
5
LT
3:
F5
E;
2K
2l
/7
0V
/S
M
BC
^;
CW
7U
[
>]
2T
;-
1D
0W
5
3R
.G
3.
85
4g
Nd
7b
Rh
50
7D
.J
DB
5/
>
=@
0Y
7N
16
bC
PV
7R
?d
2N
2H
0:
:<
.8H
:K
.]
0/
0g
:V
?Q
.d
0N
.;
^
..
2<
:S
2F
KI
/D
3G
.<
KC
bU
<Y
L;
5
45
?0
BD
PX
=Q
1?
@0
f
2X
/D
2a
39
.32
3^
6>
2]
AB
MD
.`
/h
Ag
G?
0?
g
30
/0
2W
@H
M>
2]
B]
4;
>3
.4
?^
.\
1\
;.
;c
?Q
6;
13
/A
cJ
/M
h=
Si
Ff
34
KB
8Y
DS
Aa
06
:
7K
:
08
1d
8
45
34
2T
.G
2F
AG
/1
2/
.h
36
8f
2b
4Q
1\
3
E
8N
5C
5j
/P
2;
..f
MJ
.3
=@
4=
.D;
8\
2@
/>
0F
B7
:V
L
37
<L
3X
/-
57
fK
2J
MV
>f
0e
2C
9S
:Q
;E
./
;
3Y
5N
5T
33
=9
8D
FI
8J
:T
2D
BI
bG
.\
6F
6
.H
GR
>6
1
26
.j
NN
.V
>T
.?B
/f
/d
1\
36
/P
;7
R8
:`
A3
1;
32
QH
OL
06
7V
0<
0>
4S
Nd
/^
U4
31
IO
1O
QN
?a
7h
d/
=Z
9?
5^
69
A0
.Z
.A
AJ
g
DE
JN
P
<L
3ai			5th Gear
2aE			A Prehistoric Tale	1990
M98
^/
.:5
5-H
2R6
9Y<
.7h			Amberstar	1991
.K@
:G
4-9
O:
/P
393
.1G
.
4/l
U/
1L=
0:d
27>
.3J
ATN
0;^
f;
3[
E_H			Astaroth	1989
>]l
>eE			Australian Pio
2JT
<Rg			Battle Valley
=.>			Chambers Of Shaolin	1989
1B\
g=
4XZ
I8U
8EY
PYK			Enchanted Land	1990
1j4
DQQ
.b[
<iS			Ghost Battle
2;X
/2a
@HB
=X\
6iV			Last Ninja Remix	1993
0S`
>?;
43S
;M=
6<@
/?M			Leavin' Teramis
1Zf
.9d
6T2
<D0
6.9
/1P
g/A			Razor
:1J			Return Of Medusa	1991
YQC
bSZ			Rings Of Medusa	1989
IGP			Seven Gates Of Jambala	1990
68>
8:W
<BR
eN.			Tangram	1991
2Bl
.@_			Thalion
<[;		BBS Intro	State Of Mind	1991
M`8		Crack Intro	Quartex	1990
_=[		Eclipse	Lethal Xcess	1991
8k4		Thalion	Dragon Flight	1990
G19
0gK
>9/
/c0
@Z
3;Q
1eh			Tower FRA	
<\.			Warp	1989
2V-
4M-
3:H
D0i
5?^			Wings Of Death	1990
0M1
48F
?80
;0_
2B-
0:T
1-g
2MN
S45	Maniac		Klub Diznee 3	1997
H;O			Klub Diznee 4	1998
22L	Mark Cooksey
/Uh
._W
37U
2Se
7KO
1>=
5@\
/i.
0d
2E
6bl
f\
3DS
0G2
TOV		BBC~Elite	A Question Of Sport	1988
.1@;		Capcom~Elite	Ghosts'n Goblins	
TN5		Elite	Commando	1989
/[P			Grand National	
9MA			Live And Let Die	1988
ga]			Overlander
.116			Paperboy	1989
1-W		Elite~Erbe~Warner	Gremlins 2 : The New Batch	1990
@PY		Elite~Sega	World Championship Soccer
96G		Elite~Tecmo	Mighty Bombjack	1990
OKO	Mark Wilson
LCl
/F1	Mark de Jong			1997
hR4				1998
.7M
T6<				1999
Wg`	Markus Schneider	CP Verlag	Zo Zoom	1990
FXT		CP Verlag~X-Ample	Gordian Tomb
IC9		System 3	Tusker	1990
KBV
/W.	Martin Walker
YR
9fM
3cj
311
0kf
=>W
2?a
.;`
K`
:1J
g>N			Atomic Robokid
4B4			Hunter
\]b			Indiana Jones 4
_CC			Lands Of Valour
^Ag			Overlord
hHH			R-Type II
3`4			Reach For The Skies
d8/
AN0			Spindizzy Worlds	1990
?4\		Activision~Irem	Dragon Breed	1989
/B2		Core Design	Frenetic	1991
Y-[			Thunderhawk	
7Ui
;7i
WKa		Domark	AV8B Harrier Assault	1992
RZC		Image Works	Devious Designs	1991
>P>
^7=		Llamasoft	Defender 2	1990
]aY		U.S.Gold	Kingmaker	1993
dlP	Martin Walker~Simon Butler	ARC	9 Lives	1990
.4SU	Marx Marvellous		Rush Of Discovery	1995
lDQ			Scimitar	
VYc	Master Blaster		Critical's Promotion	1990
.IW	Matt Furniss
.M^
.<B
12<
0B
/?@
/FI
1Gj
/bl
1g
1f-
LS
.`^
0d6
.J_
/aU
3C9
0\a
3.
45>
78:
0j]
ec
0O9
=^h	Matthew Cannon	Ocean	Elf
4Bf	Mattias Nord			1995
/TN	Mermaid			1999
1A-
00h
U/:
1XQ
7a[
.U0
:9F				2000
OkG
1U=
2fe
1ag	Miao
M9k
9f?				1997
44j
JT0
WIP			Klub Diznee 3	
aX8			Klub Diznee 4	1998
8S>	Michael Haigh	Psygnosis~Scenario	Obitus	1990
=i]	Michael Tschoegl	Linel	Necronom
^R
JCB
W]
0=9
04h
4B
6bF
4NG
.91			The Never Ending Story II	1990
1E9
/bG
F2R
AJ3
78/
0dM
Tl
3X3	Mike Davies
PE
BD-
30J
.`2
9ID
1>P
5eI
/eh
J6G	MjK		Opaque 1
;`U
/da	Mobby
.:-
S77
F3g	Mortimer Twang
5@_	Mos	Thalion	Lion Heart	1992
00c
4F/
0\S
=Qb
.Se
1_i
.lT
>W
.Fh
0=5
/N=
bW
32R
J5
1jK
/\G
.R`	Moz{Ic}Art
H:]
@S=
0D8
Kj
7YQ
CSe	Mr. Young		Yaps	1998
J:X	Mr.Chaos			1997
E6?
11>	Mr.Soundwave			1991
6jZ
/BH
.jW
0dB
/EY
.T_
/T`
1f4
OU
/?;
];
28@
0B5
1D
..W
?35
9X
Ua
1PM
..\
0T;				1992
1/C
3cN
6TD
5`J
5-T
/fO
.iZ
2lY
=UK
TS
.IL
/M	Mr.Tickle
//:
.K-
4hi
.8g
E`D
7LI
.Q<
0eF
Ze
/1U
=jf				1998
:`S			THX Colly 1
5iB
/B:
CU3
5EU
/OE
1?A
1QI
/E]			THX Colly 2
/?M
0E1
4VQ
.4N
=je
:6f
>HC
gg
.i?
1lC	Muffler		Motorola Inside 98
BYk	Neil Crossley
.@H
RJ>
.7j
/6C
4=`
.gI	Nick Jones
6h@		Image Works~Vivid Image	First Samurai	1991
c5=	Nigel Pritchard
5Ua
:Ai	Nork
03X	Oxide
LCh
KEC			DisIsSid 4	1998
28l			Klub Diznee 3	1997
4bT			Klub Diznee 4	1998
Mge	PSA
7-[
@.H
F-e	Paul Shield	Microdeal	Tetra Quest	1988
4E7	Paul Shields
@@[
6P
=LP
GY6		Microdeal	Airball	1988
96d
.:L
8.Z
M\c			JUG	1989
/\:
24b
;aA
.T;	Paul Summers
8>I
Y0?
]Q/		Microstyle	Rainbow Warriors	1989
?]h	Paul Van Der Valk			1990
Ggl
54_
3EW			Imploder
\-	Peter Finzel		Schreckenstein	1984
G3Q	Peter Johnson
07F
.l.
906	Peter Langston		Ballblazer	1985
c;B			Behind Jaggi Lines	1984
gT6	Peter Liepa		Boulder Dash	
MSh	Peter Thierolf	Demonware	The Power	1991
E>b		Demoware	Ooops Up	1990
.5F	Pierre Eric Loriaux
kI
.d4
/>6
jJ
.aQ
3Ze
F0
/PE
AG
3K2
P.
.d]
2i
.DH
.<[
10C
1<-
3EH
.1l
.QF
R`
1RA
.ae
0G8
<8
.9F
.Ib
.7?
2[1
.4H
=2
TE	Pink
.2Z
;1d
/Qc
:2
.>=
1J:
7He
3i
fA
0?@
.b
2
.3f
/-W
[M
dP
/;e
/3.
OW
0kf
1X
R1
.gl
M?
Sh
/.
/O\
.NO
j1
.77
.NO
96
1^>
fJ
D3Z				1995
.@`
;bW
@kK
^k^			A-Type	1998
7W[
?=g			Cruisin	
d`P			Cruisin 2	
.df
2Q[
.31@			DisIsSid	
.0ea			DisIsSid 4
<cZ				1998
?1j
ABQ			Iridion
VYL			Klub Diznee 3
=Sl			Klub Diznee 4	1998
0:Q
>Y\			Rise Of The Rabbits
6<S			Rise Of The Rabbits 2	1998
Q4l
/\P			THX Demo Songs
T
5K=
3YU
08D
=CR
4/h
//U
<]A
.bH
.FG
0[L		Abyss	Diznee Land 8	1995
.`U
7Eg
/11
/j>
@3X
:`5		Invitation Intro	Kindergarden 98
IH4	Probe		Opaque 1
6JD	Prodigy
YAU
/fY
^gI			Klub Diznee 3
@64			Klub Diznee 4	1998
Uca	Psycho
N\:	Ramon Braumüller	Softeyes~Thalamus	Venom Wing	1990
72?
8Ma
;^;	Rayden		DisIsSid 4
VeL
6lB	Richard Aplin~Steve Barrett~Tomas Dahlgren		Double Dragon 2	1989
3M0	Richard Joseph
1h_
38[
0=b
1>i
UC
;AO
1_Y
/T6
eK
O6
/^8
N8
9S
4h>
/Xi
0-W
/>.
7V
P>
.1/
/C
SbS			Diggers
/G9			Flight Of The Amaon Queen
=X4
3Ha
2ZU
497
.>H
/E9
/<[
3HP
.F`
.Ql
1-F
/W3
1Z\
.4--			James Pond 3
=Q]		Bitmap Brothers	Ruff'n'Tumble
HN
6>A
97H
3Pc
6Ll
/KR
X1		Bitmap Brothers~Renegade	Chaos Engine	1993
Ba^
/e=
MP
8gY
@IZ
6<;
Fk<			Chaos Engine 2	1996
.P^
5VT
1NY
4F^
0k:
;S0
LQ;		Millennium~Teque	Crazy Football	1993
:3W
>i6		Sensible Software	Cannon Fodder
2C[
=>U
7_?
3J6
.gB
3P1
@L4			Sensible Golf
?D[
<ZG
V.A	Richard Munns		Space Lobsters	1986
1CP	Rob Hubbard
<DI
3=j
8<P
0eL
0eL
0Ki
ZZ4			Indianpolis 500
>>^			International Karate	1985
WO7			Jet Set Willy	1986
.3?9			Warhawk	
h4@		Electronic Arts	Ski Or Die	1990
D//	Rotweiller			1996
jal	Roz		Motorola Inside 98	1998
Tb<	Rubik
;fB	Rudolf Stember
2.@
/kI
.6M
50Z
2JR
3eL
A1S
.g-
.PQ
@8`			Egg Bros
6jE			Kellogs
aHE
JN
=aY		ARGON Software	Nestle Nesquik	1995
:eN
1;N
3V>
HBI		Art Department	BiFi Adventure	1993
2@d			BiFi Adventure II	1994
Xd6
.db			Karamalz	1993
G=C
D^F
6W]
jaW			Kraft Ketchup	
2d>			Telekommando II	
WBQ
>:[
0Y>		Ascon	Anstoss	
?
4c
.d:
/-\
._]
7j4
75<
Yi
8[E
J`
.M3
4LA
34L			Der Patrizier	1992
.9^
8LQ
G6G
;Nb
3\7
8@T			Hanse	1994
a/N
>TZ		Attic Entertainment	Das Schwartze Auge	1992
1XE
S.\
1Z8
37^
K<B			The Oath	1991
.S4
92\
3W6
ak
dM
<\8
.h5
NfZ		COMAD	BMWi	1992
_/4			Elefanten	
bJ/		CP Verlag	Amigo 4/91	1991
6;;			Amigo 5/91	
ETC			Dungeons Of Avalon	
PS0
_JZ			Dungeons Of Avalon II	
@EG
7eB			Kangarudy	
26J
OM?
7h^
43H			Norse Gods	
Y/G			Ramses	1992
E.:
M@5		EGO Software~SPD	Abenteuer Europa - SPD
1L?		Ego Soft.~Rainbow Arts	Flies	1992
6fV
:lX
3?/
4j?
9_S
7/N		Factor 5~Hudson Soft	B.C. Kid	
==6
3W1
18_
/Pi
0CZ
34V
.TF		Kaiko	Software Manager	1993
7fX
QeV
;EZ
0c9
7/1		Neon Software	Mr. Nutz	1994
/R^
.OM
Dgl
6BB
108
.d`
0V]
15Q
/Cc
1CW
Q4>		New Bits	Metal Law	1992
>7i
/JO
22X		Play Byte	Ugh!	1991
=cg		Rainbow Arts	Logical	
A8c
8[;
3KG
.QF
.LH
.>i			Mad TV	
.Pg
.A\
W<
/ef
/C`
128
AES
G=`
5WC
fcI			The Curse Of RA
8;9			Z-Out	1990
/^\
Dg;
>N]
.O5
9kE
Z0I		Umweltbundesamt	Schmutziges Erbe	1992
QT	Scavenger
/2
1M.
4GH
1h>
1I>
.5i
2\3
/Fh
e7
0c9
0[k
.dQ
=^
/T
/dI
0E[
.P]
.@T
3J4
0OU
/TW
.S@
.6k
/1L
.:`
6eT	Sean Connoly
1fg
Tdf	Sean Gugler		D-Generation
8L7	Sebastiaan Lentfert			1989
3KJ			Crazy Copper	
4Ad			Expressions	
@2;
5XM
>`4			Orchestral Delights	1991
/VO
4VJ	Silok
1.N
1kQ
3h7
P>
.Yb
7OI
4?]
7fJ
1?G
1K;
2`[	Sire
.<6
3dl	Slam
0[0
6c>
@g2
632	Slaxx			1996
09?
4P>	Snille			1995
ePd	Spook		Motorola Inside 98	1998
S;	Stefan Jeworowski
970
SCf
_0[	Steve		PSA Music DemoDisk	1990
;k=
;Jk	Steve Barrett
/Y_
7[Q
5;?
/GB
=?0
/V?
2Da
@=<		Codemasters	Advanced Ski Simulator	1989
1=0	Svinto
kg
[5
Sd
.Jh
:_P
?X
/jC
1iQ
bl
.LO
/B_
i
/KF
.>]
4a-
0-T
.hT
74j
E9
/EW
/h`
.W2
VW
9`
Vg
.3K/				1996
711				1997
8f
0R[
5:O
:?S
.4N
1T1
kMQ				1998
2AL				1999
LFH
0YO
64G
bPF	THG		Motorola Inside 98
WdV	Tang
7:
gf]			Motorola Inside 98	1998
G1	Tao
9G
/[;
\.
0g
LL
ZI
.WM
1U1
/H5
S]
18`
/D8
/_S
_1
IB
/Nl
.M^
.>c
;4
/Pe
;4
.2K
Dh
`U
.0a
.;S
@R
8/
JD
/H
/=D
/5e
.U/
0Hf
9=
D;
0]
/D>
2H
/1H
>A
/5f
.9X
0aL
/7
ci
/_B
3g
VM
09G
HD
5V
Zh
eOf	Tecon		Klub Diznee 3	1997
I9j	Terry
<NC	The Fox		Donkey Kong	1992
/G5		Bignonia	Aztec Challenge
Hb
E_M
1l-
/dc
0_L
0YY
57]
1O2
0G;
/_L			Bagitman	1992
0G			Frantic Freddie	1991
.d2
@9
/Q;
0>N
J_I
.EG
@>R
3i<
WL
0;C
/YH			Popeye
3ZA
EY
8c?
5BX
3/
.VQ
2Y[
3aU
1lk
._e
8VP
18l
0@V		Music Disk	Mystical Tunes
7ZV
3KM
3.T
6b=
8Hi
7h]
3l
9[=
Rf	The Hooligan
EG
0M.
BV
k^
JV
CE
1;;
]S
/:_
0LM
0<9
WM
00/
3@L
d-
1:/
.3C
5Nc
A
XM
DK
:_
..
0aF
/=D
2k/
1FO
1iZ
3e	The Mind
aa
;[a
Ej
6K5
.gZ
2`7
3f=
G:P
0Kc
XdU	The Raven	Cardinals	Spreadtro
7`[	Thomas Hermann	Magic Bytes~Micro Partner	Blue Angel 69	1989
/bH	Tim Follin
B=7
.kX
1Bg
Q-
:
.Me
6Xg	Tivurr		Herb	1995
7NO	Tommy
=N[
8DH
3YO
?SA
4TX
M7E				1995
:F1
65U
1Ie
/M3
45_
.[;				1996
5Pl
4_h
VK\
/L2
/<[
3;X				1997
Mk
?XU
0Q=
.f/
.Kk
1NV
>if
3Ck
<1h			DisIsSid 4
.0\8			Klub Diznee 4	1998
.3N/			Sonolumineszenz	1995
5O6		BBS Intro	Nevermind	1997
Kg\		IRC Music Competition	THX IRC Compo	
AQW	Tony Stuvo Aky
3Ai
6bN
ac
/V_
3H_
Z:
/>?
.=T
CP
5-=
4ah
0@e
b`	Tony Williams
NP
.ZK
9K?
1X
EX
?22
.h[
1@j
.RS
lT
6g6
/:`
M2
3;2
:7O	Toodeloo	Dead Hackers Society	Chippin For Air 5	1998
9A;
05P
M:
9Z_
/JM
5AC
0JI
A6_	Tronic		Neverwhere
D\Z	Turbo-T
IYI
S.	Twice
0[`
6PM
2J4
/AO
LVg
?9H
>OP				1993
29V				1994
/1e
.`e
.K-
2LO
OA
48X
3<
/R]
/UZ
K@
3lG
T>
34
.<B
2;B
=d
._I
P<
.M2
/Qa
=Q
5HN
6>
54g
Ja				1995
.If
;V
.2K
.Ca
.@]
2^k
j6
.5X
/CL
e[
6Ed
/H4
69T
6LT
:M
UO
2`6
3dI
;l
4XU
10]				1996
5T9
1L?
01;
19L
9\
5Ii
=PT
0G<
>9d			Revolution	1991
/Uj				1992
C_J
G;H
@_H
/15				1993
Tc
.\j
C[
2HB
/g8
.d<
.J
gb
\e
<N
:[
><
VD
05h
.=0
.I_
.hY
L
Ui
cI
175
2-
SB
D]
j3
^c
gA
?X
16S
.4c
ZH
Ga
F.
Ge
;>
\6
IZ
/Wk
.R:
1VI
WS
/F9
I=
501
^]
ac
1SP
.K2				1994
1]6
/GP
Z.
S^
NV
.W1
.1-
CR
[
.W:
1Fi
.Gc
6IF
.Ee
.-O
2=B
/cc
AU
1Jk
6f
89
ci
.5E
/4Q
VO
;V
8S
.L/
4KI
/5?
[=
.H<
/e7
8X
38
..2
/cV
2?B	Twins
50h
SQ
6AA
/_C
:Gl
.Qi
>gW
8AO
k\O				1995
]MQ				1997
4ET		Music Compo	Virtual Conspiracy	1995
Ce:		Music Editor	Musicline	
.KY
F5G
.8C	Uncle Art
D2
3_A
/Y;
/Ce
2L^
2]f
bd
0i?
[M
hP
0W]
.\U
/_i
2UJ
63R
14
k/
2YP
_\
.e7
c5
40
/12
.3A/			Bangkok Knights	1989
WN1			Formula One Grand Prix	1991
.4-:			Line Of Fire	1990
V:0			Midwinter II-Flames Of Freedom	1991
?f>			Time Scanner	1989
57g		(Dementia~Activision)	Galaxy Force II	
\l2		Ace~Softek~Taito	Soldier Of Light	1988
ZOI		Activision~Argonaut	Afterburner	
DW_		Activision~Foursfield	Ghostbusters 2	1989
7R\
H-`
.2^X		Activision~Foursfield~Sega	Time Scanner	
DQ`		Activision~Sega	Altered Beast	
YS			Power Drift	
2D/		Activision~System 3	Bankok Knights	
9TH		Alternative Software	Duckula 2	1992
6:b		Creative Materials	Line Of Fire	1990
.4Ia			Street Fighter II	1992
j6T			Summer Games	
K.J		Creative Materials~U.S.Gold	E-Swat	1990
<9@		Gametek~Konami	Frontier	1993
L8G		Lucasfilm Games	Night Shift	1990
[U[		MPS Labs~Microprose	Railroad Tycoon	
cX.		Microprose	Formula One Grand Prix	1991
caW		Softek~The Edge	Garfield-Winter's Tale	1989
MG6		System 3	International Karate+	1988
dlG		Taito~The Edge	Darius+	1989
C=3	V0yager
RdD
`A
@@j	Vim
2HY
1O
44:
R>3
\P5				1996
345			Klub Diznee 3	1997
6aG	W!G
<dP
3Yi
1\V
C9X
aL@	Wally Beben		Hawkeye	1988
5gj	Wave		Agony	1990
/Zf
RBk
/Z^
9i1		UBI Soft	Iron Lord	1989
G;I	Wilma	PAL Developments~Virgin Mastertronic	Protector	
MfQ	Wivern
YDl			Klub Diznee 3	1997
hN:	XPeh
2QP	Yelm
:J2
LTJ
IM<	Zenith		Synthetix
2^^
/^A
@P
>2Y
/C5
.-^T	Ziphoid
J_X			Combat Cars
QRV		Music Compo	Icing 95	1995
FGC		Music Editor	Musicline	1994
^;;				1995
AB	Zzzax
6NS
cB
/GK
3B?
0.\
90A
.k6
0WX
YV
/Mj
4XQ
2C<
0j
003
/1
1i4
I5
^@
0Le
.-_f				1989
6/J				1991
dI^
9P\				1992
Pjl			Cloud Intro	1991
.-V			Expressions	1989
6WI
44Z
.UL
R7
1VC
Q2
=9
;\i
.RM
.-D
.M2
A8
I_
.7e
.RQ
Y5
HD
Z>
0j1
0KB
1SE
K0
.E.
SL
2:j
4Ok			Grolsh Party Intro	1990
_.9			Multidemo	
.2aj			Newsflash 14b	
;7f			Newsflash 15B	
CB?			Newsflash 16a	
;=L
2Aj			Newsflash 4	1989
l.:			Opel Kadeath	1990
/2B			Orchestral Delights	1991
/VJ
]gS
/4-
0D:			Rap Is Crap	
/cO
B4
8]
BJ
3Pd
P/
.>`
7^
/SY
.1=
ZD
0OQ
7/2
.hE
1;E
15V
/L;
ID
1RS
Jh
@Q
/^X
1Va
4
6>d
.PM
5XJ			SoundMon	1989
M>
0dj
6_Q
jh
/KQ
Yk
1;A
.SS
02l
0[
26i
2KQ
8-.
1l:
3.F
C.
?`M		Demonware	Exodus 3010	1992
F\J
6VC
5<l
..C/		Ex. Music for Selector	Newsflash 9	1990
Z1:		Made for Exodus 3010		1992
0S;		UGA and 17Bit Compo		1990
UIc
06U
B^[
./1j	marx Marvellous		Pre Flight Check	1995
