J>_		AMIGAfun	Alianator	1991
CGR			Crystal Palace	
D7F
fZ-		ARKTIS	Brain Challenge	1992
5=<		Amiga Fun	Rush Hour	1990
>Id		Atlantis	Apache Flight	1992
7:f		Black Legend	Tower Of Souls	1995
Ohc
1Z:
;\.
/.c
0GN		Brøderbund	Where in Time is Carmen Sandiego?	1990
hf
i8
58Y
>[K
/@3
bY
.G7
/9W
2U.
:aS
2B4
.VD
3d]			Where in the World is Carmen Sandiego?	1989
=c
5XZ
.l.
.8\
58B
1F
/?g
]/
@L
^7
/-Y
Xl
/Ge
15P
37T
.fG
/E<
/V0
2\h
Kc`		Digital Integration	Tornado	1993
2YA
Cb
12j
0f;
KMk		Dinamic	Grand Prix Master	1989
i-P		ECP	Belial	
CS1		Electronic Arts	Aaargh!	1987
@9:		Elite	A Question of Sport	1988
./ZK		Empire	Deathbringer	1991
R6\		Epyx	Destroyer	1987
P1h			Temple of Apshai Trilogy	1986
.b			World Games	1987
6<:
4kQ
9=3
4b.
7K
.^S
2f4
2HR
?dP
34?		Flair	Dangerous Streets	1993
1fI
1UR
/;j
V]a
`A?		Go!	Human Killing Machine	1988
4cN
29N
HIP			Last Duel	
OPI
L[S			Tiger Road	1987
YJO		Grandslam Video	England Championship Special	1991
Q@4		Gremlin Graphics	Plan 9 From Outer Space	1992
G@4
XcQ		Hirmu	Hauki	1995
B]@		Impressions	Striker (Impressions)	1990
R^		Infogrames	Bivouac	1987
@bM
>@E
Aab		Interactivision	Labyrinth	1990
GPZ		Konami	Batman Returns	1993
.C.
2<:			Castlevania	1990
@K
24F
.:N
31-
.YU
;NA
=U\
.Ja
0CA
Gh
1D4
.R<
.FR
<9W		Kunert Soft	Danger-Castle	1989
]A=		Magic Bytes	Beam	
l4/			Domination	1990
@iP			Nightdawn	1989
6i5		Martech	Nigel Mansell's Grand Prix	1988
c\T		MediaGogo	Bomb'X	1993
hMl		Melbourne House	Roadwars	1987
>fb		MicroProse	Knights of the Sky	1991
L:]
85C
13P
.<5		Microdeal	The Karate Kid Part II	1987
M_1		Mindscape International	Overkill	1993
h9e		Neutron Dance	Robocop
=Y@		Nuclear Dezign	Mini Party Intro	1993
=bc		Ocean	España	1992
Q;`
R`S		Psygnosis	Brataccas	1985
JF		Sierra On-Line	King's Quest	1987
IK
3QN
0V`
6RB
16b
/BZ
/AW
66j
1Uf
0L9
Q>
.OI
0ai
1S
1DD
/X2
.W
59H
/--
/=V			Space Quest	
bZ
0F
2ZD
D5
.2^
0]
/AR
ea
.LB
QH
/I-
>I
3PC
I0
F7
.03
R-
0`Q
DY
DB
DJ
FF
[8
0DO
01-
E\
O5
2hN
3@I
00M
0=F
.KM
E3
YB
1RD
I
05N
BE			Space Quest II	1988
;=
1UF
0C2
C9
G=
61
LA
ci
^G
.Ri
.:f
V\
/Jb
_J
^=
.2i
.3]
9[
/M8
0:g
1H_
il
0]/
EJ
27N
1^
3G5
Gf
/Y^
JP
1T
B9
UL
jh
.TH
[I
/A]
.@I
.d=
.e]
/>O
.W6			The Black Cauldron	1987
2T`
41[
13;
=k/
.G[
FK
/68
7Hf
Q2
DI
O5
.A]
.lG
6:S
/bH
.7Y
dA
.]]
FP<			Winnie the Pooh in the Hundred Acre Wood	1986
[d2		Strategic Simulations, Inc.	Questron II	1988
`0.			Roadwar Europa	1987
dM<		Titus	Battlestorm	1991
bIO			Crazy Cars	1987
.-?			Crazy Cars II	1989
:e?			Crazy Cars III	1992
I>			Crime Does Not Pay	1989
00?
6[-
;kk
704
2T9
@^
.T\
1Xh
lD
1J3
:V[
WXb			Dark Century	1990
.V9
T;`			Dick Tracy	
Q2S			Fire & Forget	1988
PdM			Fire & Forget II	1990
O<7
I7J			Galactic Conqueror	1988
:Qk			Knight Force	1990
3GM			Les Aventures de Moktar	1991
Cd^
.T1
3AS
31:
/lP
Wh
2G7
4h>
3K?
._>
Q1F			Off Shore Warrior	1988
[			Titus the Fox	1992
JkI
><d
@J]
.Eh
JC3		U.S. Gold	Crack Down	1990
.15b			Vaxine	
.-Vi		Virgin Games	Shuttle	1991
];>		Weathermine Software	Bubble Gun	1994
U<R		Zeppelin Games	Arcade Trivia Quiz	1991
:X9			Arnie	1992
@WC			Blinky's Scary School	1990
e>O			Graeme Souness Soccer Manager	1992
ISh			Santa's Xmas Caper	
dR
5C1
HK\
[hc			Stack Up	1991
=Of	Adam Fothergill	Rasputin	Base Jumpers	1994
/60
kU			Jetstrike	1993
P6c
9@i
TIR	Adam Gilmore	Impulze	Vector Championship Run	1989
W7G		Zeppelin	Neighbours	1991
FDR			Titanic Blinky	
.67		Zeppelin Games	Arcade Fruit Machine	
5O7			Edd the Duck!	1990
g4_
ZR-			Match of the Day	1992
7=X	Adam Lucas	Codemasters	Captain Dynamo	
.3W
Eic
.2:M	Adam McCrory	Zeppelin Games	American Tag-Team Wrestling	
0lk			Fist Fighter	1993
hSU
3C\	Adam Pracy	Arcane Entertainment	Turbo Trax	1995
0h<
;Pb
2cY
9c`
1IE
?Y;
.2Bd		International Computer Entertainment	Gnome Alone	1991
8@;	Adam Skorupa	Black Legend	Behind the Iron Gate	1995
=MA
>dF		Ego Software	Za Zelazna Brama	
AIH
HAZ		L.K. Avalon	Wacus the Detective	1997
Wb
20?
H.N
1i_	Adrian Cummings	Core Design	Cyberpunks	1993
E>4
2?M
0lP
:/M
1A@
/X=
.@7
0M@
[<			Doodlebug	1992
/1.
4MC
/X[
7LV
5MH
51P
3FG
/H_
7M^
0QK
0W`		Microtec Entertainment	Bug Bash	1990
8`7
5@D
3LZ
4-^
7T=
.P]
7W_
12_
.kl
6@			Nucleus	
88L
.W<
824
1Gh
9CM
0@>
0W7
6ZW
/.<
>Q5		Mutation Software	Castle Kingdoms	1997
9IF
71B
4ZX			Tin Toy Adventure	1996
?<S
4]i
/jZ
7OC
2SO
W<
1>Y
Gc
0^9
10l
7b`			Tommy Gun	
.cf
@Nf
1U[
;KN
_
0SN
.?T
UQ
0>7
0>d
<74	Adrian Waterhouse	Hewson	Netherworld	1989
0Y.	Al Lowe	Sierra On-Line	Donald Duck's Playground	1986
fF
11=
.MB
0GG
2bA
_V
1Q
.Bg
.IU
3-f
bb
6^Z
1.?
/U;
1C-
kU
c0
26l
M5
1Bc
0OF
.=C
._I
1@`			King's Quest II	1987
1Z8
X4
.a2
2-J
/>]
9B
0;Y
11f
H<
.QZ
E]
0g>
.9j
fb
3=`
1B4
0Jf
4
9K=
/D
MG
/QJ
2LB
.>?			Leisure Suit Larry in the Land of the Lounge Lizards	
23@
/B>
08
/9N
2kk
1@K
.:]
/Y?
0RB
.JX
/UO
6a.
.8O
0HG
\4
0BE
.b]
2Bj
UF
2C4
.B]
;6G	Al Mackey	Ed Mackey and Al Mackey	Megaball	1993
1IO
/Ob
NPR
88;
Llc	Alain Da Silva	Ubi Soft	Zombi	1990
=eC
83.	Alain Lambin	Microids	Nicky Boom	1992
:LY
27^
/DU
2\1
2Rl
>]^
.G>
:^J			Nicky Boom II	1993
6K_
/EN
8>-
/i[
1<X	Aleksi Eeben	Renegade	Elfmania	1994
3fS
1E4
0V-
/6
Si
/d3
7;U
DP?
2\>
04T
5>`		Virtual Dreams	Full Moon	1993
=R^
1c9	Alexander Gaiswinkler	Andre Wiethoff	Dynamite Warriors	1994
/.j
=Eh
3N6	Alexandre Ekian	Virgin Games	KGB	1992
DYk
2Dk	Allan Kirkeby	Infogrames	The Ultimate Pinball Quest	1993
.JJ
4-4
;hB
A36
eb
5==
.9]
0./
.Q]
J]
29-
VjU		Interactivision	Naughty Ones (AGA)	1994
BE1	Allan Pedersen	Magic Bytes	The North Sea Inferno	1990
=LM
6-4	Allister Brimble		Super Sonix	
/\b
V5
:k
1C>
3c9
1de
6-2
3>=
X^
/[\
//i
/;?
0KZ
_>
49T
._L
QW3		17BIT	17BIT Intros and Music Disc	1989
F.K
5>S
6XT			Hubbard Music #2	
1jD
6[l
2Xf
4_D
=Y]
530
20S
45[			Sonix Jukebox 14	1988
6X[
/_k
.F<
QR
/BF
.3@
8Xe
.7C
.<a
0NB
.T.
9^B
29;			Sonix Jukebox 17	1989
>dg
0?3
@]7
9f@
.=_
.0D
0Kh
;D
S[T			Sonix Sounds	
=l/
/2-			Superwriter Data Disk	1988
5lO
JdX
5a3
3ML
dk
Lk
./1
<37			The Very Best of Rob Hubbard	1989
9T3
/@j
/W;
.H^
2Fl
1U>
3HL
Ad
^H
2aX
6`=
F?;		Acclaim	Mortal Kombat II	1994
2i6
2]A
._Z
7>1
9Rl
5-
8Y
08?
[f
0jR
:-k		Audiogenic	Bubble and Squeak	
3`B
/1.
5:T
5gM
7aX
k<
0I6
J5			Super Loopz	1995
03X
6C
5a-
K[B
?.
4Eg
3<		Binary Asylum	Zeewolf	1994
2Ql
8/B
8\9
8WN			Zeewolf 2	1995
Bj0
1\:
.0A6		Codemasters	1st Division Manager	1992
..cL			Big Nose the Caveman	1993
\>-			CJ's Elephant Antics	1991
U<i			Fantasy World Dizzy
dL2			Fast Food	1991
>=h			Italy 1990	1990
.gJ
IV[
7C/
./=			Kamikaze	
?Oe			Kwik Snax	1991
^`6			MIG-29 Soviet Fighter	1990
Q<I			Mean Machine	1991
/A-			Miami Chase	1990
1e^			Nitro Boost Challenge	1989
A-.			Pro Boxing Simulator	1991
1;d			Robin Hood	1992
/1^			Rock Star Ate My Hamster	1989
=h\
[TF
/Y/			SAS Combat Simulator	1990
kMB			Seymour goes to Hollywood	1991
D9_			Sky High Stuntman	
;hG
0.\			Slightly Magic	
K0-
=9M
lC`			Spellbound Dizzy	1992
A2g			Spellfire the Sorcerer	1990
=Y=			Super Grand Prix	1991
EjU			Super Seymour Saves the Planet	1992
T7E			The Sword and the Rose	1991
2/h			Treasure Island Dizzy	1989
M<h			Wacky Darts	1990
2=0		Disney	The Lion King	1994
>:9
51X
/.Q
>eS
2[.
0Q\
./g
30c
hQ?		DoMark	Championship Manager '93	1993
JJF		Dragons	Dragons Megademo I	1990
GXD		Europress Software	Dojo Dan	1992
a.
9S^
9X?
16G
;?J		Grandslam	Terry's Big Adventure	1989
E4\
9N8
7J\
<.L			Thunderbirds	
:D\		Image Creations	The Mandelbrot Show	1990
=H@		Interplay	Dungeon Master II	1994
b7
j8
5UF
.TE
0B2
6VY
.Nk
8NC
2I@
4Y`			Star Trek 25th Anniversary	1993
6U<
2K0
2aU
3JU
4ZC
:P
4VV
0C2
=F
0SG
0b
8bf
2`Y			The Lost Vikings	
CG^
/R7
6>
.2O
D;8
3d0
/U?
F;
.P0
/J1
/>.		MicroProse	Colonization	
JG
2T:
.F0
2:T
.g/
R0
1ae
?g
.aP
gl
2K
=J
6G_
0e@
3E@
.DH
0CH
E8
6Yl
.5V
/Ul
.bj
D`]			Fields of Glory	1994
0JU			Impossible Mission 2025	1993
.GX
0=_
29_
/Z@
0EE
26k
/d6
\a
0\S
1h5
//1
.TT
bV
.b-
L[
>:
/U
/VY
__
/S.
1Nc
3J2
0U^
CB
La`			Subwar 2050	
N6=		Ocean	Space Gun	1992
7[5
.S_
1Xd
7GD
.d>		Smart Egg Software	Time Soldier	1989
aG5
2`f
/]4
/1>
.Z1
PJH		Storm	Indy Heat	1992
:aU
9E.			Troddlers	
5l/
Uj		Team17	ATR	1993
1_j
86M
1<\
=>:
1A1
HFD
CM7			Alien Breed	1991
l:
@Ba
6:S
2/b
9A8
.SD			Alien Breed II	1993
V<M
/8E
QiL			Alien Breed Special Edition	1992
/VG
.2c[			Alien Breed: Tower Assault	1994
@BJ			Apache	1993
1>M
RI\
3=6			Arcade Pool	1994
4kJ
VQ3
8^-			Assassin	1992
/M2
.Sc
?F6
>_b
k.R			Assassin Special Edition	1993
7Fl			Body Blows	
..BD			Body Blows (AGA)	1994
7j[			Body Blows Galactic	1993
667
._S
1WN
:M8
3@8
SS
0^I
Ajj			Full Contact	1991
kZ
I=R
1I6
8J5
.-D
103			Overdrive	1993
2\k
YK
.9k
0Wd
;Ig
908
2k?
[\
.Gi
]-
0L_
U/
.EX
6eX
eF			Project-X	1992
.3H
2F0
80D
6;<
2bb
0Xa
3^P
3]b
9K;
0S:
]f9			Project-X (Revised Edition)	1993
3/^
1N			Superfrog	1992
.NZ
59=
WS
7DH
bE
.88
/Eg
.MO
1^W
/.d
8S`
/IB
3-0
.=2
2ZS
5Rj
ZgC		The One	Waggle-O-Mania 2	1994
.0G5			Waggle-O-Mania!!!	1992
.fK		Time Warner Interactive	Primal Rage	1995
./O
/XM
0^a
g/
4VZ
3<H
4>E
]G
1Cj
0Ka
Kf
_e
0FL
.=g
j\
08c
F7
.@V
.-B
/g
2^
1.D
2`
:<5
P57		Virgin Games	Goal!	1993
9=Z			The Incredible Crash Dummies	1994
DD[
fW
3]R
6i2
/lF
.X5
[X
/1g		Virgin Interactive	Mortal Kombat	1993
ACG
7J1
01g
03:
3Hj
656
1Yf
7O			T2: The Arcade Game	
g=
2_;
8>A
A<f
Ab
.WZ
0S?
04J
06O
4IM
j8
0DD
2>9
/Q;
i/R	Anders Hansen	Kefrens	D.A.N.E.	
@i9			Desert Dream	
JD;
4
:W7
@];	Andi McGinty	Grandslam	Nick Faldos Championship Golf	1992
RJY
1A^			Nick Faldos Championship Golf (CD³²)	1994
fX3
9.T		Grandslam Video	Beavers	
13J
029
E6D
6PI
7Ab
/-[
1VW		Ocean	WWF European Rampage Tour	1992
2:b
4PP
9Fi
1Mc
ZB
6;K
;90
5>X
L;
.J?
05g		Virgin	The Simpsons	1993
CWQ
0`F
1VG
3^b
D:L
/^.
Ok
.c4		Virgin Games	McDonaldland	1992
1g0
^8
0;
:3h
9jT
3]E
1@I
7bN
2?f
1G2
K<1	Andre Bescond	Lankhor	G.Nius	1988
COi
N>/			Outzone	1991
6[2	Andre Greve	Rebels	Switchback	1994
3-l
b85
lWE	Andre Wuethrich	Kingsoft	Locomotion (Kingsoft)	1992
I-e		LinEL	Traders	1991
0;d	Andreas Esser	Magic Software	Tip Trick	1990
EW0
.Ii
R09
^ek	Andreas Hommel	Innerprise	Cyberblast	
94G	Andreas Junge	Kingsoft	Missiles Over Xerion	1994
1[9
15N
/_R
Q4U
e^k	Andreas Neumann	Pielago Software	1990	1990
C>V	Andreas Oberdorfer	Neo	Cedric	1995
3/^
4\F
:T[
3Zc
KT;	Andreas Starr	reLINE	Legend of Faerghail	1990
BPM
6H5	Andrew Barnabas	The Sales Curve	Double Dragon III	1991
;@B
:\R
4OR
.1N			SWIV	
.cM
41?
WF\		Virgin Games	Global Gladiators	1993
B=b		Virgin Interactive	Aladdin	1994
GXX
5G			Cool Spot	1993
\HZ
573
0>E	Andrew Drake	Codemasters	The Quest of Agravain	1992
2fR
V9i
<O6		Zeppelin Games	Sink or Swim	1993
E@X
3\H	Andrew Parton	MicroProse	B17 Flying Fortress	
9Rh
A2k
.8J
2a_
FV
2LJ
2W_
64d
.l9
cd
<K
2d?			Civilization	1992
0hY
O6
.kb
2T\
0J/
fG
C.
01-
/]W
/.3
35
.Df
]k
/J0
;V
09R
>E
1Ve
0V.
.X@
1Pl
.fk
26L
62G
EHW	Andrew Rodger	Zeppelin Games	Arnie 2	1993
3VX	Andy Soar	Grandslam	Bump 'n' Burn	1994
:Ka
8Td
F.R
ae
0FZ
4iS		Ruffian Software	Ruffian	1996
;N^
2Y0	Andy Whyte	Psygnosis	Christmas Lemmings 1993	1993
C_E
:@^
23_	Anita Scott	Sierra On-Line	Gold Rush!	1989
4?
.7B
._c
0J>
:k
BH
DB
.C@
1JR
.V]
/-2
/:X
I=
.gh
/:F
1Ig
.AA
C?
.U.
.J.
.YK
1T?
8>
.6Y
/-X
/>0
/6F
V5
.E4
.;Z
./
/?<
1:O
.3
5-
.MA
1BP
5\
2i
AiH	Anthony Crowther	Mindscape	Captain Planet and the Planeteers	1991
1/f
0=K
/Hb
^k
;1
9=[
RCi	Anthony Hicks	Empire	Campaign II	1994
]1
335	Anthony Milas	Acid Software	Guardian	1995
.7?
RUH
KV/			Skidmarks	1993
8`6
?ZJ	Anthony Putson	Electronic Arts	FIFA International Soccer	1994
1iO
4-C
63h
3aD
.0^Y		F1 Licenceware	Aquanaut	1995
/IT	Artur Kaminski	L.K. Avalon	Rajd Przez Polske	1996
A[P
Z8
:;P
9e7
Uj
=K
//E
4MR
.;P
/__	Ashley Hogg	Codemasters	CJ in the USA	1992
M^C
5X[			Spike In Transilvania	1991
JI2		Thalamus	Nobby The Aardvark	1992
kBE	Atheist	Balance	Embryo	1995
..NX	Augenblick	F1 Licenceware	Pucman	1996
3k[	Axel Degwitz	Blue Turtle	Vindex	1989
46l	Axel Melzener	APC & TCP	Jaktar	1995
/8N
.CF
/7g
.8D
2:/
2M:
68L
/a
<@d
4I
/?l
/09
3Qi
06<
3@.
::>	Barry Leitch		Gadget Twins	1991
/<W
=UK
`U
5.@
d`
EHj
WMO		Accolade	Stratego	
1[.
[GB		Artronics	DNA Warrior	1989
WTC		CU Amiga	T.F.X	1997
>Ic
0B@
.];
/U/
CB9		Cosmi Corp.	The President is Missing	1988
.\S		Electronic Arts	Zone Warrior	1991
26O
;<H
9L>
/Ke
.KY
be
50
2AS
/3<
BP
1fC
1/9
/ji
.9S
`/
0:h
27_
3V
.H^
:18		Electronic Zoo	Treasure Trap	1990
aaa
0dX		Enigma Variations	Gilbert	1989
KfR
3CW
1L7
6I5
8P<
Hb
.=4
.f[
9h		Gametek	American Gladiators	1991
G^R			The Humans (CD³²)	1994
PlK		Gremlin	Combo Racer	1990
5fb		Gremlin Graphics	Harlequin	1992
=>c
.VC
.fI
fg
.?G
@G
Z7
0iT
9i>
1fB
2Mk			Hero Quest	1991
6ga
6:7			Impossamole	1990
25G
9`2
6g:
/HQ
2gl			Lotus Turbo Challenge 2	1991
9X^
.Xj
3Y9
fa
4?k
lW
13C
7.O
/4c
/jD
UI
4eN
305			Pegasus	
B>W
8T]			Space Crusade	1992
0ZG
7Al
KWh
/lc
1WL
U4b			Super Cars II	1991
XHL			Suspicious Cargo	
4f8
8R5			Switchblade II	
ba>
0RB
OQY			Utopia	
3G7
1cT
1ON
Bd		Konami	Back to the Future Part III	
DHI
<j_
Bc3
.0C6		MicroProse	Airborne Ranger	1989
3i6			MicroProse Soccer	
09>
78E
.@4
/_V
@<G
0d9
06X
.HP
1S7
@[
1@W
/8S
/80
V=
.]_
k7
FET		Mindscape International	Ultima V	1988
A:D		Mirage	The Humans	1992
:-D
5EU
/=?
1JM
4g\
6HB
1?/		Ocean	European Champions	1993
1b3			Lethal Weapon	1992
5?
0kb
.O1
/l3
8CX
<N5
FL
2QX
8?C
6D[			Universal Monsters	
Kk
;3
KIH
:AI
2;Q
0eU		Virgin Games	Gemini Wing	1989
;GG
.?g
2PQ
1ZB
0_W
25?
ij
74h
2aH
.PX
.1O
.T<
/CT
.KC
21/
939		Virgin Mastertronic	Silk Worm	1988
39Y		Wired	Prophecy I	1990
.aE
.g1
=7
1X>
1g_
?8
VZ
`=
.==
4Uh
43Q
ZN
/b\
0F/
;]
5IS
4j[
.UU
gE
M[
?h
Ob
4NT		Zeppelin Games	Frankenstein	1992
?20
51Z
Fc8
.:@
.UI
2.>
.JZ	Barry Murry	Sierra On-Line	Man Hunter	1989
@?
O-
AP
7C
aj
R@
.Ij
/@W
cP
.A1
?\
J:
/GN
[J
/2Q
.:B
ed
/Gj
.II
1c
/?P
[b
Z.
.>T
74
OF
.a6
.5d
.EW
k6
0dk
.-c
.W[
[W
2i
/A<
@:
5A
2.
b5
/2
YQ
J6
/i9
.h<
3b
Jl
.5
K`
/jg
./T
e4
/7J
.-<
JC
80
.@
=C
K[
ei
/E4
D1
.>l
003
.<2
.Ll				1990
8i
Bc
eF
CU
<j
>g
K7
Y^
@`
Ed
1N
1a
;L
Ia
7X
2D
d\
K9
Fe
4j
5.
V[
/kh
=
@<
0H
<3
.>-
5_
.8A
L>
>1
7E
=W
4Z
hi
5S
Nj
.:<
CH
RV
.7I
.J7
2j
`;
UG
X1
`:
4`
3Y
1G
L9
.[k
DR
LT
4Y
Ml
Fh
2]
.AM
/:
ki
.:E
bc
CG
Ej
<A
.]
:0
[b
.Pl
M6
>-
c]
<6
/=
R[
Fk
.CF
A5
.5@
<_
BR
A[
0P
<e
cO
;K
.1]
d>
4Y
C`
<2
QP
FT
BU
@e
XB
C.
6N
6;
.j
.Ke
.]M
3T
?9
eG
=a
U-
3B
I]
FY
=-
@=
./A
M7
>J
.2Y
G.
5N
05
2H
l0
RM
8H
PQ
JZ
B6
E2
9^
/KK
3G
Qg
ER
=/
8X
gN4	Beanius	Domination	Dentro II	1995
bEJ	Ben Chanter	Ocean	Alien Breed 3D 2	1996
0.]
GM3	Ben Daglish	Actionware	Prison	1989
/YU		Activision	Dynamite Düx	
[Kb			Hot Rod	1990
KFQ		Core Design	Corporation	
eUK		Firebird	Action Fighter	1989
hR
cC			Rick Dangerous	
.jF
1b@
.0OV		Go!	Wizard Warz	1987
7d2		Grandslam	Chubby Gristle	1988
.-0a			Pac-Mania	
.NY			Terramex	1987
K\R			The Flintstones	1988
5B`		Grandslam Entertainment	Saint & Greavsie	1989
.15H		Gremlin Graphics	3D Galax	
./PF			Artura	1988
O-b			Axel's Magic Hammer	1990
=`D
=]N			Butcher Hill	1989
fG
K6E
3f9
J]e			Dark Fusion	
bBN			Deflektor	1988
101			Federation of Free Traders	1990
Dg
>N
/C2
/J9
2Le
>R-
8ja
.TU
>_2
0-E
/8h
.1e
;\			Footballer of the Year 2	1989
]hX
I@i			Gary Lineker's Hot-Shot!	1990
5XC			Greg Norman's Ultimate Golf	
VcS			H.A.T.E	1989
9[3			John Lowe's Ultimate Darts	1988
AOP			Mickey Mouse	
<\j
i7<			Skidz	1990
g?
18S			Super Cars	
]0			Super Scramble Simulator	1989
hj6
g=Q			Switchblade	
G;Z		Image Works	Blasteroids	1987
0T-
BRX			Passing Shot	1988
..@1		Microstyle	Rick Dangerous 2	1990
LN_		U.S. Gold	Heroes of the Lance	1988
/DS		Virgin Games	Motörhead	1992
kZ
EW=
9R;
\f[		Virgin Mastertronic	Continental Circus	1989
2=1			Monty Python's Flying Circus	1990
OCK	Bent Nielsen	21st Century Entertainment	Deliverance	1992
Al3			Nebulus 2	1991
7:=
2e^
/=I
/EQ
j4
577
.XM
.fK
3/a
/cU
;4`	Bernhard Koehler	Tale	Astatin	1992
Ih1
gHI	Betrayer	Trash	Dr Mario	
fJM	Bill Williams	Cinemaware	Sinbad and the Throne of the Falcon	1987
8Tg		Commodore	Mindwalker	1986
Id^
?-a		Mandarin	Pioneer Plague	1988
8[P		Mindscape	The King Of Chicago	1987
SBU
M7_		U.S. Gold	Knights of the Crystallion	1990
:UG	Bjorn Lynne		Airline	1993
0Pg
/R<
S^;
/BL			Kasei Vallis	
79U
E=/
/Ql
9R@
0R1
:5@
E_
?-j			Shanghai	
9<V
6bF
4B6
?QF
/hh
.]<		Centaur Software	Fantastic Voyage	1991
=b-
/8]
GVH
/eR
/j[
8CA		Digital Magic Software	Drivin' Force	1990
.YI
5HK
4F>
/Wj
8P
MD=			Escape from Colditz	
AP
8HQ
Ih6		Image Works	Brat	1991
.l`
S20		Ocean	Worms	1997
.1;b		Public Domain	Super Obliteration	1993
CN@		Software 2000	Cubulus	1991
4k]
.`F
4@8
3G\
4L5
<6W
8bL		Team17	Alien Breed 3D	1995
8a0
84W
KZ/
7PU			Final Over	
=>1
.4L			Project-X	1992
=cb
;`			Qwak	1993
17g
3YT
\c
1KB
/F0
57T
4`O
?F1
5eh
1C4	Blair Zuppicich	Acid	Roadkill	1994
3a?
PWM
<S9
9MT		Acid Software	Zombie Apocalypse II	
.UO		Art Software	Sirius7	1990
DY0
8Zb
Kk5
QK		Kompart	Woodys World	1993
1T[
5_=
.E5
K@
1-f
/?0
3kC
/3\
0\:
>5
1-L
UI
40e
.GT
3;d
54
.Z1
59		Mindscape	Seek & Destroy	
8dj
71-
2LC
.c8
4k`
.77
8H.
=/E		Vision Software	Cybernetix	1992
R`	Bob Lindstrom	Cinemaware	Rocket Ranger	1988
5B6
672
0;=
3R\
6l^
bI
D.
h:
?K
69A
.EY
5=
/d6
2;4
5Fh
?Cg		Mirrorsoft	TV Sports: Football	
R>
0;\
JDW
3aZ
2k_
aK1	Brad Dahl	Mastertronic	Ninja Mission	1987
;B7	Braindead	Brainless Coders	Liquid Bilberries	1995
EXe	Brian Howarth	Mirrorsoft	TV Sports: Boxing	1991
3Ne	Brian Johnston	Psygnosis	Hired Guns	1993
@l
.g8
0/.
4:^
]^
7l=
>14
8M
0iG
1ek
3>b			Lemmings 2	
jF
.Q/
2P`
/Rh
/Q8
f0
2_P
?c
>;V
1gM
3Ie
1h8
1-8
h.			Oh No! More Lemmings	1991
?=7
/Kd
JTk
0D_
1_V
6.E	Brian Marshall		Second Samurai	1993
KZV
7g`
.ia
/jI
1EO
35R
6ZR		Ubi Soft	Street Racer	1997
.ST
.\C
>C4
D.
Bl2
0iQ
QT
3Ga
/1<
:[
_K]	Bruno Blanchet	Silmarils	Le Fetiche Maya	1989
.T-	Carsten Reinke	Magic Soft	Slabs	1990
0iV
.hU	Charles Callet	Infogrames	Bob Morane	1988
EAZ
H7b
2Q;
4eC
..N
^[2		Millennium	Horror Zombies from the Crypt	1991
.0j=		Sierra	Sierra Soccer	1994
Yi
GBS	Charles Deenen	21st Century Entertainment	Rubicon	1992
NGE
.hB		Amiga Fun	Mysterious Worlds	1990
25N
.63
C-3
0[9
6VZ
..K
1]L
./FO		Electronic Arts	J.R.R. Tolkien's The Lord of the Rings	1991
/gi
/U/		Hewson	Insects in Space	1990
@?\
WAA
6eh		Interplay	Battle Chess II	1991
/j0
7]B			Dragon Wars	1990
6SC
2KP
AbM
.bR		Interplay Productions	Castles II (CD³²)	1993
1HE
/7F
4/Z
.1Z
2-^
80
/1N
1i8
34R
.E5
/99
3T.
=8G
.Q-
l6=		Razor 1911	Habitual Novelty	1990
e^R		System 3	Flimbo's Quest	
Il8			Tusker	
B>a
36P		Ubi Soft	Unreal	
:HF
1S>
6Cf
/[7
2c:
Hc3
IA	Chris Barker	Virgin Mastertronic	Spirit of Excalibur	
0GB
eZ
.TZ
1>?
1<7
WB
0V?
2/
3B.
._b
0BM
.@T
/LY
0h^
LI
8L
?
0B
6_N
/2b
.9[
/hU
0i_
.8Y
TC
>Y^	Chris Crowther	Mindscape	Captive	
:jF	Chris Denman	Energize	1000cc Turbo	
^6M
?Fe			Cyber Cop	1991
EQ-
BSU
P:M		Impressions	Air Bucks	1992
i]h			Air Bucks v1.2	1993
Vjl		Ocean	Cool World	1992
>b;		Renegade	International Sensible Soccer	1994
6Eg
/[5	Chris Glaister	Ocean	Lost Patrol	1991
E>G
96L
J7i	Chris Grigg	Epyx	4x4 Off-Road Racing	1988
3/@			California Games	
C;Z
.g0
iI
XY
1CX
1gN
CN
.74
9gC
^>
6bU
.N8
BIY			Impossible Mission II	
3gR		Lucasfilm Games	Maniac Mansion	
I4a
e\Z	Chris Huelsbeck	Electric Dreams	R-Type	1989
/QH		Global Software	Gem'X	1991
8=K
9;e		Golden Goblins	Circus Attractions	1989
4d[
L?@			Grand Monster Slam	
?Th
/BT		Ikarion	Caribbean Disaster	1996
0AE
5^_
9E
=R[
j<
1dI
0Di
/Y?
9G
4S?
0EB
V:
6X.
1A/			Mad News	1995
=>S
6e1
.F6
8Bi
05=
.5k		Kaiko	Apidya	1992
7V7
0K^
4R_
9W9
:04
4W?
5B[
QJW		Kingsoft	Bug Bomber	1991
4Pf		Loriciel	Jim Power in "Mutant Planet"	1992
Ic
1lY
33K
THk
/1W
1-Z
dDL		Lucasfilm Games	The Secret of Monkey Island	1990
Xa[		New Bits On The RAM	Metal Law	1992
Q]W			The Adventures of Quik & Silva	1991
5^>
>66		Psygnosis	The Carl Lewis Challenge	1992
`=K
8;G		Rainbow Arts	Apprentice	1990
51Q
;.8
@gh
37h
5kF
8Hk			Danger Freak	1988
5QU			M.U.D.S.	1990
AS
BUT
:;
AX>
9hF			Masterblazer	
.O@
2-U
0N4
DiJ
1_`
1Q1
1Ih			Rock 'n Roll	1989
7;T
=DF
;;T
@g
2<j
/YU
2;e
3IV
[1
QHi			Turrican	1990
1eg
Qj
/ck
9Hh
0_:
4i
Fc
.34			Turrican II	1991
.H?
9f<
/H`
7./
<^\
24@
:b>
4Y5
7NY			X-Out	1990
/]7
9D2
/j6
1a7
.=i
.NB
0-h
.a8
I=
/Cg
/Z/
:7H
..gQ			Z-Out	
/PJ		Renegade	Turrican 3	1993
/N8
/:@
NPC
0:Y
C
3]d
31`		Ubi Soft	Battle Isle	1991
=Rg		reLINE	Hard 'n' Heavy	1989
_KO
75E			Hollywood Poker Pro	
QCf
.O[	Chris Korte	Software 2000	Death or Glory	1994
/Tl
/9B
09W
/65
Fb`
/LK
9K.
6E\
3aS	Chris Link	Starbyte	Soul Crystal	1992
21I
.UC
jP
6ed
.f
4b
7M
.4Y
13Z
.-Z
2k^
2L
7X9
.>9
36Y
5G0
/_.
3HS	Chris Scudds	DoMark	Hydra	1991
G0\		Image Works	Cisco Heat	
=?F		Ocean	Chase H.Q. II	1990
Ec@	Chris Stone	ReadySoft	Dragon's Lair Demo	1987
QGL			Space Ace Demo	1989
9hG
JT/	Christer Enfors	Online PD	Bratwurst	1995
kYE	Christian Alexandre	Skarla	Atome	1996
12h	Christian Bjoerklund	21st Century Entertainment	Slam Tilt	
2G8
0[i
[_
6.d
.Q-
.4]
2N\
5g.
5j0
L>
3IR
K@
/DW	Christian Blaha	Public Domain	Aztec Challenge	1993
HD
EF<
1g9
/ae
0[I
0U\
5/2
1J-
0Ci
/\U			Bagitman	1992
1X:
d6N
R0.			Donkey Kong	
.><
4eR
B2A
0E			Frantic Freddie	1990
.b5
@-
/N@
0;0
JAN
.Ch
/I9
4d-
5Vg
3aj
V`
aHA			Pharaohs Curse	
/VW			The Real Popeye	1993
3SB
EE
5.G
0VB
5:4
2d
.TY
2Sj
3Z9
1gT
.^2
8JT
14H
8UZ	Christian Fruergaard	Magic Bytes	Eskimo Games	1989
.gg
0>
/C;
Ea9
B\M
0j
.P[	Christian Haupt	Sphinx Software	Intact	
Q?l
YbN	Christian Webber	Starbyte	Clown-O-Mania	
NEf			Crime Time	1990
CGK	Christof Muehlan	The Electronic Knights	Rampage	1994
=8V
1T>	Christophe Fevre	Titus	Prehistorik	1991
2V`
:@2
3ID
9_V
3[9
62`
2=N
3=k
7kW			The Blues Brothers	
0?J
/JI
6AT
2R/	Christopher Felice	Dark Unicorn	It's the Pits	1995
PS1
54N
/P;
5VE
0LW
1bb
05D	Claude Abromont	Activision	Bush Buck	1991
60
/=6
1@D
>h
E.
0bG
0M6
R.
24?
\J
.N7
2`M
3^`
3=3
6?a
2lM
A0
/Rj
/AO
OP
V4
.\<
fG8		Microids	Eagle's Rider	
:AE			Killerball	
VdO			Sliders	1990
F_R	Clay Hellman	Psycon Software	Cybershere PLUS	1995
_R	Clemens Helbock	Neo	The Clue!	1994
/4l
2F^
./k
.TL
4SO
/<H
0-K
/XW
1
1DB
/dc
6V
2=D
/lE
/OR
3PV
2^R
/:U
9_
/;^
/Z;
k			Whale's Voyage II	1995
:UQ
_I
1;1
^l
@5L
/:M
.Cg
/M/
6ZW
3N5
/`1
.EA
Bl
S3V	Craig White	Virgin	Apocalypse	1993
8eY	Creative Thought	Codemasters	Pub Trivia Simulator	1989
2h9	Cyril Trevoan	Microids	Super Ski II	1992
.HH
>6g
>jP
B;>
?Wc	DJ Braincrack	AMIGAfun	Crazy Sue II	
BC<
:M/
/8:
0h4
6_h
5?g		Hironymus Jumpshoe	Crazy Sue	1991
=_8
.ZJ
1b=
1?/
32i
0iK
;D7
O`B	Daevid Peel	Rage Software	Striker (Rage)	1992
.ER
UgB	Dan Bjon	CyberArts	Watch Tower	1995
16E
37V
Li
.CR
D:[	Dan Gorlin	Brøderbund	Typhoon Thompson in Search for the Sea Child	1989
1<]	Dan Latarski	Dynamix	Stellar 7	1991
4NS
6LR
/dT
eg
1.4
2Y0
:al
4iM
4Rj
2`0
2;3	Daniel Mauro	Millennium	Vital Light	1995
1ZX
/fD
6H/
1eZ
;J5
0aA
38B
;@0
GF	Daniel Pudenz	Defcom	Arena	1992
=Y1
5@a	Daniel Schlichtholz	Magic Bytes	The Second World	1990
6PV
1fc
/UA
:FD
0Ci
3bW	Daniele Bonvicini	Idea	Crazy Seasons	1992
@=5
.<\
Q<;
>aR	Danny Burke	Team17	Body Blows	1993
.->
63
0-0
06
7WD
<b5
9QE
/P5
2-@
.-hD			Body Blows (AGA)	1994
;L_	Darius Zendeh	Electric Dreams	R-Type	1989
4WZ
/;2
103
7Pk
03J
.jO
1lb
6[/
2=d
6/c		Kingsoft	Crash & Burn	
4dj		Rainbow Arts	Denaris	1988
6FS
W]T
51a
TPb		Red Sector Inc.	Red Sector Megademo	1989
8@7	Darren Ithell	Codemasters	Dizzy Panic	1992
4<f
.RB
:W`
PS3
L-`			Steg the Slug	
6MN
1=@
U8
4^:
3PB
/2:		Image Works	Flip-it & Magnose	1990
>I.
00M
4ig
4Pd
B\Q
6IY
<;	Darren Wood	Psygnosis	X-IT	1994
0E9
?ce
ZB
E`V
38D
30B
.E7
.A2
<4b	Darryl Sloan	Applaud Software Ltd	Blockhead II	1998
YDX
Wd<	Dave Gibbons	International Computer Entertainment	Fire Force	1992
6UJ	Dave Hasler	Accolade	Elvira	1990
7W5
0Q.
7eY
.kP
?:B
10[
fi=	Dave Kelly	DoMark	Dragon Spirit	1989
75_
Ih?			Star Wars	1988
d5Q	Dave Llewellyn	Pink Pig software	Blob Kombat	1995
\;/	Dave Lowe	ACE	Soldier of Light	1988
1ae		Activision	After Burner (88)	
Tl8
D9j			Altered Beast	1989
.]9
5/=			Galaxy Force II	
D?f			Ghostbusters II	
7Gg
GQJ
Y2			Power Drift	
.1W6			Time Scanner	
9GF		Alternative Software	Count Duckula 2	1992
6O[		Electric Dreams	ISS	1988
4?3		HiTec Software	Black Hornet	1991
7>5		Konami	Frontier	1993
/Yf
.kP
KXR		Lucasfilm Games	Night Shift	1989
e7W		MicroProse	F-15 Strike Eagle II	1991
kb			MicroProse Formula One Grand Prix	
a>b
N\
UP1			Midwinter II	
V8I			Railroad Tycoon	1990
1ZX
:fY		Rainbird	Betrayal	
bNf
3?B			Carrier Command	1988
A/5			Starglider	1987
Yec
..Ig		Rainbow Arts	Conqueror	1990
5RA		Sierra	King's Quest VI	1994
;/=
.df
:7N
2.i
8De
1>F
21>
0K
2>G		System 3	Bangkok Knights	1988
`\V
97g
Lf=			IK+	
1O_
2Ja
2I7		Thalamus	Summer Camp	1991
d2A		The Edge	Darius+	1989
2.S
bhe			Garfield	
46@			Raffles	
bM:		U.S. Gold	California Games II	1992
JP9			ESWAT	1990
61;			Line of Fire	
.3@L			Street Fighter II	1992
i7U			Summer Games	
/`Q			Super Street Fighter II	1995
.K2
1/S
1<7
CZ
@>
Q]
/Df
/9>
;>>
/=l
/_J
0QR
45k
.`1
0U8
]9
.eO			The Games	1988
.iE
3Xe
9I
;WE
2gY
.Q]
6KG
620
9Z>
2CK
]1W			Turbo Out Run	1989
?1@		Virgin Interactive	Beneath a Steel Sky	1994
V4>
.\0			Beneath a Steel Sky (CD³²)	
1XX
/]0
2GM
570
.O;
0G3
<I
3-2
0lC
2:7
26_
0[>
1L[
7CK
=9J	Dave Warhol	Electronic Arts	Earl Weaver Baseball	1987
GS4			F/A-18 Interceptor	1988
Jid			Return To Atlantis	
1Mc			Sky Fox II	
d@Q			Stuart Smith's Adventure Construction Set	1986
DDd			Swords of Twilight	1989
=/]			The Bard's Tale	1986
9Ph			The Bard's Tale II	1988
:_k		Interplay	Neuromancer	1989
kR5		Lucasfilm Games	Indiana Jones and the Last Crusade	
e>\			Loom	1990
:-X	David Cusick	Graham Dean	MooseDrive	1993
5/i
2C]
6[N
MN?
/0E	David Fernandes	Ubi Soft	Starush	1991
6_9
;=c
Ba6
=E/	David Hanlon	Palace Software	Dragons Breath	1990
4?9
/Y>
C<
16B
.O6
Qb
0\/
9j6
5kj
0@J
17k
;aG	David Hanney	Head-On Developments	Tearaway Thomas	1992
0DE
/N2
4fB
0jN
5YG
/?h
@4Q
NIU	David Joiner	MicroIllusions	Discovery	1986
PUW			The Faery Tale Adventure	
7fh
=9I
H=	David Schroeder	Melbourne House	War in Middle Earth	1988
1.Z
/Sj
2\2
/H1
.-V
1I;
.IK
/SF
DB
a`
4/[
0//
4.\
.Fj
/A\
/TU
2E?
.^]
4D?
1N_
.PT
XkS	David Whittaker	ACE	Alien Syndrome	1987
I\;		Activision	Super Wonder Boy in Monster Land	1989
AN?			The Real Ghostbusters	1988
PFa		Arcadia Systems	Sidewinder	
VAZ		Audiogenic	Emlyn Hughes Arcade Quiz	1990
aG3			Emlyn Hughes International Soccer	1989
F\B			Graham Gooch World Class Cricket	1993
J5:			Super League Manager	1995
B-T
.3Fk			World Class Rugby	1991
O8P			Wreckers	
EH]
[lK		Britannica Software	Eye of Horus	1989
fO^		CDS	Sporting Triangles	
F6P		Codemasters	BMX Simulator	1988
gGF		Creative	Stormtrooper	
Y_T		DoMark	APB (All Points Bulletin)	1989
lhe			Licence to Kill	
9;@			Spitting Image	1988
2NQ			Star Wars	
.-Y1		Electric Dreams	Millennium 2.2	1989
feS		Elite	Beyond the Ice Palace	1988
.1_:			Dogs of War	1989
EYU			Thundercats	1988
.1Mg			Wanderer 3D	
[@P		Empire	Gazza II	1990
;Ek		English Software	Leviathan	1987
J4@		Epyx	Chip's Challenge	1990
XFV			Snow Strike	
96e		Firebird	Bubble Bobble	1988
JB3			Pandora	
>>h			Return to Genesis	
3kb			The Sentinel	1987
RM^		Grandslam	The Hunt for Red October	
=aB		Hewson	Custodian	1988
jN_		Image Works	Back to the Future Part II	1990
b44			Speedball	1988
.Cb			Xenon 2	1989
cN
D9@		Imagine	Army Moves	1987
Vg]		Impressions	Renaissance 1	1990
Ih:		Konami	The Killing Cloud	1991
<H3
C0k
R7b		Logotron	Quadralien	1988
`MS		Logotron Entertainment	Archipelagos	1989
gNe			Bad Company	1990
@]B		Maelstrom	Grimblood	1989
?=D		Mastertronic	Kikstart II	1987
2eb		Melbourne House	Xenon	1988
eB8		Micro Style	International Soccer Challenge	1989
KCi		MicroProse	Fire and Brimstone	1990
3:T
5F^			Gunship 2000	1993
FfE		Microdeal	Fright Night	1988
.2_e			Leatherneck	
cPA		Millennium	Cloud Kingdoms	1990
.0JN			Kid Gloves	
./V3		Mindscape	Alfred Chicken	1993
<]A			Loopz	1990
]-]		Mindscape International	Days of Thunder	
;hk		Mirrorsoft	Tetris	1987
VQ`		Ocean	Platoon	1988
6S			Total Recall	1990
8D-
04d
W[
DBX
2Dg
LTQ		Palace Software	Cosmic Pirate	1989
JP5		Prism Leisure	Star-Blaze	
l.S		Psygnosis	Aquaventura	1992
ZKd			Chrono Quest	1988
11U			Menace	
2;G			Obliterator	
6CD
36R			Shadow of the Beast	1989
TOe
3<<
2[N
2.>
36d
:O_		Rainbird	Carrier Command	1988
M@5			Weird Dreams	1989
[BO		ReadySoft	Wrath of the Demon	1990
0@5		Scoopex	Beast Sonix	
CEY
.D5
U6b		Screen 7	Crossbow	1989
3`
F=<			Jaws	
YhE		Telecomsoft	Space Cutter	1988
0Fj		The Edge	Garfield "Big, Fat, Hairy Deal"	
`@=
\VI			Snoopy and Peanuts	1989
l=j		Tynesoft	Buffalo Bill's Rodeo Games	
./A8		U.S. Gold	Road Blasters	1988
638			The Gold of the Aztecs	1990
/b9
>-2
.0/
1CC
0@
.gP		Ubi Soft	Jupiter's Masterdrive	
.<W
`Sb
c8i		Virgin	Krusty's Super Fun House	1992
PMk		Virgin Mastertronic	Dan Dare III	1990
U?T			Golden Axe	
l2`	David Yapp	Empire Software	Volfied	1991
02Z	Dean Evans	Ocean	Hook	
50N
/FU
/JG
147
WV
EC
0O\
6JA
8J7
03I
X7
/kW
2.B
2<E
E;
26L
2Y^			Jurassic Park	1993
.AD
/Fd
/4A
/]^
4]Q
0X?
2\5
WG
.7Q
1Oj
/QA
AZ
4-R
0G4
@h
/9^
9TE
Og
7F_			One Step Beyond	
0[[
1[?
.6l
6IJ
0]c
7h
08;
5`D
7M`
8UH
Rh
2CR			Terminator II	1991
=b5
LT4
8/4
7FC	Denes Nagy	Vortex Design	Wendetta 2175	1995
.PD
/d8
9c
.8L
.4U
2WB
>6
.4g
362
00c
/aL
1];
.VO
6IK
/RG
.a9
B6
NZ
.@^
g]
4CT
N2
?Wj	Didier Ast	Public Domain	Impérial	1998
KRN
C4S	Diethard Pabel	Magic Soft	Think Twice	1991
AG>	Digital Masters	International Computer Entertainment	Mean Arenas	1994
7ZL
6-U	Dimmen Gestel	Public Domain	Zitrax	1988
DWV	Dirk Bialluch	Boeder Software	Time Lock	1993
7JZ
.<Z
0aD
0BL
iK
YS	Dirk Magerkord	Computerpartner T&S GmbH	Einmal Kanzler sein	1991
6U
/gV
.aX
W2
A1
38
4[
fe
19
@i
MY
.XM
h=
b2
.\Q
KW
W
KR
Z`
D
]6
.5U
0M
>^
TA
Pi
/h5
.0H
.83
JZ
.Ga
R\
Qj
.2j
.<U
.\h
.H
ih
//.
7Q
3^
/6P
;g
`2
2k
IL
>A
JR
/-D
fY
.1l
.2T
3\
2j
S3
IA
@A
.-?
ZC
Q3
BA
.P^
3f
4J
RU
4Z
Q
/G.
eO
.^I
]
.dW
.HW
.0:
.0Z
./6
]T
N5
eI
:-
ST
..0
.V
=N
=l
.Dg
\S
WB
L_
.-UG		Demonware	P.P. Hammer and His Pneumatic Weapon	
0-d
B<D		Micropartner	Gunshoot	1988
ZlS		Traveling Bits	Brainball	1991
[ON	Don Howard	System 3	Myth	1992
@[/
2`/	Don Whitaker	Summit Software	Galactic Warrior Rats	
Y3E
3M5
/_4	Doug Boari	Hawk	The Executioner	1991
FRL
JL
TCE
C<P	Douglas Fulton	Electronic Arts	The Immortal	1990
2\c			Will Harvey's Zany Golf	1988
F.`	Drift	Cydonia	Models Inc	1994
23D			Red Planet	
32.
/5D	E Cangini	Simulmondo	Football Champ	1991
82?
lG;	Edvin Fladen	Public Domain	The Ultimate Game Boy Simulator	1992
`0
Q-H	Eike Steffen	Red Sector Inc.	CeBIT'90	1990
@cY			Follow Me	
2Qg			Red Sector Megademo	1989
Y\;
9Y6
Be=		Ubi Soft	Dyna Blaster	1991
=3/
h5V	Eldridge	Millennium	Warlock the Avenger	1990
33.	Eric Gieseke	Dark Unicorn Productions	Scorched Tanks	1995
TlB
5Y3	Erik Lyden	Quirk	Nostalgic Reflection	1996
@D[
PI	Evens Salies	Infomedia	Explora III	1990
7Pg
=>-
.RP
.Ii
.jf
7_/
C^7
[Zl	Fabian Rosenschein	Magic Bytes	Pink Panther	1988
Ef\	Fabio Barzagli	PXL	T-ZERO	1999
0Ye
Abc
3E2
RT	Fabio Cicciarello	Gremlin Interactive	Shadow Fighter	1994
3V0
2FW
VF
/cU
84i
0J]
A8R
.ES
TB
/Q/
LJ
6K\
15M
K-]	Fabrice Hautecloque	Silmarils	Boston Bomb Club	1991
5BK
@X?
.kG
Mi?			Colorado	1990
fi0			Crystals of Arborea	
:[h			Ishar	1992
513			Metal Mutant	1991
;eS			Starblade	1990
2lc			Storm Master	1991
CP	Fabrice Visserot	Ubi Soft	Puffy's Saga	1989
\R@	Felix Schmidt	21st Century Entertainment	Nebulus 2	1991
=4A	Filippo Vela		Agricola	1993
3a:
97I
.7?
3_@
Cgd
_RD	Flemming Sondergaard	IRIS	Exoticons	2001
:fG	Florian Strauch	Magic Soft	Ice Runner	1991
ZY]
5KO	Frame	Zymosis	WC goes to WC	1995
@S5	Frank Lautensack	AMIGAfun	Lethal Zone	1991
:^i
K;N
0GU
IbV		Boeder Software	Dimo's Quest	1993
0kd
8<A
5VA
9XV
\-
<5i	Frank Zielen	Greenwood	Mag!!!	1996
1X]
.:N
;dV
2F_
6gj
ITL	Fred Gray	Firebird	Black Lamp	1988
V?g
8gj		Imagine	Victory Road	
a:6
7N:		Logotron	Star Goose!	
2Ve
I;O
;-`		Ocean	Eco	1987
Q@J
./dX	Frederic Bouquerel	Exponentia	Adrenalynn	1991
0J]
KHK	Frederic Hahn	Hewson	Cybernoid II	1989
KUe		Ubi Soft	Ilyad	
IK_	Frederic Mentzen	Infogrames	Alpha Waves	1990
g2.	Frederic Motte	Coktel Vision	Abracadabra	1991
hc@			Cougar Force	1990
i<.			Fascination	1991
TG/			Galactic Empire	1990
TkH			Geisha	
.-Qe			Gobliiins	1991
Sbl			No Exit	1990
OSH		Dragons	Dragons Megademo I	
6eB
4gA
D2e		Loriciel	Paragliding	1991
/XM
0_2
.6Y
9]
1@]
2hT
95a
4ES
1]R
JHU			Tiny Skweeks	1992
N2R
.4M		Mindscape	Fury of the Furries	1993
/S6
.j5
/Fj
18A
/Ub
fK
5X@
`W
1id
/UJ
/Y5
/N<
1h
.]P
1PT
KH
=?@
/_]
1P0
.^;
DFV		Sanity	Arte	
GGh
?QZ
6[/	Frederic Prados	Titus	Lamborghini American Challenge	1994
Iih
=b:	Frederik Hansen	Rednex	Emptyhead	1993
MBY
Ek;	G Assenmacher	Kingsoft	Gotcha!	1990
;C\	G Wheaton	Shapeshifters	Quest for Galaxia	1993
B9_
.b8	Gary Biasillo	Hewson	Slayer	1989
B=j
d39			Steel	
.:Q	Gary Gilbertson	Datasoft	Alternate Reality	1988
77b
4B?
6H2
/;?
4Q\
P:
2l6
.?E
eU
4bJ
JG
2\.
1?H
<LC	Gary Knight	Hewson	Cybernoid	
54F	Gazzoldi Rene	Micromania	Blue Boy	1992
2M>
=3O
.AG
F3K	Geoff Phillips	Wicked Software	Spy vs Spy	1989
<M^
1e<
.3@	George Dragon	Black Legend	Fatman	1993
h;
.1F
/<^
.]Q
.e/
0^O
.`-
DeS
7=A
::
1lj
04B
2Xl
06h
7;e		Electronic Zoo	Abandoned Places	1992
1aH
2C]
3??
TZ
ad
/\[
.?1
3IK
5.h
.UU
232
07P
][
0>/
/NQ
0^_
l2
[;g		Gametek	Super Street Fighter II Turbo	1995
I_?	George Essl	Dragons	Dragons Megademo I	1990
<J5
B5I	George Wilkons	Gonzo Games	Brides of Dracula	1991
/-C
CY?	Gerard Gourley	Codemasters	Crystal Kingdom Dizzy	1993
.-Z
2@6
.YC
4bY
8X>
5di	Gerardo Iula	Idea	F1 GP Circuits	1991
TA
/?7
AHH
0C]
9ka	Gerrit Wille	Night Owl Design	Solid Gold	2013
27d
;3U
02/
7KX
/Ef
:WV
4Md	Gian Luca Gaiba	Simulmondo	3D World Boxing	1992
2=9
LbH
3M3
3Qd			3D World Soccer	
1?
/hB
XU
6\\
1BT
0_
2>2
0hZ
VD
1-O
.DN
26>
1AW
@/
:?U
.30
0AJ
.f`
./K
6FI			3D World Tennis	
1b:
;LA
4^P
_=			Diabolik	1993
1VS
4a
0a
JU
K>
cG
@k
;
:i
hJ
F[
YD
C7
/5e
hA
/a
.LR
D3
6P
H0
`K
aF
.?M
/0H
C9
96
.SE
:V
/[
.R7
66
XD
.0
G0
.7e
//e
.Fl
3I
;Q
]K
FC
f`
3?
J9
/2/
1^
.Eg
.g7
9^
T.
SU
2H
.X=
da
i<
iC
dH
2H
..P
E6
0g[
H=
/>d
WJ
.Ac
S-
D@
UQ
1_
.-]
/Z=
h1
.1M
]B
@C
MP
>Z
/H
]3
B5
/77
9E
:C
4M
MH
1_:			Dylan Dog	
.WF
j.
IR
.;W
1J4
=4
1\L
<i
^E
.5C
X_
1B\
kF
.K9
.Fc
1KA
03:
.//
/]6
F6
/bY
KT
3@]
@Z
@S
HI
Va
.1d
6l
0gF
<c
/ZE
.5d
<2
QW
KB
0EO
/NW
[V			Spider-Man	
9HB
E<T
Vd
.08
3FC
.<0
/13
8h@
1A<
07j
/iI				1994
=DB
Ig
1K?
3-O
0;1
>C
Dc
;A\
415
L
.5a
5Oj
.1K			Time Runners	1993
/k?
/O;
88
.GZ
3l
.W3
iX
F`
Se
^Q
lM
.hC
bC
^i
.=?
/@g
Vh
.kd
[<
=c
^j
.=:
GZ
If
8j
.6R
1V1
05>
G:
0KH
4a
<L
.G7
4_
/P8
OO
Z8
/A6
/3W
E5
./7
0Q0
/jT
.I`
/3h
1cF
/?e
?.
FZ
/;				1994
\A
T4
1C
V_
Gi
.EG
WB
Jl
6;
bE
/\
.KK
.Qk
.7F
VD
87
08<
4>
.L
VE
W2
.da
6\
/dZ
0b
/e
43
/.T
80
Aj
L=
.1Y
0W.
G^
Y2
P<
[X
.`U
5I
.ek
.Hk
.>I
Xf
f?
.[
O0
.2B
Mf
JF
88
3b
3Q
>O
79
P
<^
ID
.1e
.AG
/`=
G/
ZI
.`e
1AU
?-
.Ua
/G6
.[S
.0A
/g
H:
/cN
.0
.Kh
7/
9T
61/	Gianluca Rotondo	Idea	Lupo Alberto	1990
8Pi
65-
Fc2
24l
WNc	Giulio Zicchi	Hewson	Zynaps	1988
8G<		Psygnosis	Obitus	1990
l5	Glyn Williams	Motion Picture House	Warhead	1989
5CU	Graham Gray	Effigy Software	Pinball Prelude	1995
.dF
1@D
FHI
.UQ
/Jf
@:;
7:U		LSD	Jesus On E's	1992
8_S
45>
Xb
G<
1W_
0\=
049
.8.
5]f
1W<
/61
K-
3>U
/_1
;Q
[?G		Psygnosis	Cliffhanger	1993
ggj	Grant Evans	CDS	Steve Davis World Snooker	1989
US:		Mastertronic	Speedboat Assassin	
Rb	Gregory Haggard	Cinemaware	It Came From The Desert	
.f>
0-A
PP
/iC
_D
.c`
QN
>1
2gl
?TJ
.Ae
0;C
0OZ
.=\
RV
2T
7ZS
0\h
/X-
W-
6e
9P
.NM
/ak
04\			Wings	1990
.^e
GUQ
5`G
.Z4
9.J
.DM
1K2
1BU
TD
\/
33P	Haiko Ruttmann	Blue Byte	History Line 1914-1918	1992
d_
1.A
05C
.\\
9^7
1iO
6:
ed
65d
/DY
3C
0l8
2gR
<T
\B
e2A			The Settlers	1993
2M.		Starbyte Software	Twin World	1989
.e9
DCN
0<C
>0K
4D
:.V
3UK		Ubi Soft	Battle Isle	1991
<KK
.l/
.Jb
7_R
19V
5>e
0EP
1?M
855
YCX			Great Courts	1989
@8g
1P2			Great Courts 2	1990
:0j
GHj
XgA	Hal Canon	U.S. Gold	Gauntlet II	1988
03I
Pf	Hannes Seifert	Flair Software	1869	1992
_j
.G2
.:F
GV
;?
.O-
.6?
/L<
/1b
.Z`
.El
?]
Ed
.FD
/g2
?F
gW
_K
V8
7\
/S_
/;3
Uj
.Jg
2el
2-7
Gd
/_Y
QU
B]
/Al
.CX
<B
.YR
1@T
/Ql
.6V
.a.
0h2
I;
.hR		Max Design	Burntime	1993
51.
4J-
CS
3-6
.0<
//c
.Vc
1b[
.SP
0YP
2:Z
1Wf
Vb
Qa
.YM
/?B
1HF
R3
0=Q
/<`
341
3X/		Neo	Whale's Voyage	
5cS
57K
S]V
0R/
.f=
.[\
ekX			Whale's Voyage II	1995
/VX	Hans-Hermann Franck	Bytec	Cobra	1991
15>
DP1
3N0
<U
/h]
0X4
5Y.
>?N
49P		EAS	Limes & Napoleon	1989
@66
]A[		Psygnosis	Atomino	1990
7c^
./f
.21O		Software 2000	Lettrix	
.12		U.S. Gold	Wild West World	
6N@
cF
BXE
8A`	Harald Kuhn	Kingsoft	Hägar the Horrible	1991
Q@C
/KN	Hein Holt	Gremlin Graphics	Disposable Hero	1993
Kg
2TH
5c/
2M=
:0g
6BU
`Q
5:X
9G<
IK[		Victrix Developments	Snakes	1992
<HJ	Helmut Melcher	LinEL	Crack	1988
34<			The Champ	1989
2G1
Bk[
de:	Henrik Juhl	Polka Brothers	Friday at Eight	1994
_hl			Gevalia	
c=O			No!	1995
:ZH	Henry Jackman	Accolade	Zyconix	1993
1TJ
4Zl
HJl
0g>
l?I		Audiogenic	Exile	1991
OiT			Exile (AGA)	1995
;Hl	Herve Delteil	Oxygen	Cuzco	1994
S^h	Herve Leport	Silmarils	Wind Surf Willy	1991
X3`	Hibiki Godai	Sierra On-Line	Thexder	1988
D?e
56[	Holger Gehrmann	Kingsoft	Boulder Dash	1987
8=j		Magic Bytes	Biing!	1992
?2B
=]Q
G0
/U1
/D9
.^2
2DC
5_h
Ul0			Clever & Smart	1987
ZY<			Domination	1990
9L5			Dynatech	1992
<G
AH.
cQ=			Penthouse Hot Numbers	
]?P		Rainbow Arts	Graffiti Man	1987
bF5		reLINE	Dyter-07	1990
e2B			Hollywood Poker	1987
e7>	Holger Graefe	Brøderbund	Drol	1988
_2I	Holger Stenzhorn	M-Soft	Bomb Mania	1995
/X6
4]W
0^0		MegArts	Brain Man	
1j<
?;d
Nii
k^=			MegArts Hockey	
YDM	Howie Davies	HiTec Software	Blazing Thunder	1991
HBQ			Future Bike Simulator	1990
b.Z			Insector Hecti in the Interchange	1991
7WI			Yogi's Big Clean Up	1992
JI_			Yogi's Great Escape	1990
5B^	Ian Ford	Team17	The Speris Legacy	1996
D?
11L
1DE
V;
2N\
.1N
/29
8K
/@T
7BQ
.E6
0H4
7OD
6F:
.C@
.YL
YXG	Ian Howe	Gremlin Graphics	Super Cars II	1991
1]F		Mirage	The Humans	1992
6H\
=gk
DaG
41P	Ian Jolly	Binary Emotions	Minskies	1996
/5A
15G
3AU
7ga
/P3
:[7
1X7
2_U
UR
3U6
1KJ
eX
XON	Igor Shimsky	Mindscape	Fiendish Freddy's Big Top O' Fun	1989
.kN
21<	Ingmar Hansch	Animators	Roll or Die	1992
;-O
=1g
0g]
/Ke
5ZT
.X^
6KW
/6`	J Dave Rogers	Hewson	Exolon	1989
CN.	J Roudet	Loriciel	Pinball Magic	1988
69a
..Of	Jacek Stepien	Freezers	Lech	1995
0KP			Wit Premium	1994
7YM
.N.	Jail	Gnu Design	Skizzo Demo 2	1993
1H>
42L
0\@
98
>j
0U5
2RZ
.1Z
0-H
?=_
/L[
9S
.5T
.\c
Ob
4I
0ID
Z1
.__
gf
2lW
\1h	Jakob Svanholm	Limited Edition	Paul the Kinder Penguin	1996
eA	James Elliot	Sierra On-Line	Mixed-Up Mother Goose	1987
.>2
>E
/XR
.79
Mc
3e
.gN
gZ
/^I
C1
?f
.Xf
.Y6
b8
/lg
.jU
:P
3VW
25
c4
JF
^:
0>E
<T
/^g
a^
2P
Ce
@]
._O
;@
/6L
.Zl
..I
.6Z
.O3
.5l
.cG
0J;
.g7
^W
.Xd
;]
R@
B9
.G7
O1
A>
:U
.NN
0\B
.k<
U]G	James Oliver	Dwagon Computers & Software	The Saddam Hussein Game	1991
;76	James Teather	Psygnosis	Bob's Bad Day	1993
/l4
<]6
5Q5
/\Z
1C6
kM
3<^
.fd
/Na	James Veal	Flair	Rally Championships	1994
;-@
/<H
40R
.I-
3GE
6;
/J;
1S\
;:T
3Rb
1UW
EUG			Whizz	1995
1?Y
.8B
4P
3AU
0he
?Fl
5lI		Ocean	Sleepwalker	1992
4=8
/TB
<=4
.e]
MF>
._S
ZcU	Jan Karlsen	Andromeda	Nexus 7	1994
_Vl	Janko Mrsic-Flogel	Elite	Bomb Jack	1987
:2_		Paradox Software	Space Station	1986
MN			War Zone	
R80		Prism Leisure	Fireblaster	
lCW			Protector	
2@=		Software Horizons	Luxor	1988
U3V	Janne Leinonen	Chris Foote	Operation Lemming	1991
CQ7
0H2	Jarno Kilpiae	Parallax	ZiF	1995
FZ/
0HB	Jasmin Topalovic	Kingsoft	Paramax
1A/
7k>
`=M
IaF	Jason Brooke	Access Software	Heavy Metal	1990
8;N		Arcadia Software	Rockford	1988
6R7		Elite	Ikari Warriors	1989
?7D			Space Harrier	
Agc
ReH		Go!	1943	1987
jNC			Side Arms	1989
d4f		Grandslam	Pac-Land	
0lb
PQR		Martech	Hellfire Attack	1988
;iA			Vixen	
:2Y		Mastertronic	Feud	1987
.C<
4F5			World Darts	
NJK
I`Z		Millennium	Resolution 101	1990
DIc			Thunderstrike	
7NL		Mindscape	Harley-Davidson	
fZM		Sega	After Burner (89)	1989
MiO		U.S. Gold	Out Run	1988
/iX
6Ge
:=8
Q0f			Thunder Blade	1989
0JA
>Ua
`]U	Jason Page	Empire Software	Empire Soccer 94	1994
gB		Epic Marketing	Master Axe	1996
/2[
.Fc
0^P
1Yj
4B^
3?N
1W-
09P
6Pk
6O=
.k]
fk
2I]
4;2
dUg		Hewson	Paradroid 90	1990
6YQ
/ZW
T[:		Microstyle	Simulcra	
0bP
009		Mindscape	Fire & Ice	1992
20/
33C
1j`
3/a
=k.
5_d
0[h
38X
4M@
=@N		Renegade	Ruff 'n' Tumble	1994
HB
64i
8k;
3Ia
6BS
/I:
3>j			Uridium 2	1993
06E
7@3
1`f		System 3	Putty Squad	1994
.E
3Cb
79I
@b-
lH
/d^
EF?
5gU		Virgin Games	Ivan 'Ironman' Stewart's Super Off Road	1990
0<K			Realms	1991
>[^
;KH
GiR
>0I	Jason Sheppard	Gremlin Graphics	Federation Quest 1	1990
F<=	Jason Skelly	No Frills	Project XtC	1995
YQ	Jason Smart	Firebird	Flying Shark	1988
@?i	Jason Whitely	Electronic Arts	Desert Strike	1993
?2\
/T\
1V<
6]
?M
.9-
^Y
24T
:T7
/YK
030			John Madden Football	1992
C;6
/dc
/7;
EVe
/>D
9^<
758			Road Rash	
8Hk
5<X
7jT
3bW
2QE
;C1
/PX
?5=			Space Hulk	1993
i.
1L_
:j
7DC
@Og
G<a	Jean Baudlot	Delphine	Bio Challenge	1989
?2I
;IK
M0
0W<			Castle Warrior	
>hO
/eB
:ge
;8O		Delphine Software	Future Wars	
^[
0>N
?Ff
6OS
eN
Jk
1FE
/H;
2B`
DVY		Imagine	Bad Dudes	1988
L;`
96N
.aA
.lY		Ocean	Beach Volley	1989
Bi
.13
59a
7/
1Q;
2TP
0;:
0-k
eP
@Y_
10K
<<
0;b
3UB
._=
.[W			Operation Wolf	
D\0
1>E
<NM
/h;
20N			Snow Bros	1991
.fW
3];
.Jb
H:
3LJ
CRW
3>b
CX
.DO
2K6
.-R
.Zg
04h
0kI		U.S. Gold	Cruise for a Corpse	
/d@
=W;
e
2ki
4VH
99
5e?
a_
.;]
/dA
5T\
/?K			Operation Stealth	1990
;1
e5
7:f
fP
7U
0YH
1lZ
Uk
/j_
.8/
=db
?.T
./1[	Jean-Christophe Charter	Silmarils	Metal Mutant	1991
33T	Jean-Francois Freitas	U.S. Gold	Another World	
0UM
K]U	Jean-Marc Boursot	Public Domain	Impérial	1998
8;A	Jean-Marc Grignon	Psygnosis	Chrono Quest II	1990
.2I
2OO
8_=
/Ca
.lJ
12M
.U?	Jean-Pierre Jandrain	Avesoft	Coloris	1989
0Qa	Jean-Pierre Vidos	HitSoft	Krypton Egg	1990
=\Y
>_1	Jeff Rourke	Black Legend	Crystal Dragon	1994
>;Q
;MD
4h/
LF\	Jens Busse	Sunflowers GmbH	Aufschwung Ost	1993
<P\	Jeroen Soede	AMIGAfun	Future Shock	1991
G5/
4a`
1Z
12k
<0X
DaI		Prestige Software	Doofus	1993
4DK
0b7
3k:
6.I
6Oh
hK_	Jeroen Tel	Image Works	Teenage Mutant Hero Turtles	1991
2d/		Interplay	The Bard's Tale Construction Set	
0Kc
2Ze
/?E
Hj^
8Uj
:K@
.<d		Melbourne House	Supremacy	1990
60E
51C
7SF
@O>
5L>
5^T		Psygnosis	Agony	1992
/X7
DR\
99B
jM
/X/
/.8
9hU
9[Z		Ubi Soft	Iron Lord	1989
2j;
/cC	Jesper Kyd	Kefrens	Kefrens Mega-Demo VIII	1990
0\3
.jg
0>j
05@
OEU
:e
3>
2b
;bC
.LS
0B:
I>N		Magic Bytes	U.S.S. John Young	
]-N		The Silents	Xpose	1992
7X]
4D/	Jesper Olsen	SilverRock Productions	Georg Glaxo	1993
ICB
2a5		Softgolf	Lollypop	1995
3E
22L
/8@
.fW
/8;
9W
.8G
.[@
/?K
IL
G8
.68
6ON
De
db
6?_
0]I
04h
1d-
10.
2FW
15W
[J[		SuperSoft	Guldkorn Expressen
>7H
>@k	Jim Brown	17BIT	Sonix Sounds	1989
Wbi
PTZ	Jim Cuomo	Calypso Productions	Astate	1990
Lk>		Master Designer Software	Defender of the Crown	1986
;0L
C1;			S.D.I	
40\	Jim Rankenberg	Innerprise	The Persian Gulf Inferno	1989
ab\
e@:		Magic Bytes	The North Sea Inferno	1990
>56			Tom & Jerry	1989
L/[		reLINE	The Way of the Little Dragon	1987
<kF
35Z	Jimmy Fredriksson	Codemasters	Miami Chase	1990
3dB
8hW
4\i
6cO
4C`
;l`
.-OP		Team17	Full Contact	1991
S0d	Joachim Sobczak	Scoopex	Alien	1995
.2A.	Joachim Soppe	Sanity	Flash for Fantasy	1991
3<K	Jochen Feldkoetter	7th Sign Productions	Statix	1995
=GE
9>i
?IW
9_R
:P
Y9k		Anarchy	In The Kitchen	1992
.0`l		Masque/TRSI	Misery Dentro 2	1993
MHZ		Sanity	Interference	
FJG
/0U	Jochen Hippel	Eclipse Software Design	Lethal Xcess	1991
59M
S2
00[
7hD
1iI
6h7
6]0
9[/
2E5
37^		Grandslam	Chambers of Shaolin	1989
6R_
1>c
fY
2eX
.W_
=7L
.@d
7<[
8:@
4h-			The Seven Gates of Jambala	
J1P
8.Y
<2K
/.G			Warp	
6LO
W5
0@Q
1-4
5he
0S<
/N1
7IG
/>5
ADR		Hewson	5th Gear	1988
G3V
0h.			Astaroth	1989
1Z:
?/O
D54
<B]			Battle Valley	
;=1
7I4		System 3	Ninja Remix	1990
BDd
7lU
.?O
8SH
56
2[;		Thalion	A Prehistoric Tale	
LXY
]<
.8j
0l0
.g_
.k7
2Kc
9L/
2F>			Amberstar	1992
2PY
.iS
5Y2
1J:
Og
1M8
.AR
e7
Mk
/ZS
.fU
0S;
Y>
5c
.X<
0DB
/8L
1\j
3G.
1\W
.hl
.?H			Atomix	1990
.7\			Dragonflight	
191
78J
.]8
0>c
h
/<P
1Bd
2Hl
.UF
31`
05B
7KX
GM
2<O
/8\
2W:
.1h
EZ
4i
P5?			Enchanted Land	
1dl
D8J
.`_
3GZ			Ghost Battle	1991
6>B
273
/0J
@47
=G8
7:F
/=<			Leavin' Teramis	1990
1RF
.;i
0WA
2`I
/O0
4<O
/W.
/Y/
4iI
h8
US
.FN
QV
.gb
/AU
5X_
0jX
3;K
/HB
=e
33C			Wings of Death	
/0R
.Ph
.e]
/D^
CR=
1i
6QO
Y8
.0]
..T
92
.:X
.3^
/1S
/0e
07P
0iQ
2H?
1i8	Joerg Schwiezer	Boeder Games	Cyberzerk	1992
13J
L.b
/H=
:_R
EJJ			Subtrade	1993
4LP
4CO
.WQ
]hf	Joerg Simon	Sanity	Velveteen	1992
J2X	Jogeir Liljedahl	Virtual Dreams	Full Moon	1993
2gH			Love	1994
@SI
B0j	Johannes Bjerregaard	Hewson	Stormlord	1989
??N
7OK
:_g
01V
.4]
Fg5		System 3	Tusker	1990
j\
.0ZN	John Avery	Krisalis	Manchester United	1995
7JA	John Carehag	System 3	Fuzzball	1991
0fd
@Uc
8P6
=.l	John Croudy	Storm	St Dragon	1990
2N9
U6g	John Dale	Audiogenic	Helter Skelter	
lMW		Lucasfilm Games	Pipe Dream	1989
0^7		U.S. Gold	E-Motion	1990
>Wh	John Hardie	Frenetic	Platman	1995
AGK
N9C	John Keding	International Computer Entertainment	Deep Core	1993
0?R
:cW
Qh^	John Molloy	Magnetic Scrolls	Corruption	1988
Cd`			Jinxter	1987
RUc			The Pawn	1986
LER		Rainbird	Fish!	1988
5j	John Phillips	Hewson	Eliminator	
J6C			Nebulus	
322	John Tummon	Applaud Software	Blockhead	1996
FV
/QD	Jolyon Myers	DoMark	'Nam 1965-1975	1991
.-;=
D:6			Hard Drivin' II	
l[C			MiG-29 Fulcrum	
\gM			R.B.I. 2 Baseball	
@4O
NKQ			Race Drivin'	
Sf[			Super Space Invaders	
=]H
2Rh
=<9			Thunder Jaws	
0:_
.eP
0RT
6KL
Ti
3i1
TN
.-T
.Uf
E:>
@.G		Grandslam	The Hunt for Red October	1990
:Me
2^`
9.:
@@<
04d		Share And Enjoy	Amazing Tunes II	
=X6
5VT
8CE
_c
7_a
/8:
6OL		The Sales Curve	Big Run	1991
CLT
0d5	Jon Law	Digital Magic Software	Shockwave	1990
iiD	Jon Medek	Electronic Arts	Hard Nova	1991
0Yk	Jonathan Dunn	Ocean	Batman	1989
70H
f:
8Sh
/k1
4lZ
3Zj
0LH
8`/
0IV
GC6			Battle Command	1990
?0[
8Ja
3QO			Darkman	1991
/C5
dl;
GI8			Operation Thunderbolt	1989
2V5			Rambo III	
=>E
.N.
6[P
38.			The Addams Family	1992
49G
/0>
/<1
5@M
J2
8J;
/-=
3\-
:R8
:1B			The Newzealand Story	1989
P]`
6Vb			The Simpsons	1991
<47
5RP			Wild Wheels	1990
./f
..fN	Jonathan Gibbon	Cydonia	Rerun!	1995
3^6	Joonas Vaehaemaeki	Kinky	Sumu	
kAF
LVY	Jorgen Bech	Rainbow Arts	Globulus	1990
@0D
VS1	Jori Olkkonen	Neutron Dance	The Spinner	1989
607	Jose Martin	Dinamic	A.M.C.	1990
/S9
.5j
2d5			Hammer Boy	
_FQ
6-O			Mega Phoenix	1991
TV[
i;a			Narco Police	1990
<g9			Satan	1989
.;>		Electronic Arts	Risky Woods	1992
7b
0FA
?OI
8j@
5Q7
2ej
0]5
8VM
.GJ
4g
HEg	Jukka Kaartinen	Complex	Dive	1995
<j0
E8S
WKi	Julian LeFay	Discovery Software International	Sword of Sodan	1989
4CZ	Julio Martins	Expose	Son Shu-Shi	1991
0?6
3ZL
/5
.72
/f@
5^
48^
/d@
@O4
0i/
ik
CP
2bV
Gb
0KE
.Ql
.QJ
;NR	Justin Scharvona	Fun Factory	Slackskin & Flint	1992
9KD
C`>
Yf
/RE		Konami	Predator 2	1991
9-E
7Bc
57X
@E<
1R9		Thalamus	Armalyte	
8IU
.KM
=.N
:[E
kV
6\i
./]
H_a		U.S. Gold	The Godfather	
F^D
4ll
JS-	Kaiju	The Black Lotus	Misery	1995
/^`	Karl Lukas	Time Warp Productions	AP Mechanicus	1988
cRK
2:5
4O:
>?
Z@l	Karsten Obarski	Hannover	Crystal Hammer	1987
fV/		Rainbow Arts	Sarcophaser	
d0H		Time Warp Productions	Detector	1988
T28			Future Tank	
CPQ
/D/		reLINE	Amegas	1987
3PJ			Centerbase	1992
/Sc
63
/_c
KKV
4eI
5J
0b:
09T
/V[			Dyter-07	1990
63j
0?b
A.?
/><
.7Q
2;/
/>L
S@M			Oil Imperium	1989
3eW
6f`
3fK
4T^
9kK	Kazunaka Yamane	Virgin Mastertronic	Double Dragon	1988
.8P	Keith Baker	SamSoft	Defektris	1994
Ae4	Keith Tinman	Ocean	Batman	1988
>C]			Head Over Heels	1989
7d`			Hudson Hawk	1991
Fc[
67i			Midnight Resistance	1990
_/Q
30Z			Push-Over	1992
.2\
1?6
1:]
4Ca
9??
M/
6G3
/6^
/5Z
0K]
3.j
6N4
.-72			Red Heat	1989
3A@			RoboCop 2	1990
0W1
/3h
1_B
.Li
1-c
.hB
2R7
.[=
0.j
29l
6ZN
5iM
002
2>]			The Untouchables	
0WY
8<k
Q:
.3L
2?Q	Ken Berglund	Islona	Sixth Sense Investigations	1997
/YH
3j3
/-`
/Ob
b;
<l
/L
/0W
.S3
0gk
C[
1B\
/09
.4Y
7aQ
/:Q
5GE
1IX
W4
.\3
/9[
JGX	Kev Bruce	U.S. Gold	Power Drive	1994
6jO
@<W	Kevan Stannard	Guildhall Leisure Services	Gloom	1995
^O/
@`C		Mindscape International	Lunar-C	1993
8gF
_8K	Kevin Collier	Digital Integration	ATF II	1990
:R4		Firebird	Mr. Heli	1989
85f
0<;
HZ/
.de
79\
6kA			Savage	
F39
:[J
/D:
>Da		Mindscape	Harley-Davidson	1990
.-HO		Psygnosis	Bram Stoker's Dracula	1994
0_C			Microcosm	
04R
0M^
33Y
1_7
/1g
5Ql
/ET
4=7
0a=
.;b
/j]
8PF
9GQ		Share And Enjoy	Amazing Tunes II	1990
4Ab
;<f
5k.
6]<
971
0H/		U.S. Gold	Operation Harrier	
9gY
0fG
.=\
3L
6Aa
A10
=Di
8Q?			Rotox	
24K
3a@
==/
3a7
>B\
<W4	Kevin Earl	The One	Psycho Santa	1994
^Og	Kevin Holland	Electronic Arts	Birds of Prey	1991
SOa	Kevin Schilder		Black Crypt	1992
<LC
Ng
.f8	Kim Christensen	Arcana	Rotor	1989
9lS
.dZ
5:i
/K4
:`J
A/`		Hewson	Onslaught	
KMY
?<K
c6V	Kirk Fitzgerald	Strategic Simulations, Inc.	Hillsfar	
V7	Klaus Nielsen	Kefrens	Desert Dream	1993
8eZ		Polka Brothers	Friday at Eight	1994
_Th			No!	1995
JT0			Zinko
\X`	Klaus Ude	Sphinx	Magic Marble	1989
7X@
6gk
95=	Klaus-Dieter Sommer	Maxon	Exxon	1991
lXU	Kou Shibusawa	Infogrames	Bandit Kings of Ancient China	
@-P			Genghis Khan	
>B[		Koei	Nobunaga's Ambition	1988
2G.			Romance of the Three Kingdoms II	1991
:WM	Kris Hatlelid	Accolade	Grand Prix Circuit	1989
0_S
>RM
PZ
7KQ
Akj
G;Y			Hardball II	1990
60k
YA:			Test Drive II	
A>g			The Cycles	1989
;Eh
0=h		Brøderbund	Wings of Fury	1990
54?		Image Works	Teenage Mutant Ninja Turtles	
HDI		Konami	Super C	
PLJ	Lajos Suvak	Electronic Zoo	Abandoned Places	1992
:L=	Lars Rueckert	Sanity	Thunderbold	1990
.@-	Laurens Tummers	Eclipse	Monster Business	1991
/4I
1RJ
6@J
/iB
15C
5T1
M_1
Z4d	Lecter	21st Century Entertainment	Nebulus 2	
./<c	Leonid	Neutron Dance	The Great Balls of Leonid
E6=	Linus Akesson		A Bit More	1997
HX6	Lional	Heretic	Delirium	1995
=/U
.\@	Lorenzo Toni	Simulmondo	Dylan Dog	1992
7Z
lF
.Yl
aX
hM
.5Z
40L
VT
/G[
J[
1eA
Nf
9@
a^
=?
/3
.h.
:J
.2U
0O]
3H5
/=-
.aE
.U9
.=F
/Lk
1BR
.b1
.WB
0ij
01D
G`
lVX	Lukas Nystrand	Royal	Sauna!	1995
/Ae	Lyndon Sharp	Codemasters	Pro Powerboat Simulator	1990
..lS			Pro Tennis Simulator	
[7l	MC Slack	Gremlin Graphics	Team Suzuki	1991
>7]
2P[			Toyota Celica GT Rally	1990
`X/	Mad Jack	Domination	Mish Mash	1995
4/?	Mad Phantom	Assassins	Escape II	1992
D.
20e
2c8
;@C
BN
/Bb
0Q4
3b^
Bk_		Kryptic	Escape	1991
S82
1a>	Mahir Hisham	Mesopotamia Group	Babylonian Twins	1994
F`<
E`O
\5J	Major	Bomb Squad	Ultimate Stress	1995
.T]
<@A	Manfred Linzner	Abyss	High Anxiety	
.b5
J@O
>9
0?G
/O\
7P_
/LX			Pixel Storm	
FYU
BdC
/0D
6ak		Epic Marketing	Tales from Heaven	1999
385
49R
6Zd
5Bh
4L6
3=P
2SE
4;E
;[e	Manfred Nocken	Kingsoft	Turn It	1989
.X]
Mjk
IGA		Thalion	Atomix	1990
3cZ
2]^
/;l			Magic Lines	
?3W
07@	Marc Francois	ReadySoft	Guy Spy and the Crystals of Armageddon	1992
<BK
R@U
.V/
NHU	Marc Hawlitzeck	Megalith	Magic-Jumper	1990
D1b
DNE	Marcin Szumiela	Marksoft	Mentor	1994
/Nj
58^
:N
1e]
66
1[k
2-Q
/7^
3VW
1kS
3M9
5J
/H/	Marco Caprelli	Dynabyte	Nippon Safes Inc.	1992
:LA
3_B
1B]
/6L
/1f
FaV
5h8
@e
/Tl		Power Computing	The Big Red Adventure	1997
7C
.:U
[:
/:9
.a0
.94
FA
L`
1BP
`h
1D.
/10
03B
2-J
.-G
T.
0Jg
El
.C8
lW
.^8
5P
.@L
7<
WW
0VB
2TT
b/
.h>
ZZ
ag
.<Q
0He
h1
2kH
ej
X[
e<
=S4	Marco Schindler	Kefrens	Kris Kros Sucks	1993
.h`	Marco Tibben	Empire Interactive	Coala	1995
FW>
K^G
B1:	Marco van Steen	Logic Systems	Tetris Pro	1993
SEU
2a
.H>
.0KL	Marcus Miller	GT Publishing	Reflexity	
/l3	Margaret Lowe	Sierra On-Line	King's Quest III	1988
jl
.hU
Eb
1l2
0Ge
2dQ
S1
5;C
79R
.k_
.f6
0a
8a
4K
/Q@
.CM
WQ
/4D
0=O
/0:
.;8
.54
4P:
0Zg			Police Quest	1987
.QO
.5E
.k<
K[
4Pg
02Y
5WR
C]
.kE
<I
/db
66
68\
0cb
0@\
.X@
3hZ
g2
.kY
1V[
0>-
MO
9i-	Mark Cooksey	Elite	A Question of Sport	1988
g.J			Commando	1989
aWh			Ghosts 'n Goblins	1988
]Z			Grand National	1989
gBP
54e			Gremlins 2	1990
O8H			Mighty Bomb Jack	
QMT			Overlander	1989
FCU			Paperboy	
UkP			World Championship Soccer	1990
5UG		U.S. Gold	Forgotten Worlds	1988
8:8
7Zf
?23
32c
^/X	Mark Gornall	Zeppelin Games	Universal Warrior	1993
.^a
/1d	Mark Knight	Mindscape	Alfred Chicken (AGA)	
.J\
7H4
.I5
6.;
/UE
<XC
0]T
9DZ			D/Generation (AGA)	
eLD
7T[			Liberation	
7=O
@A
/-[
76			Pierre Le Chef is Out to Lunch	1994
<Z
1E0
@Qh
2\M
Zc
^2
/DP
.QC
/Bf
6X
;AZ
6[Z
BO
.T`
/8i
.:/
/C=
.32Z		Mindscape International	Overkill & Lunar-C (CD³²)	1993
/00		Origin Systems	Wing Commander	1990
/_
U9
F7
.C\
Eh
:l
/j`
5l
.CM
f:
N:
2a5
jS
0F@
/7R
./S
^8
1Ak
lj
.09
.CX
.Uc
1He
4^A
.Z=
:@
0I2
0F8
/E;
.4R
C7
00B
.7c
HH
6g
=_
Pi
.kB
.M:
.aC
RBh		ReadySoft	Guy Spy and the Crystals of Armageddon	1992
FK8	Mark Riley	Dynamix	A-10 Tank Killer	1990
HkS
<aC
CE[	Mark Sheeky	Alive Mediasoft	Blade	1997
4DN
.dV		Scorpius Productions	AnTz	1995
8Sj			Arazmax	1992
FfX			Firefly	1993
4bQ
AB
Q<5
Fe\			Global Thermonuclear Warfare	
;<D			Hideous	
L0H
LDA			Hilt	1994
QJX
=LI			Hilt II	1996
8Z<
D:V			Liberator	1992
U[
bZ>			One on One (PD)	
0ic			Outliner	1996
IU
UK6
5=5			Overlander (PD)	1994
;H7
8^F
E<=
d0Q			Rage	
<=B			Roton	1992
/K-			Spectrum	1991
ENb			Taskforce	1993
1^P
3?g			The Challenge of the Matrix	1991
I?1			Xenex	1996
<W7
FcE
4[f	Mark Wilson	U.S. Gold	Bonanza Bros.	1991
1M=
/S.
0.4
`UK
J8`	Mark de Jong	Exoticans	Happy Buzz-Day	2000
4HQ	Markku Leinonen	Banal Projects	Seasick	1995
U\_
a53	Marko Sekulic	Black Legend	Football Glory	1994
8H/
HV@	Markus Kaarlonen	Mature Furk	Lapsuus	2001
Va`
Klf	Markus Kludzuweit	Blue Byte	The Settlers	1993
X7H	Markus Olinger	AMIGAfun	Tetrix	1991
HfA	Markus Schneider	System 3	Tusker	1990
Jbb
RN4	Markus Weichselbaum	Magic Bytes	Air Supply	1989
/\7	Martin Demsky	Vulcan Software	The Strangers	1997
h.
.TA
0C[
/I]
0EC
?O
.j<
IT
B[
.S.
/7F
XY
.MQ
4PD
\c
h[
VU
9R
/2>
.kR
/f/
1_
0dF
4k
0L;
/D`
0O.
.D<
1QQ
.?>
2V
3Uh
.U^
XJ;	Martin Halberg		Genetic Species	1998
9a]
>kO	Martin Iveson	Core Design	Banshee	1994
64S
D:H
7fZ
/H?			Blastar	1993
6U:
1=]
/^B
2bJ
.?C
6fk
0M=
.`h
=Ld
.lI
/0J
D<
3X<
8Ah			Blob	1991
3.Y
5K\
1Gg
3YA
/4k
::F
MhU			Bubba 'n' Stix	1994
/9H
.2d
:kX
7T
.aK
9<1
.Nh
.[G
2L
.HF
.;O
3]K			Chuck Rock 2	
1JX
0Y4
3-A
1E>
@X
.7i
11A
4M.
0K<
GO
:BL
Sd
/T
AM
P=
Ie
.Kh
.l^
5SR
<5B			Curse of Enchantia	1992
KeF			Darkmere	1993
1Q\
11?
?W5
3Bi			Heimdall	1991
AT.
1ei
44=
B-e
@I7			Heimdall 2	1994
2Jd
HOC
g_
B8			Jaguar XJ220	1992
/R.
4d.
3BW
:fQ
.ON
0bL
/OJ
;e.
Ll
4@/
T0
/W5
`V
\
E3
9:
.1<			Premiere	
LB
8:M
7X
.eR
08A
/Ka
5OE
\4
62=
81R
/^A
0ih
/Cj
43N
CB.			Skeleton Krew	1995
>85
c7
Rg>			Skeleton Krew (CD³²)	
/RO			Universe	1994
.28
2Nc
3a:
.-O
6RJ
jU
0A4
/Af
2>]
2bd
5Z
3b`
JP
0E4
/F0
Dl
/G/
J9C			Wolfchild	1992
4EB
4Ma
2l0
.CC
1kX
1iT
/=N			Wonderdog	1993
:@
:f;
.=8
5G.
2QM
38f
74G
50\
/9
5H4
1WD		Core Design Ltd	Dragonstone	
3Vk
/Me
1jT
0[d
2b4
5MG
7lM
2-D
Wi	Martin Nyrup	Breadline	The Moochies	1991
0ai
i-
?3
.k_
/7G
2]
<?
?Q
/_K
2Y
:l
/5h
//^
/M?
.D]
.U?
L[
3hR
.EZ
[-
3b<
1S_
1Qe
bO
/OP
fH
NP
1UR
48L
.Di
/Sj
:\
.?e	Martin Rebas	MartinSoft	Pengo	1994
X:e
U/i	Martin Schioler	Anarchy	3D Demo	1991
II:
.^V
l1-			3D Demo II	1992
DR@	Martin Silbernagl	Public Domain	Kick 'Up	1988
`Uf	Martin Tykesson	Kingsoft	Paramax
_L_	Martin Walker	Activision	Atomic Robo-Kid	1990
OYf			Dragon Breed	1989
^a1			Hunter	1990
./AQ			R-Type II	
?M;		Arc Software	9 Lives	
WGL
.1].			Defender II	
\H		Core Design	Frenetic	1991
./FX
8V:			Thunderhawk AH-73M	1992
DNb
41E
V`F		DoMark	AV8B Harrier Assault	
I-H		Electric Dreams	Spindizzy Worlds	1990
@0H		Image Works	Devious Designs	1991
:Ii
5kg
7BG		Lucasfilm Games	Indiana Jones and the Fate of Atlantis	1992
3K3		Mindscape	D/Generation	
1CE		The Sales Curve	Final Blow	1991
B_S		U.S. Gold	Kingmaker	1993
3Y/		Virgin Games	Reach for the Skies	1992
c?A
g=I	Martin Wall	Razor 1911	Voyage	1991
\j
5Sg	Martin de Agger	Interactivision	Naughty Ones (AGA)	1994
123
;OW
54O
5TA
C<X
13.
hg2		Kefrens	D.A.N.E.	1993
9]g			The Wall	1990
?;f
5H@		The Sales Curve	Daily Sport Cover Girl Strip Poker	1992
@l5
.i]
/N1
0I\
3M1
4:g
.E>	Massimo Perini	Simulmondo	1000 Miglia	1991
i6
F/B
.[F
1L9
/Za
5/J
1>W
.GD
>X_
cP			Dylan Dog	1993
11G
1@i
4?j
K[
/Y.
/i/
0Hb
@4
.3K
Gd
._a
=S
0X/
1G3
HA
l2
B/
0Ja
.BP
Ff
2f2
09S
.eK
/;<
0=f
0FH
5/
Pj
/el
<\
.CM
CkU			Formula 1 3D	1991
V;2
.-4b			G.P. Tennis Manager	
2D<	Mathieu Berthaud	Attic	Fears	1995
6Ke
U?\
Fja		Complex	Real	1994
R<Z
1=f	Matt Bates	Activision	Deuteros	1991
7iT
?j_
PD_
2\j	Matt Furniss	Blade	Lords of Chaos	
Q^G		Core Design	Torvak the Warrior	1989
A5
._G		DoMark	Badlands	1990
:Y5
<>a
6SL
9k\			Castle Master	
0-g			Cyberball	
V`S
:J6			Escape from the Planet of the Robot Monsters	
Q>L
jJL			European Football Champ	1992
A;O			Hard Drivin'	1989
;3Q
Ch_			Klax	1990
0<O
.IJ
SK8			Pit-Fighter	1991
BBN
GI_			Race Drivin'	
0OI
>6J			Rugby	
1]8
FJ9
//N
0H=
/0S
UkZ			S.T.U.N. Runner	1990
\jZ			Shadowlands	1992
4Nc			Skull & Crossbones	1991
[T
67B
>WA
7>T
5<X
//c
8PB
.GG
E:I			The Spy Who Loved Me	1990
GS:			Toobin'	1989
Hl3
6?k
>fH		Electronic Zoo	Subbuteo	1991
].[		Goliath Games	World Championship Boxing Manager	1990
6R5		Grandslam	Scramble Spirits	
/\e			Space Harrier II	
6EV
^iL
/b5		Guildhall Leisure Services	Legends	1996
7XG
GTM
aY
4e:
B.W
.HZ		Krisalis	Arabian Nights	1993
.la
>R
4N5
@X.
3?-
8c1
2;-
/Ib
.YI
2HT
b;
^j.			Botics	1990
@6D
SR\			Face Off	1991
DE1
<O3			Hill Street Blues	
.27\			Jahangir Khan's World Championship Squash	
];^			Mad Professor Mariarti	1990
5i`
M/M			Manchester United Europe	1991
A.3
K^Y			Revelation	
MB=			Rogue Trooper	1990
;F.
5j?
4k`			Sabre Team	1994
GHR
7Tc
:JL
1T@
3lh
6BW			Shadoworlds	1992
[C			Soccer Kid	1994
/B_
1\E
.]>
8Y
/7<
.i=
Ec
0fP
.PI
^Z
4G<
3VC
0PS
/1M
/A7
/D>
5V
.V@
B=
7K
2QF
2X
17@
<C
EZ
/K]
//i
Nj
.Z0
@P8		MicroIllusions	Laser Squad	1989
7:>
Y-/		Millennium	Manix	1990
2<F
XP@		Ocean	Chase H.Q.	1989
Sg=			Rainbow Islands	1990
=a;			Shadow Warriors	
L0i
@1		Origin	Ultima VI	1992
.fA
6X6
4-<
2jL
7DJ
3Q5
=Zb
/86
6/Z		Psygnosis	Cytron	
3Q4
Yjg
68		U.S. Gold	Out Run Europa	1991
LU
6:g
:-
/>M
/Yc
7e<
A@b
Be[
.9e		Virgin	Alien³	1992
AKV
:J8
0D6
;30
0;S
1Tf	Matt Wright	Arcadia	New York Warrior	1990
Sh5
3DP
9E`
/1D
5_d	Matthew Cannon	Ocean	Elf	1991
d3
l;
.Dk
1LH
.SP
3d=
`j
8X]			Navy SEALs	
@Df
0e<
<49
S35			Parasol Stars	1992
2@W
4JS
13K
1;=
/d6
1>D
.6_
4W?	Matthew Kane	Lucasfilm Games	Zak McKracken and the Alien Mindbenders	1988
3Be
/i1
3AP
3CS
?OE
/E2
<OS
/T?	Matthew Nathan	Softgold	Erben der Erde	1995
CT
/.I
3TV
Qk
1C\
H/
Na
F0
0P?
.<j
.?j
23D
@9
6e5
.H9
=e
.Y.
7Y
BU
0<Z
lQ
la
14F
;j0
86
/51
3/W	Matthew Owens	Alternative Software	Death Mask	1994
1[G
9<G		Apache Software	Super Methane Bros	1993
G
MLY
33Q
;N5
235	Matthew Seldon	Empire Interactive	DreamWeb	1995
7L@
72l
/X0
.Y=
;UE	Matthew Simmonds		Superstar Tennis
?A-
RP_		Anarchy	In The Kitchen	1992
L3;
HjJ		Codemasters	Bubble Dizzy	
T7c			Cosmic Spacehead	1993
l0T			Dizzy Prince of the Yolkfolk	1992
11G			Fantastic Dizzy	1993
/>:
cU
0/e
0VP
ML
0Yl
H/
4>
.`F
fR
lD
1VO
dk
1/A
?OG
3>.
88\
3g^			Magicland Dizzy	1991
DfS			Micro Machines	1993
4K4
/al
/IQ
UaX			Violator	1991
H:\		Core Design	CarVup	1990
:54
1e;
7gH
50Y			Chuck Rock	1991
aH<
OY\			Warzone	
YEU		Digital Magic Software	Shockwave	1990
B35		Elite	Last Battle	1991
b-j		Europress Software	Dojo Dan	1992
/HY		Ocean	Space Gun	
32Z
156
EA
/Fd
:Ch
h>
1[3
/\9
/U/
>H0
1OT
0cN
/a7
KT7		Psygnosis	Leander	1991
3/P		Team17	Cardiaxx	1993
Kd/
`Rl		U.S. Gold	Beast Busters	1990
CT1			G-LOC R360	1992
.3A
1@7			Shadow Dancer	1991
4X;
Rh=
0XE
.cF
3e\
MP9			Street Fighter II	1992
Pa_	Matthias Steinwachs	Thalion	A320 Airbus	1991
CK			Ambermoon	1993
W@
.S-
0?H
9V
3;3
7I
EQ
/l]
.A4
88
>c
0`?
01I
.Vb
/g^
BI
DN
.C;
6?
/?5
g/
.X8
0E\
UV
J_
A=
.]
J`
/KA
.3.
.Q3
V3
.HE
BP
.<B
;X
HS
[Q
.7f
]K
.QG
=;
MP
YS
.9G
.8N
.Gk
W]
.3<
/`Z
_D
g6
7c
/XJ
5e			Lionheart	1992
LJ
.NN
hH
22W
/X3
.@Y
.k
.N_
0kO
^c
1>
.<L
R1
.`1
/SR
/Kf
0jL
.Kh
/@C
Oc
bR
/2i
OR
./Z
h_
0_9
0g_
^f
8>
0R.
.@]
.:>
.CA
.XX
/>
.YR
X[
A/
0g2
_;
M
/=`
I:
:d3			Neuronics	1991
e;-
1/_			No Second Prize	1992
G3
5R@
/b=
8/D
1_S
5Z9
.Kc
YX
A<>
@N
46
E:`	Matti Tuomela	Sonik Clique	Fad	1995
8Bb
5=N	Mattias Bladh	Limited Edition	Mindabuse	1996
4:E	Mattias Fridh	Prestige	Sword of Honour	1992
J7^
0/Q
/e:
186	McMullan and Low	Gremlin	Venus the Flytrap	1990
0J0
1Ad
BX
.;A
.PL
.?7
7>Z
1kC
;44
`a
5BP
3_`
465
4Zh	Michael Bialas	Hudson Software	Yo! Joe!	1993
CK
7JI
10W
/iR
gK
2Ia
aM
7B
454
0QO
S7
63M
<k3
4[4	Michael Couturier	Infogrames	7 Colors	1991
Ce.
@;3
<D;
kX4	Michael Davis	Image Works	First Samurai	
NVD	Michael Habich	Brainwave Entertainment	Imagems	1993
Jh5	Michael Scheer	Starbyte Software	Inve$t	1990
/^3	Michael Tschoegl	Epilogue	Vyrus	1991
6iJ
=XC		LinEL	Necronom	1990
^4
Ie:
W2
09@
01M
4:
6X;
4G=
.7i			The Neverending Story II	
1@I
/_B
EY[
A48
Oj
6JL
0`]
TS
ee6			Traders	1991
7RU
DAf	Michael Winterberg	Rainbow Arts	Down at the Trolls	1988
3NT		Superior Software	Bone Cruncher	1987
C4V	Michel Jean Baillot	Silmarils	Targhan	1989
87Q	Mika Aho	Fanatic	Hate 2	1995
34g
>c3
N.O
2kL	Mikael Fyrek	C-Lous	Assembly '95 40k intro	
U<\	Mike Anderton	Ocean	International Open Golf Championship	1993
.@3
:a?	Mike Archer		808 State Remixes	1990
C7E
0>>
ELD
2XO			Club-Mix	
9=
732
7HC
0kV
1.K
==l
fl
J>5			Sonix House	1988
7B-
C7k
/I.			Sonix House II	
M^G
85G
0<D
7f=
210
M-h			Sonix House III	1989
;f.
0]7
531
@3^	Mike Brown	Pandora	Galdregons Domain	
\i/	Mike Chilton	Firebird	P47 Thunderbolt	
8P	Mike Clarke	Charley Brewster	Indigo	1993
2KM
FEI
BE:
C1A		Codemasters	Little Puff in Dragonland	1989
>l		Psygnosis	Bill's Tomato Game	1992
Da
DU
=A
E9
dA
[Z
4X\
/ZA
IO
.DY
Kk
0jH
/6A
BC
=Q
1SZ
.TU
1GJ
7ea
4T?
.<l
.4R
0M2
5kk
/Z^
`c
/8`			Globdule	1993
Cc
/RG
.HW
/A\
KE
/Y]
NK
.@P
/1T
]I
.3\
1A8
0/V
.eT
.f
1b^
g_
/T0
.EA
WA
0bL
A0
/@d
0Ja
Ql
.f_
L0
/Dg
.HW
i\
..S
.?<
H_
.>g
/aX
.21
.3W
G.
/A4
.a[
.@<
:Tb			Last Action Hero	
0:X
9NW
/;G
<0A
9bL
4VF
EUD			Theatre of Death	1992
2H=
1j?
jB
>A
<=J
2hB
AY;		System 3	Last Ninja 2	1990
.W0
2i[
2<f
69h
81b
.?Z
IeQ	Mike Davies	Grandslam	Die Hard 2	1992
d-U		U.S. Gold	Alien Storm	1991
BfE			Dynasty Wars	1990
kgL			Indiana Jones and the Last Crusade	1989
Dc5			Italy 1990: Winners Edition	1990
Xc^			Mercs	1991
2>S			Strider	1989
^@g
C9>			Strider II	1990
[6R			U.N. Squadron	
2SZ			World Class Soccer	1991
SgR	Miko Nyman	Stellar	Galerie Remix	1996
4IA	Neil Biggin	Gremlin Interactive	Premier Manager 3 (AGA)	1994
jf2
6^5	Nick Jones	Image Works	First Samurai	1991
lL8	Nick Reeve	Pandora	Xenomorph	1990
>O=	Nick Vincent	Mastertronic	Motorbike Madness	1988
SJ<			Vectorball	
JbU	Nick Wilson	Electronic Arts	Imperium	1990
/El	Nicklas Schmidt	Impact DK	In a World of ASCII	1994
Id8
=LL	Nicola Tomljanovich	Neo	Black Viper	1996
2Se
.d2
1-j
7dk
1F0
2[J
.?M
06G
0Wa
.9G
NQ
14E
08G
D?e		Team17	F17 Challenge	1993
BJa
8PB
0e3
6jk
fB	Nigel Spencer	Data East	Bo Jackson Baseball	1992
8Zf
=[O
2GP
]8
8O@
.2F	Nikola Tomic	clickBOOM	Capital Punishment	1996
Vh
<[<
U@
?f[
/j`
G[
3T9
/AZ
.AH
/[g
4ki
/^@
..d
8^^	Nils Ruzicka	21st Century Entertainment	Marvin's Marvellous Adventure (CD³²)	1994
01Q
=\L
.`Z
1i1
1Ni
1=3
62\
.=e
4VL
A\
/H;
.-/	Norbert Roecher	Red Sector Inc.	Mindblasting Vectorballs	1989
V[Z			Red Sector Megademo	
>b3
lT		Sanity	Oh Crinkey What A Shit	1990
EN-			Turmoil	1991
15j
0S5
/l0
DG5
hf4			World of Commodore	1992
.1If	Oddgeir Hvidsten	Cryptoburners	Brain-State-In-A-Box	1994
JFk	Oisten Eide	Electronic Arts	Castles	1991
.-US		Ocean	Epic	1992
<WI			RoboCop 3	
8/\
C6N
0[^
WY<	Olaf Mindach	Gainstar Software	Tech	1989
9B9	Oliver Becker	ReadySoft	Cosmic Bouncer	1988
>EY
J4j
0h6
;^;			Rock Challenge	
..=S	Oliver Regis	Ubi Soft	Ilyad	1989
FYa	Oliver Wagner	Public Domain	Bally II	
/0`	Oliver Weirich	Prestige	Catch'em	1992
.FE
c.
.]E
RJ
?WH
8P2
0IC
88;
.K9
/g0
2W7
^8	Olivier Robin	Ubi Soft	B.A.T. II	1990
H2M
H0\	Olli Kuopila	Sonik Clique	Blur	1995
/[;
6eQ	Olof Gustafsson	21st Century Entertainment	Pinball Dreams	1992
bk
.:K
4\1
6UJ
LRF
?5C			Pinball Fantasies	
5DP
2>c
.7d
.WJ
Ac6
31>
258
.-h>			Pinball Fantasies (CD³²)	1993
0F8			Pinball Illusions	1994
23<
0Fk
25-
3Na
H03
=G@
0C@
QQC			Pinball Illusions (CD³²)	1995
1FG
3MZ
/8=
3h9
6U:
.JV
:`_		Psygnosis	Benefactor	1994
1>/
1TD
55?
1:Z
2>9
58h
aN
E:
He
3._
3WF
KB	Orall Cornelius	Arc Software	Pyramax	1990
D]j
A>F
.bg
:WC	Ozzie Henderson	Atlantis	CaveMania	1992
.38>			Erik	
1<G	Paolo Galimberti	Idea	Clik Clak	
/0a
1kJ
7[A
1e
T7e
2Hb
0BT
10;	Pascal Evrard	Titus	Super Cauldron	1993
8.=
=g2
G?a
dh
.a3
J3L	Patrick Phelan	Gremlin Graphics	Hero Quest II	1994
0T6
Ak\
2:3
1e\
aW
/Gb			Lotus III	1992
.3<
1SY
24Y
0GQ
0Ge
0-U
.SU
3;h
/8X
1B_
/0@
.6G
/Pd
2V0
.<R
/.k
130
@@
.D9
.Kk
2U@
07d
42J			Nigel Mansell's World Championship	
0>3
QF_
0:`
:hg
1K=			Zool	
Jd/
2c9
6^l
.hL
1=]
ie
1f]
1_L
./Tc			Zool (CD³²)	1993
>M7			Zool 2	
.iE
COA
3\O
37A
.R/
4XF
X9	Patrick Pose	Wild Copper	Wild Copper demo	1988
==N
;cO
2ID
.TD
2M\
2V-
?-[	Paul Gaze	Public Domain	Racing Maniacs	1993
IF5	Paul Loraine	Alternative Software	Popeye 2	1992
>I
.29
8ll
C2Y
3b-		HiTec Software	Scooby-Doo and Scrappy-Doo	1991
=18	Paul McMaster	Software Projects	Jet Set Willy II	
XV<
?DE			Manic Miner	
VP9
8]`	Paul Robotham	Empire Interactive	Dawn Patrol	1995
@1/
5^6
/TX
@1U
7GS		Empire Software	MegaTraveller 2	1992
;O=
TbT
@ZI		MicroProse	Starlord	1993
K2?
.iU		Mirage	Ashes of Empire	1990
1Z`
4Lg
5H^
RR
;YZ
/UN
JZ5
\9S		Paragon Software	Space 1889	
G>.	Paul Shields	Microdeal	Airball	1989
8jL
.9A
7b^
0hK			Amiga Soccer	1988
C-T
7/D
.-2H			Goldrunner II	
M;^			Jug	1989
/Y@
2/O
;Q9
ETG			Tetra Quest	1988
@aL		Psygnosis	Amnios	1991
XC:
@XB	Paul Summers	Activision	Fighting Soccer	1989
`E:		Alternative Software	Postman Pat	
1>Q		Amfas Computer Software Ltd	Everton F.C. Intelligensia	1990
I-B
\_4		Microstyle	Rainbow Warrior	1989
F8]		Psyclapse	Stryx	
X`2		Psygnosis	Air Support	1992
]?-			Barbarian II	1991
7YS
b>			Matrix Marauders	1990
2:i
:Od
5F9	Paul Tankard	Alternative Software	Dalek Attack	1992
28>
E`d
.H0
3QL
2f?
8Cg
2e;
>Ue			Suburban Commando	1993
1GU
/b[
8WS
;N[
0f<
W@Z			Thomas the Tank Engine	1992
.-9b			Thomas the Tank Engine II	1993
B3B		DoMark	F1	1995
0Zk
@5R
>A[		F1 Licenceware	Operation Firestorm	1993
AiR		HiTec Software	Alien World	1992
6.O		Ocean	Dennis	1993
.70
0R2
;A
5<h
LLK
9e
:d
8<[
.XQ			Jungle Strike	1994
:4J
:Cf	Paul van der Valk	Discovery Software	Hybris	1988
<96
/<k
0@M
/Qe
AZ	Per Almered	Unique Development Sweden	Obsession	1995
1Q7
P3H
0.>
3a\
AP]	Peter Gordon	Darkage	Welcome To Our World	2000
ZOl
fSi	Peter Johnson	Imagine	Arkanoid	1988
CV7		Ocean	Daley Thompson's Olympic Challenge	
./8^			RoboCop	1989
.010			Wizball	1987
:e9	Peter Nemecsek	Amiga Fun	The Hellrun Machine
EKa
WCc	Peter Thierolf	Demonware	Ooops Up	1990
M2g			The Power	1991
2R_		Ego Software	Fatal Heritage	1990
lG
H=
3d\
1[S
RCS
2iC
.3F
/j
.._M	Phil Allsopp	Tynesoft	Mayday Squad Heroes	1989
<9j	Phil Bak	Millennium	Yolanda	1990
?=?
2SI
:dR
4eV
M`	Phil Clarke	Quex Developments Ltd	Huckleberry Hound in Hollywood Capers	1993
.bW
S?6
0_1
8/M
;[D	Phil Smith	Share And Enjoy	Amazing Tunes II	1990
6R>	Philip Jespersen	Digital Integration	Supaplex	1991
..g	Philippe Veriere	Titus	Quik The Thunder Rabbit	1994
83G
4TD
/BR
Nl
.fR
49A
T-
/l<
Mg
:1C
/fL
.QQ
/MB
<>
04P
/c;
0:J
V-
0l8
.=a	Phillip Nixon	Accolade	Elvira II	1991
1OP
5/=
0i8
25\
2Z`
.b^
6_J
ADL
<OK		Flair	Winter Super Sports 92	1992
LOW
H;N		Flair Software	Double Agent
2C/
3I8			Elvira the Arcade Game	1991
//[
..i
6K-
]7:
Z.1			Turn n' Burn	1990
X17		Microvalue	Demon Blue	1992
>/4
MT?			International Ninja Rabbits	1991
.ZL			Oscar	1993
BF2
D<;
0HE
0^0
7ah
9Q
Uh7			Oscar (CD³²)	
00c			Trolls	
1S
P5
263
=ih
H7@
:2[
/<N
61V		Millennium	Morph	
h[e
/OL	Pierre-Eric Loriaux	Ocean	Cabal	1989
C8d
:^V
02Z
16P
1JY
B4
M4
.18
0RR
<]8			Ivanhoe	
3[F
6_>
>F_
hL
9``
1GE
98
1N7			Liquid Kids	1991
@hV
1/_
eD
/]
.Ad
LB
/PE
@?
3GJ
/AU
.^a
0bJ
3k[
2fd
6b/			Pang	1990
.df
.b:
lK
CI
Cb
./1
3OJ
7^7
?H
aV
7DQ
10^
04>
3X`
31/
.3<
5^
7U0			Plotting	
0Sf
5kG
?I0
:@i
00h
56S
.3?			Toki	
4/0
?_L
DL
190
4M[
0X^
3i
7a[
1PQ
/D@
:5h	Piotr Bendyk	Mad Elks	Technological Death	1993
GAT
1.j
.0b		Seven Stars	Kajko i Kokosz	1994
@X	Pipe Smokers Cough	Ocean	Kid Chaos	
MX
0d;
/Xd
Mb
_>
3Z
?Z
HJ
1.5
3a0
7:
.Zj
4\3
0aR
.R\
iG
0D0
.D;
.2G
PA
04L
/D=
/hJ
5HJ
/LR
.[X
k>
07/
.ES
;<T	Preben Soot	Talent	Panta-Rhei	1993
3;	Private Affair	Vulcan Software	Valhalla	1995
7=2
6Y
8Tg
?U
5\a
.5X
0b3
38h
2EH
2EE
COZ			Valhalla & the Fortress of Eve	1996
BHF
5=:
.7N
3de			Valhalla & the Lord of Infinity	1994
80
8\T
3V;
21Z
7UW
1Y\	Radio Poland	Radio Poland	Technotronic	1990
@bI
C4N
/XI	Rainer Nilsen	Neo	Cedric	1995
3b4
8F6
50D
V-
:i<
@?Y
1ca
/JR
7i	Rainman	Royal Amiga Force	Royal Amiga Force Mega-Demo	1989
@IQ
/1Q
2N5
a9
2.7
9]G
A\X
/76
FbK	Ralf Hoermann	reLINE	Skyblaster	
CiF	Ramon Braumuller	Rasputin	Clockwiser	1994
=N2		Team Hoi	Hoi AGA	1993
3`I
2kH
/-M
7gk
@\g		Thalamus	Venom Wing	1990
DZ6
/R2
3?4	Raphael Gesqua	Europower Pack	Jimmy's Fantastic Journey	1993
.il
3FI
.SB
\C9
/K>
E^6		Ocean	Snow Bros	1991
8bX
F4@
PG;		Tom Soft	Virtual World	
.Z9
\8		U.S. Gold	Flashback	1992
1B
2^6
9D
20_
3i<
0L2
1MZ
61R
/-7
.h`
.PU
.j.
3lD
;d
D
2_V
0Yb
Dh
.g:
]j
0OF	Ray Norrish	Alternative Software	Sooty & Sweep	1990
EEK		HiTec Software	The Jetsons	1992
RGM
3[S
HiP		Infogrames	Alcatraz	1991
B`O		Psygnosis	Anarchy	
.2[V			Baal	1988
jhD			Ballistix	1989
6=7			Blood Money	
eb`
QOC			Captain Fizz Meets the Blaster-Trons	1988
B6			Spellbound	
Eg/			The Killing Game Show	1990
.^7
@ki
`]	Raymond Usher		All New World Of Lemmings	1994
.HI
8M8
3P\
2`4
.dl
3[B
/MH
61H			Walker	1992
8?H
Yg8
b-M	Reece Millidge	Audiogenic	Odyssey	1995
NJG	Reinier van Vliet	Grandslam	Bump 'n' Burn	1994
Aba
3>G
04.		Thalamus	Borobodur	1991
?Pj
0Lc
3RB
0/P
/N<
5UE
46i
.KH			Winter Camp	
RD
0eI
<J]
0HK
:WH
1`M
:Ji
?[8	Rene Bidstrup	Budbrain	Megademo 2	1990
2M@
3]<
>=K
=.6
2WO
V;`	Rene Vindum	The Silents	Xpose	1992
.MZ	Reyn Ouwehand	System 3	Last Ninja 3	1991
7V
6f;
=5S
0=9
1L-
A3j
11g
.c
FJ:		Ubi Soft	Unreal	1990
0F^	Richard Ede	Psygnosis	Brian The Lion	1994
2V
.6W
.5H
P[
0f6
1Ek
30
\b
.l@
.[9
8[
D^
4d
E3
kg
4?
8@
5U
0VP
BS
/KZ
/RI
0:J
>K
1gN
.U<
0[V
ZC
0d
/VS
.42
QO
.6-
B\
lR
G>
.fH
04C
2c
.CM
/CA
5=
O8
95
]V
.;8
0JD
9A
U5
cY
.=1
/a7			Innocent Until Caught	1993
JK
0Gb
.eZ
<K:
1.O
X]
/l:
0jA
=kO
/[[
[\
HP
DP
0N<
/G/
4HE
0]O			Wiz 'n' Liz	
/^D
3_/
05J
.Ul
0^h
0F:
10-
aH
1MG
52`
.MH
cL
0M=
cd
/DH
0/K
Kh
63E
@[
HN
0I
/88
Uj7	Richard Frick	Absolute!	Cream	1994
7XH		Delon Dezign	The Final Condom	
c67
./9I	Richard Jones	Jim Wills, Simon Foster & Richard Jones	Toado	1993
=[f	Richard Joseph	Electric Dreams Software	Wicked	1989
UQc		Image Works	Cadaver	1990
HVQ			Mega-Lo-Mania	1991
2K/
[91			Speedball 2	1990
.Wf		Millennium	Aquatic Games	1992
.G^			Brutal Football	1993
EaX
1aX
.32			Cyber Empires	1992
Ndd			Global Effect	
R[G			James Pond	1990
.^H			James Pond 2	1991
@fI
1W=
484
1?
>d
1Z9
.?I
0NM
SD
<\=
0Bf
29T
7VX			James Pond³	1994
h:K
/5Y			Moonshine Racers	1991
39f
4V
22G
VjN
B`l			Mr Blobby	1994
3XN
5<N			Rome AD 92	1992
0YK
.\Z
5fM
1Cd
0C9
>hH
66F
0?4
2[L
.I
f;M			Stormball	1991
7>S
.WX			The Adventures of Robin Hood	
\l]
fiN		Millennium Interactive	Diggers	1993
S;3			Diggers (CD³²)	
BZ>		Mindscape	Knightmare	1991
8JZ
:?1
2lP
;eP
/2X
cT
]ja			Legend	1992
0:Y			Moonstone	1991
;8^
6-W		Ocean	Wizkid	1992
1M`
.8/
60G
.lD
63a
.j=
DY
93-
45c
4fA
15b		Palace Software	Demoniak	1991
cB5		Renegade	Gods	
3:<			Magic Pockets	
D60			Sensible Soccer	1992
YJg
1Kj			Sensible World of Soccer	1994
1Z^
2`c
=S1			Sensible World of Soccer 95/96	1995
WP			The Chaos Engine	1993
BK\
/b.
Lk
4EM
1g
1>9
@51
62S
.1XS		System 3	Putty	1992
/D[		Time Warner Interactive	Flight of the Amazon Queen	1995
=G@
3B3
2T^
42/
.=7
/BO
/:3
3A^
.E?
.P;
0iB
/TI
1UY
9TA			Rise of the Robots	1994
N?\
3jh
731			The Chaos Engine 2	1996
2[f
6[a
.O5
5=K
=R
1Ij
.;6
30\
.@i
/Rg
;C`
2l
>W-		Virgin	Cannon Fodder	1993
2>D
=-g
7SY
3CA
.e;
3I=
;XW		Virgin Interactive	Cannon Fodder 2	1994
kE
._N
B>e
7Vd
7W?
7F6
@8F			Sensible Golf	1995
?1i
<IQ
8IZ	Richard van de Veen	Public Domain	Combine!	1989
I:f
5a\
7Lk		Starbyte	Mini Golf Plus	1988
2]_	Rick Hoekman	Gremlin Graphics	Disposable Hero	1993
9-d
PY
:5>
6]c
EBJ
.SX	Risto Vuori	Bloodhouse	Stardust	
2Ud
;@
.8_
/LK
.R9
/hT
5:`
5;M
4KT
UL
@T
1\l
5@N
/3
.UW
.P;
.J<
i1
/`
.]Z		Team17	Super Stardust	1994
/FJ
2e
/Rd
Za
Pl
41R
2P4
2-A
6R
\f
3E9
/Ji
/N/
3L
.B0
d5
9f;
Uk
/P\
/F>
5M
114
1EW
/Tb
1iI			Super Stardust (CD³²)	
3IM
./I
eO
4R1
0ak
.H/
.-5
/BZ
.70
4B>
/fd
2-L
5?
:Bh
jV
.42
/Dk
NJ7	Rob Balderstone	Ocean	PGA European Tour	
:HY
?@O
/IZ			Shaq-Fu	
=aM
;.O
7:Q
3>;
.OS
Bea	Rob Hubbard	Electronic Arts	Budokan	1989
<6=
YkK			Indianapolis 500	1990
2-J			PGA Tour Golf	1991
2M6
`Zh			Populous	1989
3?B
^hj			The Bard's Tale III	
]45		Elite	Battleships	1987
k/1		Microdeal	Gold Runner	
.F;			Jupiter Probe	
=`K		Mindscape	Q-Ball	1988
3G	Rob Wells	Public Domain	StarWoids Demo	1994
8ii
3\E
;GB
jQ3	Robert Korzeniewski	Sanity	Fastest Demo	1991
.3J=	Robert Mann	Elite	Joe & Mac	1993
53^	Robin Burrows	Robin Burrows & Steve Huckle	Fatal Mission	1991
>12
B6D
>f?
e[X	Roderic Mege	Ubi Soft	Celtic Legends	
7QV	Romain Voes	Public Domain	Galaga'92	1992
U:M
VdN	Roman Werner	Hewson	Eliminator	1988
Z=b		Starbyte	Clown-O-Mania	1989
Kgc			Leonardo	
NfT
BU@		Virgin Games	Rolling Ronny	1991
;a:
GW<
4[@	Ron Klaren	Innerprise	Battle Squadron	1989
Y=
4[
12a
0SY
QT
58:
8CY
3B=
.1@
.Dh
.XZ
2?2
6k<
/Ql
1Z[
..i			Cyberblast	1990
4Ol
RJ
ML
02N
dDg
.Q]			The Plague	
2c]
4Sf
.3O
3]=
6Wj
=1Q
3^=
9-T
.TF		Tynesoft	Beverly Hills Cop	1991
X4[	Ronald Pieket Weeserik	Public Domain	Qbic	1992
:KN		The Sales Curve	Rodland	1991
8CR		Virgin Mastertronic	The Ninja Warriors	1989
G4D
;Y]	Ronald Saake	Starbyte Software	Tie Break	
8c`
b_V	Ronny Nordeide	Andromeda	Mind Riot	1993
4iU	Room237	Dark Unicorn	Desert Apache	1995
9iM	Rooster	Diffusion	Kintro	
@V5
9SF	Ross Goodley	Image Works	Bombuzal	1988
6bP	Ruben Monteiro	Public Domain	Conquest Remix	1997
10M
F5l
I0_
3.7	Rudolf Stember	Ascon	The Patrician	1992
.8C
8AI
>Cg
5DB
;?Q
3Tj
2RR		Ascon Software	On the Ball	1994
.kS
D:>
:K6
LB5		Attic	The Oath	1991
8eh
3P:
a;
cG
_N
;YK
.fQ
72		Double Density	Orbit	1987
2SS
K96
.RZ		Kaiko	Software Manager	1993
7[F
Q?V
;6^
0_E
POV		New Bits On The RAM	Metal Law	1992
=eS
/GX
6dV		Ocean	Mr. Nutz	1994
/P7
.N3
.@f
LGL
0kY
.bW
4WC
/A7
1?F
/I0
2->		Play Byte	Ugh!	1992
=RO		Rainbow Arts	Logical	1991
@dY
8NQ
3DO
.Oa
.J_
.=V			Mad TV	
.O>
.@:
VO
/bf
/AN
1.9
A11
Fb5
5NV
cW?			The Curse of Ra	1990
<>X			Z-Out	
1L^
?R9
3Na
2@f
/IL
Bi_		U.S. Gold	Blade of Destiny	1993
=h2
@?e
.8b
1U5
6e3		Ubi Soft	B.C. Kid	1992
<l^
3PX
1k_
.Ve
0?g
3-k
;;]
I=	Ruedi Hugentobler	Starbyte Software	Traps 'n' Treasures	1993
f:
2Z_
.Ie
7Y5
/`g
.>;
4A
;=c
dj
3cS
.g6
AEH	Rune Svendsen	Spaceballs	9 Fingers	
>MQ			State of the Art	1992
DW]
3e[	Russ Bedord	Cosmi	Super Huey	1987
A[X	Russ Turner	Electronic Arts	Keef the Thief	1989
9\b	Russell Shaw		Syndicate	1993
iGI	SCS	Red Sector Inc.	Red Sector Megademo	1989
;Y?	Sami Arola	Virtual Dreams	Faktory	1995
iH]			Full Moon	1993
/-J	Sami Jarvinen	Juliet+Case	C42	1995
T14
Ph=		Stellar	Miracles	
;43
Al1		Virtual Dreams	Illusion	1993
H7W	Sami Liuski	Amacon	Mission Impossible	1995
APF	Satyricon	Extend	Sections	
8I`
PV;	Saul Cross	Atlantis	Killing Machine	1992
G[
6cl
1-j	Scott Williams	Millennium	Pinkie	1994
0C.
.IK
0<<
.7^
.`d
iK
.>2
/N0
125
5c;
[3
1dJ
.Yh
.PG
/kk
\j
10?
.bA
/9G
4[_
0LD
=S
0gP
E=i	Sean Connolly	Creative Edge	Surf Ninjas	
11J	Sean Conran	Alternative Software	Count Duckula	1990
9LY
GAH
e8a		Enigma Variations	Defenders of the Earth	
I>a		Gremlin Graphics	Videokid	1992
?K@
[6Q		HiTec Software	Hong Kong Phooey	1990
M^4			Ruff and Reddy	
UHg			Top Cat	1991
.-T.			Wacky Races	
Yh<			Yogi Bear & Friends	1990
./Xf		Ocean	WWF Wrestlemania	1991
09U		Psygnosis	Infestation	1990
IZT		U.S. Gold	Mega Twins	1991
6>f	Sebastiaan Lentfert	Dragons	Dragons Megademo I	1990
Oa5
?2B	Sebastian Delisle	Share And Enjoy	Amazing Tunes II	
UW=
f=h	Serkul	Cydonia	Phobos	1994
;Sh	Shaun Southern	Gremlin Graphics	Lotus Esprit Turbo Challenge	1990
2fY
.@I
.kO
7f7
.2:B			Lotus Turbo Challenge 2	1991
4gj	Silvio Tognazzi	Magic Bytes	Penthouse Hot Numbers Deluxe	1993
9D@
MJG
7TD	Simon Berry	Novagen Software	Backlash	1987
9j>	Simon Bostock	Gametek	Paws of Fury	1995
=^D
<V
2k;
.Wl
CBD	Simon Ravn	Epic Marketing	Foundation	1999
c-
:Rc
=WB
.R<
0ke
.5L
:al	Simon Speight	Guildhall Leisure	XTreme Racing	1995
4QN
3e9
BJT
/7g
<3[
@[
YMh	Sonic Boom Boy	Panic Production	GigerTetris	1993
Rah	Sonicom Music	F1 Licenceware	Giddy II: Hero in an egg shell	1994
:jJ
=h	Sorcery Media	Adventure Soft	Simon the Sorcerer	
Eh
/SV
EO
.jM
/@-
.1X
/Wd
0:d
/EH
S
1->
.bQ
B1
/45
.8^
0O0
.MK
/F=
.4e
7<B
.5_
.RX
.TC
c=
1f4
1aN
/?7
.92
.@4
U=
.2S
K.
.`d
\:<	Stavros Fasoulas	The One	Galactic	1993
0V-
RE_	Ste Bleasdale	Mike Dodd	Super Skoda Challenge
2Ud	Stefan Bernbo	D-Mob	Music-Disk 1	1989
5ON
Ad3
92:			Music-Disk 4	1991
.?@
41_
7?-
0iK
;=G
/:0
.IT
ETa	Stefan Jeworowski	Rainbow Arts	Spherical	1989
<kC		Virgin	Sarakon	1991
4FM	Stefan Poiss	Max Design	Oldtimer	1994
CH^	Stefan Schulz	ZenTek	NEMAC IV	1996
Clj	Sten Larsen	Kefrens	Egregious	1991
D4\			Guardian Dragon	
RKG
X\g			Guardian Dragon II	1992
18?
1<K			Multi Megamix	1991
<A4
4]@
\B
M6N
l4<			Multi Megamix II	1992
2Wg
^
.0D
PV
7i\		Public Domain	Bedroom Olympiad	1988
0g0	Stephan Wenzler	Kingsoft	Gravity-Force	1989
1kM
c]>	Stephane Picq	ERE Informatique	Kult	
<JU		Exxos	Purple Saturn Day	
Ehe		Infogrames	Bubble +	1990
Ff			Crash Garrett	1988
.1Sg			Full Metal Planete	1990
83			Jumping Jack'Son	
:GH
EaM
3>E
4<l
>W<
6Ki			Mystical	
N6R			Wanted	1988
`eG		Virgin	Extase	1990
/.Z		Virgin Interactive	Dune	1991
B3
.k7
7hK	Stephen Smith	Vulcan Software	Uropa²	1997
Z]_
6Q_
[Eb	Steve Barrett	Arc Software	Chronicles of Omega	1990
?ic		Codemasters	Advanced Ski Simulator	
.>Q
V_P		Free Spirit Software	Dragon Scape	1989
.jZ		Mastertronic	Kelly X	
bek		Prism Leisure	Artificial Dreams	1988
WEb	Steve Collet	21st Century Entertainment	Rubicon	1992
>Vi		Empire	Campaign	1993
JB-
B[f		Thalion	Trex Warrior	1991
=Uk
/<K
TV1	Steve Hasler	Mediagenic	Ninja Spirit	1990
.F`
c><		Share And Enjoy	Amazing Tunes II	
A/b		The Edge	The Punisher	
/-W
4cB	Steve Hogg	Share And Enjoy	Amazing Music Disk 1	1988
.XG
39
09_
:8f
:
>O
2D>
CDV
<-k
Ml	Steve Morgan	Boms Computer Games	Club & Country	1995
\c\	Steve Turner	Ocean	Rainbow Islands	1990
4:A
_Mc	Steve Wetherill	Electronic Arts	Projectyle	
;04	Steven Green	Paragon	The Amazing Spider-Man	
OF\	Steven van den Heuvel	Public Domain	Dirty Moves	
A.2	Stryper	Yodel	Oberon	1995
.2eD	Stuart Taylor	Zeppelin	F1 Tornado	1992
i`E		Zeppelin Games	Jocky Wilson's Darts Challenge	1990
>f_	Stud	Ward	Once Upon A Time	1996
D0H	Svein Johansen	Scoopex	Scoopex Plays 2 Unlimited	1993
D:N
.2L
CVX
CD;	Sven Appel	Amiga Fun	Octagon
5P^
EZR
EI/		Software 2000	Holiday Maker	1990
11?	Sven Bauer	Eclipse	Stone Age	1992
0-\
3Id
<GD
M:A
KL
4-9
8?
/Y`	Sven Gerlach	Infernal Byte Systems	Gainforce	1991
2[g
K@=
4AD
1V]
/FV
1Z0
T>S	Sven-Erik Ceedigh	Limited Edition	Mindabuse	1996
1Ce	Tamas Kreiner	Grandslam	Reunion	1994
0VN
9=<
;>k
5/
;1;
07;
:bk
.l
.-<8	Technique	Decay	The Simpsons Demo	1991
8Y:	Temen	Embassy	NetHed	1995
WW;
1B7			Thrilled	
..L1
4V9	Ten Pin Alley	MicroProse	Covert Action	1992
\h
QH=
@9@			Silent Service II	1990
6LD	The Avatar	Sanity	Dee Groove	
.-Y	The Jester	On-Line	Town With No Name (CDTV)	1992
B?A
5_/
j-
0RG
@8
0<F
1gQ
.Xk
248
.Qj
3PS
1.6
.34
1Qi
F;d	The Sound Mechanix	Limal	Kiro's Quest	
5YG
462
3fR
9>Z
CAY	The Source	Activision	Predator	1987
EJ>		Electric Dreams Software	Super Hang-On	1988
8i4
L.=	The Traveller	The Firm	Megatrainer
lK5	Thomas Bendt	The Silents	Fruit Kitchen	1995
<_j	Thomas Hermann	Magic Bytes	Beam	1989
AE2
38^			Blue Angel 69	
1IW
.3CB			Nightdawn	
Ydb	Thomas Jaenicke	S.C.A.L.A.	Not Again	1994
5k5	Thomas Lopatic	Creative Vision	Detonator	1987
/Bd
/J7		Discovery Software International	Zoom!	1988
lcD
7H]		Euroline Software	Ganymed	
BH3		Gametek	Der Preis ist Heiss	1991
9T[			Riskant !	
X6<		Golden Gate Software	Ringside	1988
:jT		Kingsoft	Phalanx II: The Return	1987
]UT		PCSL Software GmbH	Wetten, Dass..?	1991
XeV		Rainbow Arts	Denaris	1988
1\Z			In 80 Days Around the World	1987
6D			Katakis	1988
Zle
Ol		Time Warp Productions	Street Gang	1987
<bV			The Great Giana Sisters	1988
4D@
;9h
LKa
>>V		reLINE	Final Mission	
SOI	Thomas Pimmel	Public Domain	OCB	1996
1.Q
05R
@.d
/<D
75X	Thomas Porschen	Magic Soft	Krymini	1990
..:
b=S
M5;	Thomas Volker	Mindware International	Aunt Arctic Adventure	1988
/ek
0cj
7f8
.V`
42h
0Z?
47D
WW	Thomas Zighem	Mindscape	Genesia	1993
5a_
W8
4^E
/g[
0XQ
<@E
4l8
/?
0Yl
/5B
CF
.HP
01Z
0gE
>G?	Tim Bartlett	Grandslam	Beast Lord	
1@K
Y6g
<YM		International Computer Entertainment	Abandoned Places 2	
2Gi
\-0
3O5			Akira	1994
3JV
.>j
7@.
\d
Mj
1QP
7Bh
/=W
Ec
/UF
/L-		Millennium	Kid Gloves II	1992
7h8
CK
@`7
9\B
.d]
:7`
0c=
5jW		Psygnosis	Ork	1991
2U2
CVi		Thalamus	Creatures	1992
/5=
/L>
?b1
545
NF
/D?
9Xc		Zeppelin	Carnage	
`DS	Tim Follin	Go!	Bionic Commando	1987
Di9			L.E.D. Storm	1988
=X@		Ocean	Puzznic	1990
M-K			Sly Spy	1989
2_^
501
15i
5\C
Eh0		Taito	Qix	
.SS		U.S. Gold	Gauntlet III	1991
BaU
6CO
TE
9gM
9=8
659			Ghouls 'n' Ghosts	1989
0d@
<k?
3E^
26
6@`
Ea:
.3U	Tim Haywood	Ocean	Burning Rubber	1993
/U-
4?F
.Sl
3:f
.:g
3Rj
/V0
0kj
iW
2]P
.Ac
/1E
0QR
1:a
Qk
.g-
0VK
.=j
GK
.F3
J1
.<
0HO
1YE
\P
1k		U.S. Gold	Winter Olympics	1994
4c6
E:9
1a:
.a;
5l4
4iU
46K
18V
YZQ	Tim Mueller	The Electronic Knights	Vomit Visions	1991
/3M	Tim Theunissen	Absolute!	Clairvoyance	1993
00	Tim Wright	Dionysus	Puggs in Space	1989
?IC
PjB
/l.
9JB
M<\		Electronic Arts	Powermonger	1990
9be
15G		Psygnosis	Agony	1992
Cc>
2:l
.>;
6D
/QY
?1
N=
0Dk
.B?
2I]
.L
6g4
b3
1`O
/FT
;@			Aquaventura	
5dW
0fd
?ET
96^
7<M
1@3
5ib
Z0
55j			Awesome	1990
;lY
..C
/KV
;8A
.R
/JO
9G4
1f:
6SB
H:d			Carthage	
/`8
M8S
2U@
h`
1^-			Leander	1991
5PD
.@
2HY
9U1
6W@
4ej
;:
/C?
b\
/Wb
.NV
/<I
.7c
/>6
22g
Pf
/;G			Lemmings	1990
IH
.H-
.;/
.NZ
.\B
=:
6^_
0D9
V:
/3Q
/3C
U2
.Qk
F2
1k
^S
@W
5L\
0Z?
/3P
/.\
6P?
5fZ
.M@			Puggsy	1993
4Zb
]P
3R
1[C
`:
/e[
bf
.g<
0Wd
8/
SM
;
/i@
/2R
IW
2Wi
/>Y
1We
.80
/;>
/MX
/bc
.4;
KM
0.B
.j<
`H
/@:
el
.f/
f4
0CG
5S
.5A			Shadow of the Beast II	1990
0i_
4Q.
.C/
7h=
/Y_
/GO
P:
44
34M
Uf
3<I
.dO
/Db
.3U
0iX
29/
.@6
7<C
/D9			Shadow of the Beast III	1992
1-c
0iC
.\7
.Eg
1\P
ha
/=1
0Wb
.E8
k.
OJ
79B
0_a
19b
/J3
.jY
=d
.3a
BV
.hM
/A
.d>
3JL
.K?
?..	Timm Engels	Doctor Mabuse Orgasm Crackings	Demons Are Forever	1988
QDh		Mastertronic	Double Dragon II	1989
JJ-		Visionary Design Technologies	Datastorm	1988
.1l	Tiziano Cappiello	Power Computing	Breathless	1995
37S
9SA
<Bk
12S
3/R
E0I
=V?	Tobias Hirsch	Nordlicht EDV Service	Mega-Typhoon	1996
S/Q
5a.	Tom Rettig	Brøderbund	Where in Europe is Carmen Sandiego?	1989
.`\
_>
/Sd
e5
2@S
1V_
0Fg
8j;
/^F
40I
/]Q
0__
1d9
\<
1Ql
/-O
?W			Where in the U.S.A. is Carmen Sandiego?	
0CZ
dH
GO
11K
/Hi
22Y
1.N
5-S
0ib
/\F
1\9
3.?
/15
6KD
2;d
0\e
^:
.9]
9fK	Tomas Dahlgren	Hewson	Zarathrusta	1991
6b0		Mastertronic	Double Dragon II	1989
TVI
Mj0		Neutron Dance	185 Bobs
;CY		Scoopex	Mental Hangover	1990
?Qc		Share And Enjoy	Amazing Tunes II	
JOY
11
4dV		The Whiz Kidz	Ziriax	
H3
.@M
I?
/a6
/;`
@GU
22G
2@V
3i]
/?g
fhN	Tomas Danko	International Computer Entertainment	Deep Core	1993
.QR	Tomasz Pisco	L.K. Avalon	Zombie	1994
/I1
?/9
MU
P<G
3Ib
.XZ	Tomasz Wiktor	Marksoft	Tyran	1996
0D3
19-
25X
/Q6
1R/
2R_
EW
1Kl
/L<
/S.
GNh
^a
_/0	Tony Francis	System 3	Dominator	1989
.R2	Tony Selinger	Firebird	Golden Path	1986
P:^	Tony Williams	21st Century Entertainment	MoonFall	1991
5d:
;ac		Hewson	Future Basketball	1990
7K0
1@i
/=W		Image Works	Teenage Mutant Hero Turtles	
9>V		Ocean	Narc	
G^d
OhC			Smash T.V.	1991
G1U		Pick & Choose	Chuckie Egg	1988
1_9			Chuckie Egg II	1989
=9_		Psygnosis	Never Mind	
_WG
6]Q			Nitro	1990
N>[		The Sales Curve	Shinobi	1989
6gW		U.S. Gold	Super Monaco G.P.	1991
<_i
6ji		Virgin Games	Viz	
N9f
6bT
2[/
.NN
1-l
1Be
Ug`		Virgin/Mastertronic	Judge Dredd	1990
8^h		Zeppelin Games	Blinky's Scary School	
Qdj			International Ice Hockey	1992
<U5
=.j
5-Y			Sharkey's Moll	1991
XET
aXg	Tor Gausen	Avesoft	Coloris	1989
CMD		Cryptoburners	Party Time	1991
OJ\
Zl\		Neutron Dance	The Dancing Bolls
@a5		Svein Berge	TwinTris	1990
4?c
9L:
Fg^	Torsten Fassbender	Demonware	Fly Harder	1993
CX.
B9j
G`>	Torsten Gellrich		Carcharodon	1990
0D6
J^^
=Cl	Trax	Nihondreamers	Abunai Dangerous Demonstration	1993
;]
8NE	Trevor Stainsby	Trojan Software	Cyber Assault	1992
==C
Y0R	Turboboo	Cirion	Hope	1995
XT5	Urban Shakedown	Urban Shakedown	Some Justice '94	1994
EB>	Vark	Vark	The Alien is Dead	1992
K_f
@3M	Victorien Ferry	Mankind	Aerial	1996
K@>	Ville Hellin	RRR	Cinderhatch	1995
T:f	Vindicator	Sanity	Best Game Sound #1	1990
6T	Vlado Tomic	Titan Computer	Evil's Doom	1996
.S3
.06
=.
1N\
1RA
13G
F5
2-L
V8
1;I
kj
LW
.^V
/D.
RY
.gi
/e4
/3<
3c\
0aJ
/@h
.ik
.ZI
.h/
cj
.@;
?I
2RN
.3L
.W]
cl	Volker Tripp	APC & TCP	1990	1993
/FT
<`
/e]
8W
[Q
PL
1T2
1bl
4e
.C@
/bk
Nc
KM
/N:
2KX
.Nj
7b
.`7
jA
/iY
038
.eQ
.YV
aG
/e_
I9
HL
.>T
.RU
.6c
/C7
4<8
.C=
.?K
=U
5c
17e
lOF			Marblelous	1994
.0_S		Rebels	Sanity is Dead	1992
dFN		Sanity	A BBS Intro	1991
Jcg			Boggledop	1993
R8`
j;Q			Chess Board	1990
S>e			Elysium	1991
3V`			Fool's Gold	
Td
0Q
:\G
GKG
=.E
3aR
.1Gd			Hospital Since Friday!	1993
/lI			Jesterday	1992
36R
6hb
.7:
;dc
0_A
ZZk			Optimum Fuckup	
7@j			Roots 2.0	1995
Pf8
2ha			Terminal Fuckup	1993
Daj			Trash Pack no.21	
E]H			World of Commodore	1992
MMH	Wally Beben	Activision	SDI	1988
5ee		Actual Screenshots	Futuresport	1989
2Qf		CDS	Colossus Chess X	
VlJ
1WO
<=N		CRL	Lancaster	
6NI		Electrocoin	Mr. Do! Run Run	1990
;E=		Electronic Zoo	The Ball Game	1991
f7N		Exocet Software	Foundation's Waste	1988
c8X			Hyperdome	
?`E			Phantasm	
.bH		Firebird	Elite	
=?l
FVi			Quartz	
ZZ6		Go!	Street Fighter	
K=		Micro Status	Dark Side	1989
.3Ge			Total Eclipse	
Ji		Public Domain	Airmania!	1991
6Uk
K[
GS0
2\:
2Fa
5>P
.\L
1U
2Ef
/cS
2c-		Thalamus	Hawk Eye	1988
Z`8
Y.c		Tynesoft	Circus Games	
0`M			Superman	
X:			Winter Challenge	
/Ka
?F:
2K5
:5^
@TJ
GRT			Winter Olympiad 88	1987
M<
;F6
0T:
7]T
7Ka
Yee		U.S. Gold	Pool of Radiance	1990
Oj>		Vivid Image	Hammerfist	
JMV
c^S			Time Machine	
2hd
.FC
4U1
LkU	Will Davis	Electronic Zoo	Under Pressure	1991
=O>
Ob	William Goldstein	Sierra On-Line	King's Quest IV	1990
GC
.aD
.a0
dN
.?j
.<N
;N
dU
.5;
c/
Gl
KR
8V
Ja
09
Xi
.HE
/E^
I0
.l?
3f
/K;
83
DO
>@
]U
kB
=6
<I
bf
2E
O@
R
7L
/DG
S>
.>A
.;b
NG
>D
1R
U_
A.
15
Y\
4Z
/3
=_
.3?
.HF
C]
hM
\N
NJ
./6
>3
::
.85
EJ
YE
.?_
^<
9B
E3
`a
;b
A:
.-0
.e8
/LQ
3e
26
i
.:c
eH
/g
86
.]c
.A?
;D
1H
@Z
Hf
VL
GP
.HJ
..L
.IL
<X
.OP
/.1
OE
G8
70
/WO	William Hensel	Impulze	Graeme Souness Vector Soccer	1991
P5h		Zeppelin Games	Edd the Duck 2	1992
ZkD			International Truck Racing	
;:<	William Turner	Seriously Good Music	Seriously Good Music Disk 1	1990
E7P
..NF	Winston Wood	Strategic Simulations, Inc.	Phantasie III	1987
3E9	Zadd	Dimension X	Retina Burn	1993
WJ	Zoltan Vegh	Psygnosis	Perihelion	
YI
7`C
4AO
/dZ
.VW
.eV
0>L
/Ya
086
.RG
/TF
22T
/7Z
1kA
//J
1/B
/R@
6^8
