0012f84bf2ec6615a2e448b9de8b24b3	1	61769	player	uade	Protracker	0	231330	8b6f2e91	Music - Scene - MOD/Blue Skies (1994)(Rix of Duplo).mod
0051cf2ad2b8034a8ad7a41f7059e24a	1	163125	player	uade	Protracker	0	261892	fc75bf33	Music - Scene - MOD/Voyager (1994)(Hollywood of Kosmic).mod
016b1afaa897d7fe021ef34c60bac0cc	1	250595	player	uade	Protracker	0	119618	e7f0f4f4	Music - Scene - MOD/Symphonic (1992)(Hollywood).mod
0356666e4508ae0e3721520995aff662	1	169093	player	uade	Protracker	0	176198	6d1371a8	Music - Scene - MOD/Axel F Remix (1992)(Vogue of Triton).mod
03e846497fba14f9a765cd260057dd26	0	119538	player+silence	libopenmpt	Composer 669	8	119426	0922bf0f	Music - Scene - 669/Kick The Melon, Let It Go (1993)(Bilbo of TTA).669
05387748d345ee776b7881f4159767f6	1	234023	player+silence	uade	Protracker	0	290552	ebef5cd0	Music - Scene - MOD/Clairvoyance (1994)(Doc Holiday + Twilight).mod
05bb6e46cffc111d2ef3e4648954acd7	1	112722	player	ft2play	FastTracker v2.00	8	150310	642a0b4c	Music - Scene - XM/Don't You.. Voguemix (1994)(Vogue).xm
07f346055e29d02b49d02c5a165857be	0	345621	player	uade	Sonic Arranger	0	73032	49af95a1	Music - Games - SA/Lionheart - Level 4 (1993)(Thalion Software)[3 Tracks][SFX].sa
07f346055e29d02b49d02c5a165857be	1	2893	player
07f346055e29d02b49d02c5a165857be	2	5787	player
0809c654cc606b84c4426e436471d22d	1	103179	player+silence	uade	Protracker	0	109018	f0f4f721	Music - Scene - MOD/Bombtrack (1994)(Clawz of Bomb).mod
081a913e9cc4211ba5fb11fc2f50cb8d	1	179662	player	uade	Protracker	0	116528	07037731	Music - Scene - MOD/Yackow (1994)(Woober of Saints).mod
08f2e8ef7c47cde8347d020438514c36	1	132020	player	ft2play	Fasttracker (M.K.)	4	292198	01c62c1e	Music - Scene - MOD/Industrial Erotic (1998)(Gilbert Guttmann-Sebastian Rostalski).mod
090a24a8ffec30d1ea37b5a570d61ab8	1	144779	player	uade	Protracker	0	67032	830a81f6	Music - Scene - MOD/P-reborn (1994)(Lizardking + Mantronix).mod
09eda71e9a547e83c8fa501ac734c09b	1	120565	player	uade	Protracker	0	302704	9a1ed24d	Music - Scene - MOD/Istanbull (1994)(Unison of Impact DK).mod
0a46643d6d65d201fabb56aeb6cc7747	1	204961	player	st3play	Scream Tracker 3.01 (SB)	16	455702	2435af21	Music - Scene - S3M/Chariots (1994)(Fire by HMW).s3m
0a8642799f4c871de96e6316288fdaad	1	89746	player	ft2play	FastTracker v2.00	4	38715	29b9664d	Music - Scene - XM/Rawdata (1998)(Ivo Grigull).xm
0bd99ba95f0fc848ea06a7f4e5122ee6	1	165152	player+silence	st3play	Scream Tracker 3.01 (GUS)	16	323530	3148a275	Music - Scene - S3M/Fantasm (1994)(Marvel of Future Crew).s3m
0d2462d3bdb3f3841afc6ca85a00c218	0	202642	player+silence	libopenmpt	Composer 669	8	272533	72d72e1d	Music - Scene - 669/Aluminum Foil (1992)(Daredevil of Renaissance).669
0ee4f8a82f6b30e63d6e78a15dcde81d	0	328596	player	libopenmpt	Composer 669	8	197113	43df2045	Music - Scene - 669/Symphony In Effect (1993)(Reepicheep).669
0fb192f97c3898e8406e7c51bb0a2689	0	93161	player+silence	libopenmpt	Composer 669	8	201575	e1df4cbe	Music - Scene - 669/Instant Mix (1993)(Bilbo of TTA).669
1137849f663d630960fb62e1b749e99f	1	133928	player	uade	Protracker	0	368302	e5d385c0	Music - Scene - MOD/Vaginal Lubrication (1994)(Yolk of Parallax).mod
115f46140241596e375e88f7540bb553	1	256824	player	uade	Protracker compatible	0	198662	278e772c	Music - Scene - MOD/Epsonic (1992)(NHP + BKH).mod
11a3d2813f5177744201fdb653866042	1	155747	player	ft2play	Fasttracker	6	263232	fb83d2ca	Music - Scene - MOD/Bud Rap (1994)(Moby + Ra of Noon).mod
12d53552d480f1eeecd676df4d8cfb35	1	38960	loop	uade	MON	0	28672	8040b62f	Music - Games - MON/deathtrap - Death Trap High.MON
15ea25517e45399192c6007da3054059	1	200359	player	st3play	Scream Tracker 3.01 (GUS)	8	759694	90c960c8	Music - Scene - S3M/Just another Story (1994)($volkraq of Gollum).s3m
174dc19562b5859d91cc53ecd405ff88	1	73808	player	ft2play	zippy/sr?/sdi	12	86642	f2c53fd8	Music - Scene - XM/Under the Sea (1998)(Gilbert Guttmann).xm
185d7a04fadf3893824408192bcb50e5	1	118114	player	uade	Protracker	0	300996	fefd6232	Music - Scene - MOD/Proba Mikrofonu (1994)(Scorpik).mod
1933752db175f8ef002b1e53388fd0a1	0	137856	player+silence	libopenmpt	Composer 669	8	150584	b955fbdc	Music - Scene - 669/Men In Orange, The (1993)(Bilbo of TTA).669
1935fe3678c5a1b0cbd10ce7d8697efc	1	214847	player	uade	CustomMade	0	35856	a5843f73	Music - Games - RK/Battle Squadron - Title (1989)(Innerprise).rk
1935fe3678c5a1b0cbd10ce7d8697efc	1	214847	player	uade	CustomMade	0	35856	a5843f73	Music - Games - RK/Battle Squadron - Title (1989)(Innerprise)[a].rk
1935fe3678c5a1b0cbd10ce7d8697efc	2	3225	player+silence
194b941c0b983fd81a0ab671d8815eff	1	274494	player+silence	uade	Protracker	0	305054	25ae46c6	Music - Scene - MOD/Hackerrence Mania (1993)(Lizardking).mod
1981354b5842552b54b1f8f84bf1877d	1	165164	player+silence	st3play	Scream Tracker 3.2x (GUS)	9	205552	b74b3044	Music - Scene - S3M/Infinity (1994)(Necros + Khyron).s3m
1aa47d40b3eeaff683d0b3cda760f1ea	1	217503	player+silence	uade	Protracker compatible	0	151060	08eeed79	Music - Scene - MOD/Atmospherical (1993)(Lizardking of Alcatraz).mod
1b479afe265eb734353f504307fb2bc3	1	144377	player	uade	Protracker	0	390828	7fbb7e8b	Music - Scene - MOD/Gemle Lard (1994)(Doh of Dream Dealers).mod
1b8c290944c62193cd733ad7b2f0655a	1	377571	player	uade	OctaMED MMD1	0	656314	fb7f89ac	Music - Scene - MED/No Good - Start The Dance (19xx)(The Prodigy).med
1c552fc3c0efaceb2a3c3088e16639c3	1	84262	player+silence	uade	Protracker	0	81234	20c60616	Music - Scene - MOD/Tango Love Song (1993)(Lizardking).mod
1d017ef7f6a306b6a31f4623833ed282	1	80336	player	uade	Protracker	0	200302	558f54ec	Music - Scene - MOD/Crystal Starlight (1992)(Vogue of Triton).mod
1e61cc69a877ab9640ed57f64db54800	1	142487	player+silence	uade	Protracker	0	342300	94a14cea	Music - Scene - MOD/Unbored Fantasies (1994)(Kallestrup).mod
2132a697ed5bc16af9c5ea7dbe2f03b3	1	370393	player+silence	ft2play	Fasttracker	8	386752	2d3619b5	Music - Scene - MOD/Ambient Power (1994)(Vic of Acme).mod
23dfc86439124f6202b93110b567a2c1	1	266354	player+silence	uade	Protracker	0	658174	8f19ac9b	Music - Scene - MOD/Murders of Passion (1994)(Lava of Subacid).mod
23fd668015e9374aab999546956782b6	0	217276	player	libopenmpt	UltraTracker 1.5	13	202364	ad2f0cfc	Music - Scene - ULT/Spherical (1994)(Nagel).ult
2460daac07a3fbd7086bb51be82431c3	1	213876	player+silence	uade	Protracker	0	159178	4ae451ec	Music - Scene - MOD/Happy Whirlwind (1994)(DJ4753 of WWW).mod
260065b9737ef1dd9f7aafeb2ae3e59e	1	232366	silence	uade	Protracker	0	173253	b38ece94	Music - Scene - MOD/Guru (1994)(Scorpik).mod
26fe8ce36c5dbe868ae8721b2d18e834	1	122675	player	st3play	Scream Tracker 3.00 (GUS)	8	279313	4c889bbe	Music - Scene - S3M/Splatfest Intromusic (1994)(Skaven).s3m
27b239b8bf13678743f48911bc966ea6	1	124677	player+silence	uade	Protracker	0	536670	37f6c722	Music - Scene - MOD/Funky Inspiration (1994)(Zombie).mod
2901b254baf4ac377cdfc5a42249676e	1	357749	player+volume	uade	Protracker	0	811728	47ca19a7	Music - Scene - MOD/Huile de Pneu (1994)(Blue Silence of Eden).mod
2901b254baf4ac377cdfc5a42249676e	2	357878	player
2901b254baf4ac377cdfc5a42249676e	3	359104	player
2901b254baf4ac377cdfc5a42249676e	4	358883	player
2a0e66439d988c6cf3bb01695542fc4c	1	241533	player	st3play	Scream Tracker 3.00 (GUS)	8	157584	6ec60b47	Music - Scene - S3M/Insideout (1994)(Purple Motion of Future Crew).s3m
2b3d544e9cb74d89f9ea6917aa9a46c7	1	431825	player+silence	uade	Protracker	0	255412	acbc9be4	Music - Scene - MOD/Florence (1991)(Audiomonster).mod
2c6f8d679735f4a1da9ccf3ff6ade63e	0	300831	player	uade	Sonic Arranger	0	60090	419e8530	Music - Games - SA/Lionheart - Level 3 (1993)(Thalion Software)[2 Tracks][SFX].sa
2c6f8d679735f4a1da9ccf3ff6ade63e	1	1949	player
2f35567e716f5aefa9aa4c3859f92a6e	0	61443	player	libopenmpt	Composer 669	8	173933	41ec1d14	Music - Scene - 669/Solomon Shrine - Y's II (1993)(Reepicheep)[TurboGrafx-16 Game Remix].669
2f711516f476cf12c996a6e3f6ff6408	1	209008	player+silence	st3play	Scream Tracker 3.2x (GUS)	14	562677	f810a1f3	Music - Scene - S3M/CloverLeaf (1994)(Prism of EMF).s3m
3008c8491a7d255a0feaba12595e2762	1	482885	player	st3play	Scream Tracker 3.00 (GUS)	8	391312	b725df1e	Music - Scene - S3M/Second Reality Soundtrack - Beginning And Ending (1993)(Skaven of Future Crew).s3m
3008c8491a7d255a0feaba12595e2762	2	328460	player
3008c8491a7d255a0feaba12595e2762	3	400940	player
30950cb27f3f6294f29ac99d79707ec2	1	122624	player+volume	ft2play	FastTracker v2.00	10	138740	86913a06	Music - Scene - XM/Power of Elks (1994)(Mr. Justice of Pheonix).xm
315458e4adf57409b474129994c0595e	1	171322	player+silence	ft2play	Fasttracker	8	297708	1ae483c1	Music - Scene - MOD/Decalogue, The (1993)(Vogue of Triton).mod
32091ead48bb3e442cf420e568d05293	0	158744	player	uade	Sonic Arranger	0	53544	edcca1d5	Music - Games - SA/Lionheart - Level 2 (1993)(Thalion Software)[2 Tracks][SFX].sa
32091ead48bb3e442cf420e568d05293	1	2592	player
3362a46b460b48e1adbd3b7867d56417	1	145965	player+silence	st3play	Scream Tracker 3.2x (SB)	12	485920	4cf5bfe9	Music - Scene - S3M/Nebulae Craingae (1994)(Welti).s3m
33b2de377260658be2ebcc3f4cf8e67f	1	67430	player+silence	uade	Protracker	0	148126	0408055b	Music - Scene - MOD/Myonnytspolska (1994)(Dizzy of CNCD).mod
33d955b0d20c5e9b8c571a4c7ada47b0	1	218452	player+volume	uade	Protracker	0	392798	6f75bea6	Music - Scene - MOD/Fate (1994)(Universal Sound).mod
36c69be5c6b4c159f2c63ce073ae3068	1	353819	player	uade	Protracker	0	380000	a9a667d6	Music - Scene - MOD/Existence (1994)(Spacebrain of Dreamline Design).mod
37dd08f6c904d0d4a356614510f2533f	1	279586	player+silence	st3play	Scream Tracker 3.00 (SB)	9	299411	193e7379	Music - Scene - S3M/Starshine (1993)(Purple Motion of Future Crew).s3m
3843294e59348ee6a0adb172a817c491	1	156523	player+silence	st3play	Scream Tracker 3.10 (GUS)	2	98902	b6ee7a64	Music - Scene - S3M/Zak-zaka-zak-zak (1994)(Purple Motion of Future Crew).s3m
3a9898732c6afa0646e352602963abad	1	119439	player	ft2play	FastTracker v2.00	8	228445	63441874	Music - Scene - XM/Incinerated (1994)(Vogue).xm
3c80112d4a19bc1c46556bee77b1c55d	1	132019	player	uade	Protracker	0	409016	13aa2af4	Music - Scene - MOD/Yeah (1994)(Lord Semtex of Hellhound).mod
3d8826332533837c2e2a9de71d1e3a2b	1	123785	player+silence	uade	Protracker	0	279458	bd1f67bd	Music - Scene - MOD/Chillout Harmony (1994)(Vegard of Beam).mod
3dda75bfb3f9e653db75995dbedfa9b6	1	244035	player+silence	uade	Protracker	0	355512	c41457e1	Music - Scene - MOD/Nemesis (1992)(Misty + Daeron of Bracko Productions).mod
3fba2d862b41747c85d7396c63acc638	1	140921	player	uade	Protracker	0	21030	d3f97dc0	Music - Scene - MOD/Mental Frustration (1992)(Nugget of Rebels).mod
3fbb5710cca6df9eec95f3b5d9f85375	1	198852	player	uade	Protracker	0	209816	2b052ac4	Music - Scene - MOD/Anthygony (1994)(Jonny of Interpol).mod
403363801fa85dfd641215ba2f8b1cfb	1	242055	player	uade	Protracker compatible	0	173350	5160059b	Music - Games - Covers/Xenon 2 Title (1989)(Bitmap Brothers)[cmp Bomb the Bass][seq Frederic Motte].mod
40aa43765925fe99f0ad21e7978da3b0	1	204649	player+silence	uade	Protracker	0	303290	ff1f40ba	Music - Scene - MOD/Gryfunk is Da Vox (1994)(Gryzor).mod
4295096a0336fbc8c4158648f24b6948	1	386691	player+silence	uade	Protracker	0	361286	86eb5188	Music - Scene - MOD/Cah-Caqlach (1993)(Heatbeat of CNCD).mod
43d131d99e87798df913c6f65b9d0828	1	209568	player+silence	ft2play	FastTracker v2.00	12	740554	af840688	Music - Scene - XM/Reflector (1994)(Zodiak of Cascada).xm
45386c73029796581dd4964bef9c3bf6	1	154607	player	ft2play	Fasttracker	6	28600	696e7fad	Music - Scene - MOD/Hpl-32k (1994)(Dune).mod
461d42bce89434fceef0ef0d07634e99	1	237090	player+volume	ft2play	FastTracker v2.00	12	593748	cb54ce9c	Music - Scene - XM/On the Moon (1994)(Blue Adonis of Traxx).xm
4826c015f7492224106e70142f2c4ee3	1	333649	player+silence	uade	Promizer 1.x	0	97208	024a5c07	Music - Demos - PROMIZER/Abnormalia 3 - Tune 1 (1993-10)(Lamors).prom
4aa7d15bd2c55105d9917be3ca319075	0	108038	player	libopenmpt	Scream Tracker 3.00 (SB)	13	10242	ae4c86cd	Music - Scene - S3M/Adlib (1992)(Skaven of Future Crew).s3m
4ae0dd0971a1870431dea86a822f9963	1	96237	player	ft2play	FastTracker v2.00	8	466473	ce2f1c4b	Music - Games - Covers/Xenon 2 Title (1989)(Bitmap Brothers)[cmp Bomb the Bass][seq Bejrutt(1996)].mod
4b63643cf513a427d7d5d61e816da9eb	1	124242	player	uade	Protracker	0	153486	d07fce78	Music - Scene - MOD/Tango Sister (1994)(Chromag of Polka Brothers).mod
4dabdb3c3fa75ed351236d3615eb2c77	1	186796	player	uade	Protracker	0	205936	20b39638	Music - Scene - MOD/Electric Church (1994)(Hithansen of Rednex).mod
4e88a261d7cef554772cff25c126cbe1	1	127219	player+silence	uade	Protracker	0	425884	632f9fd8	Music - Scene - MOD/Netherworld (1993)(Probe).mod
4e94334665b58a24c3dc3ccb9b941f1e	1	153339	player	st3play	Scream Tracker 3.2x (SB)	16	34488	19a14a1c	Music - Scene - S3M/Chip Filez (1998)(Pyrex of Daze).s3m
4f37a3786229c165f76330cbcaf9c8a1	1	91363	player	ft2play	FastTracker v2.00	4	15436	95e71b28	Music - Scene - XM/Beachbunny's (1996)(Marc Krupp).xm
516491b49b56ef32f34ddef38f8a0424	1	133221	player+silence	uade	Protracker	0	143028	ae858c62	Music - Scene - MOD/Beyond the Horizon (1994)(Mystra of Stone Arts).mod
5214c74c97e18515a17f85d076583a6f	1	188705	player	uade	Protracker	0	324676	eb16304b	Music - Scene - MOD/In Effect (19xx)(Randall).mod
5249d1500d326a6fded1e7168e18ea4e	1	266098	player	ft2play	Fasttracker	8	306888	278eead1	Music - Scene - MOD/Pulse Combination (1994)(Mindfuck of Mentasm).mod
52be55466fbdc20d416b767dc207d23b	0	219771	player+silence	libopenmpt	Composer 669	8	54576	3b08c1b0	Music - Scene - 669/Memories (1992)(-).669
52edc0a8bd65bbae61ae9cfabb289199	1	121811	player	uade	Protracker compatible	0	223232	0b4af717	Music - Scene - MOD/Coffee Blues (1993)(Chorus & Sid).mod
53336369259d10437451a76a19b20964	0	153436	player+volume	libopenmpt	Composer 669	8	319244	d59eb233	Music - Scene - 669/Into The Shadow Of The Shallow (1992)(Scott Burkett).669
53cfbc81976b672ae567099b19306404	1	314776	player	uade	Protracker	0	356940	a51191de	Music - Scene - MOD/Warsaw-New York (1994)(DSX Design).mod
542240d2fd2bbaf62b5c3fdd239f3318	1	176776	player	ft2play	Fasttracker	6	200650	6f3f9bd8	Music - Scene - MOD/Top 10 Neighbours (1994)(Dune).mod
55e8453df7aadeb14c6121ab956255ca	1	184767	player+silence	st3play	Scream Tracker 3.03 (GUS)	9	323026	fabdda54	Music - Scene - S3M/Nobody Dreaming (1994)(Dune).s3m
5609c2bb939050f82ab99f2417bd075f	0	120023	player	uade	DeltaMusic 2.0	0	26532	79228239	Music - Demos - DM2/Powerpack 5 - Menu (19xx)(FICA - Betrayal).dm2
56396207ef33915e5a0f1610e14bd4ba	1	168049	player	ft2play	FastTracker v2.00	8	245868	edbb699b	Music - Scene - XM/Longstabben (1994)(Lizardking + Vogue).xm
5662a58fbddbe13ee07640367d187d56	1	174067	player+silence	uade	Protracker	0	398570	466ac4cf	Music - Scene - MOD/Eggnog Boogie Oogie (1999)(DB of Damage)[TP].mod
56cf9a902bd10de4bcef2bd146e5075c	1	157659	player	uade	Protracker	0	213336	733a7136	Music - Scene - MOD/Bridge (1994)(Tricktrax of Tribe).mod
56e3978b03364726c84033055d86dc92	1	135702	player+silence	ft2play	Fasttracker	8	327496	65d6c362	Music - Scene - MOD/Ambient Power (1993)(Vogue of Triton).mod
57001704cc82cb457639199887526072	1	143791	player+silence	uade	Protracker	0	280282	9b9d5c0d	Music - Scene - MOD/CCCP - Main Theme (1994)(Groo of CNCD).mod
57040985332af516e330b0a9d35a24bb	1	252243	player	st3play	Scream Tracker 3.00 (GUS)	4	185654	b41d65bc	Music - Scene - S3M/Not for Kids (1994)(Skaven).s3m
586bfdd073f44c6a017be559dbe6654c	0	81925	player	libopenmpt	Composer 669	8	347766	452d6e5b	Music - Scene - 669/Deep Grooves (1992)(Scott Burkett).669
59676a8621ac088f57e0fbd33e770f70	0	193832	player+silence	libopenmpt	Composer 669	8	186073	acb8e0f1	Music - Scene - 669/Dreamhouse Mix (1992)(Reepicheep of TTA).669
5a175195838d160bd554f5dcb82fd0ca	0	104329	player	uade	Sonic Arranger	0	80026	93f92186	Music - Games - SA/Lionheart - Game End (1993)(Thalion Software).sa
5a175195838d160bd554f5dcb82fd0ca	1	199395	player
5a175195838d160bd554f5dcb82fd0ca	2	128342	player
5a61cb8da9e2280d715a9eac4e7361c2	1	189063	player+silence	ft2play	FastTracker v2.00	14	286413	9179a48b	Music - Scene - XM/Sandbox (1994)(Infinity of Prime).xm
5adb849019291fee6750d24b12b14350	1	342485	player+silence	uade	CustomMade	0	22484	1e3f0b46	Music - Games - RK/Battle Squadron - Highscore (1989)(Innerprise).rk
5adb849019291fee6750d24b12b14350	1	342485	player+silence	uade	CustomMade	0	22484	1e3f0b46	Music - Games - RK/Battle Squadron - Highscore (1989)(Innerprise)[a].rk
5b33c732a37e3a5956cd90837f0f925b	1	276597	player	uade	Protracker	0	142366	616e95f2	Music - Scene - MOD/Byte Me (1996)(Hollywood of Mono).mod
5c8ef689db128d6d9e23ff7401ab243b	1	268564	player+volume	uade	Protracker	0	432158	c8a6216c	Music - Scene - MOD/Beyond Music (1992)(Captain).mod
5d4175e9af6df859ace6b82553f9b60f	1	99214	player+silence	st3play	Scream Tracker 3.2x (GUS)	16	101544	2dfe7c5e	Music - Scene - S3M/Warm Fuzzies (1994)(Future Assassin).s3m
609a9db795a421dc39707bc9ec8a3d62	1	197992	player+silence	it2play	Impulse Tracker 2.12	8	128766	cc7da1c3	Music - Scene - S3M/Lavender Hill (1992)(Skaven of Future Crew).s3m
60a536e2c4d951966d813d34b695d707	1	152857	player	uade	Protracker	0	388230	cc97949b	Music - Scene - MOD/Fonkie Noch Less (1994)(Jorun & H-vard).mod
611f9e9292298b0be4071452b12b3693	1	268719	player+silence	ft2play	Fasttracker	8	435066	843009c6	Music - Scene - MOD/Xero Gravity (1994)(Devilock of Talent).mod
61bd9333614eff30372c08c203ea0ede	1	292813	player	uade	Protracker	0	277828	617b5d01	Music - Scene - MOD/Buggy Balls v2.0 (1994)(Mindfuck of Mentasm).mod
62a0b4b5c28c3a909b1b1e8199d08537	0	36866	player	libopenmpt	Composer 669	8	135085	cf28c8e8	Music - Scene - 669/More Milk (1993)(Jonathan Kerr of TTA).669
6384ad986c1f152aa21ab1ff8ce02b3f	1	169374	player	uade	Protracker	0	147272	f5966a6d	Music - Scene - MOD/Girl form Ipanema (1991)(Dizzy of Decept).mod
64eaa867cf4eeb93f9617b08fe752df2	1	156011	player	uade	Protracker	0	171478	bc941915	Music - Scene - MOD/Allnite Groove (1994)(Dizzy of CNCD).mod
65ceff5a075313b11b062317b12902d0	1	134531	player	uade	Protracker	0	118514	c19e77c9	Music - Scene - MOD/Fun-key (1994)(Big-Joy of Ethic).mod
664c280651febb54301c432b4a359de2	1	1966184	player	it2play	Impulse Tracker 2.11	23	1640299	e8fa2ffc	Music - Scene - IT/You, Me, And The Onions (1994)(Stote of Noise).it
676cb9d209785c08e5409d8697defcaa	1	189770	player	st3play	Scream Tracker 3.2x (GUS)	8	376339	458f9718	Music - Scene - S3M/In the Mist (1994)(Edge of EMF).s3m
676cb9d209785c08e5409d8697defcaa	2	92031	player
676cb9d209785c08e5409d8697defcaa	3	23550	player
676cb9d209785c08e5409d8697defcaa	4	15311	player
676cb9d209785c08e5409d8697defcaa	5	12759	player
6842841bd11d405b3dbced95bfb7f65c	0	191109	player	libopenmpt	MultiTracker 1.0	14	376173	73cd289f	Music - Scene - MTM/Tropical Sunset (1994)(Nosferatu of Surprise Productions).mtm
6d50f7346e3809f7c6a1603cefeea0cf	1	243340	player+silence	uade	Protracker	0	202290	fe25be74	Music - Scene - MOD/Infowantstobeme (1994)(Laz of Squash).mod
6e2d0b03d5c15b759a8f866ec7b2ebf5	1	61327	player	st3play	Scream Tracker 3.2x (SB)	9	9962	ff8ae525	Music - Scene - S3M/Brisk (1998)(Pyrex of Daze).s3m
6eab0d6088ec78dc949156ccea419945	1	176749	player	uade	Protracker	0	149998	1e418ad8	Music - Scene - MOD/Weird Personalities (1993)(Lizardking).mod
70a166e4ee03d64b1f51a8e6f05d391d	1	169093	player	uade	Promizer 1.x	0	80532	afb2edc1	Music - Demos - PROMIZER/Abnormalia 5 - Tune 2 (1994-11-06)(Lamors).prom
70cec5a7fa8b89fb858525ac57da30b7	1	320302	player	ft2play	Fasttracker (M.K.)	4	192569	b8cff98f	Music - Scene - MOD/Farewell (1993)(LaLa of TSB).mod
726d156aa7dff9fd41958d2ebc9917d7	1	222001	player	uade	Protracker	0	244044	b3bd3eb2	Music - Scene - MOD/Electrification (1993)(-).mod
72bf186dac79f748e73e15debc09ff02	0	139272	player	libopenmpt	Composer 669	8	274711	8935c4b0	Music - Demos - 669/Hell Demo Soundtrack 1 (1994)(C.C.Catch).669
734e14ed83ff8b2190b1d1d41b039b68	1	222845	player	uade	Protracker	0	130006	47597cd8	Music - Scene - MOD/Elysium (1992)(Jester of Sanity).mod
73d4bcd1e54e9f341c00316e17ae0f9b	1	258369	player+silence	uade	Protracker	0	221662	83e85d0e	Music - Scene - MOD/Fast Illusion (1994)(Melomanic of Vanay).mod
74cc2d4a67cf9ffb842cc8c42d9ffd55	1	198439	player+silence	uade	Protracker	0	224342	05920ba8	Music - Scene - MOD/Elekfunk (1999)(Moby).mod
75151d0a204259eddcbf34cb743c5972	1	199588	player+silence	uade	Protracker	0	393088	d0eca4e9	Music - Scene - MOD/Wild Hog Walk (1994)(Ger).mod
755e993a7a2e0313a4cbfa61a846b447	0	288593	player	uade	Ultimate-Soundtracker or compatible	0	62316	b244413d	Music - Games - Cracktro/Thundercats - Sleepwalk (1988)(Bamiga Sector One).mod
757ad591ad3d9a57960f8233a15b9cf5	1	269303	player	uade	CustomMade	0	46448	5d5a920b	Music - Games - RK/Battle Squadron - Ingame (1989)(Innerprise).rk
757ad591ad3d9a57960f8233a15b9cf5	1	269303	player	uade	CustomMade	0	46448	5d5a920b	Music - Games - RK/Battle Squadron - Ingame (1989)(Innerprise)[a].rk
757ad591ad3d9a57960f8233a15b9cf5	2	5003	player
757ad591ad3d9a57960f8233a15b9cf5	3	3596	player
757ad591ad3d9a57960f8233a15b9cf5	4	4601	player
757ad591ad3d9a57960f8233a15b9cf5	5	4681	player
75d6da8290beb810de7ae110f64fcbea	0	119815	player	libopenmpt	Composer 669	8	398422	efe58474	Music - Scene - 669/Speed Fighter Part 1 (1993)(Brother Mike).669
762ae529debe05cdf7b01408de7950db	1	84713	player	ft2play	FastTracker v2.00	8	18757	beb6cc32	Music - Scene - XM/You are a Winner (1997)(Ivo Grigull).xm
7641988d3701beadd99901e96d907c37	1	252584	player	st3play	Scream Tracker 3.01 (SB)	16	147438	f7b12e73	Music - Scene - S3M/Take My Music (1994)(DjM of Digital Things).s3m
77b831dc710f3237051557b0e21116ff	1	19310	player	uade	Noise Packer 3.0	0	33760	e214715a	Music - Games - NP3/Bubba 'n' Stix - Map (1994)(Core Design)[cmp Martin Ivesson].np3
784693ea4923bfdf9b446fc5493063a0	1	130492	player	uade	Protracker	0	577756	b9b8ea3d	Music - Scene - MOD/Kubky Placid Jo (1994)(Gandbox of Eden).mod
78d14a560d9eac8c33c19665b64dbd81	1	125227	player	st3play	Scream Tracker 3.00 (GUS)	8	64784	e0e95934	Music - Demos - S3M/World of Plastic (1993)(Purple Motion of Future Crew)[h].s3m
793ef865c99eb8c3c72160bf109d9613	1	66190	player	it2play	Impulse Tracker 2.12	8	100822	d1b02925	Music - Scene - S3M/Saint (1992)(Skaven of Future Crew).s3m
7941e5a7ac9f5177f563a55f358a7c99	1	216977	player	uade	Protracker compatible	0	445810	fd829fcd	Music - Scene - MOD/Hardfolk (1993)(Trap of Surprise! Productions).mod
7a52c3617097a9b8e56243063626c278	0	377474	player	libopenmpt	PolyTracker 2.03	14	370856	7d499f12	Music - Scene - PTM/Right (1994)(Vic).ptm
7b833528c64250052049682c7c3a6fff	1	243783	player	uade	Protracker	0	222388	b636c8a0	Music - Scene - MOD/Dawn Mosaic (1993)(Groo).mod
7d2f6766371302dc741d6825e477398a	1	66130	player	uade	Protracker	0	129464	e030ab7f	Music - Scene - MOD/Belewian (1994)(Dizzy of CNCD).mod
7e499a960ea9563b2057066040998322	1	119563	player+silence	it2play	Impulse Tracker 2.12	8	237089	117acec9	Music - Scene - S3M/Ice Frontier (1993)(Skaven of Future Crew).s3m
7e7d5086e5de7f1751e372ddd07d8124	1	141224	player+silence	st3play	Scream Tracker 3.2x (GUS)	16	360928	86983298	Music - Scene - S3M/Shades of Fall and Winter (1994)(Alpha of Legend Design).s3m
7f4ebfea81d67572eb4f55fb478a9725	1	179211	player+silence	uade	Protracker	0	339236	f326bedb	Music - Scene - MOD/Iridium (1994)(Misty + Daeron).mod
7f8e142be0f9bb730426ca5825ee09f3	1	597996	player+silence	ft2play	FastTracker v2.00	16	313409	1e2bc3e0	Music - Scene - XM/Nowhere On The Moon (1994)(Aphex).xm
7f9a5fc3c2001679387b0970c4f89d24	1	38520	player	uade	Noise Packer 3.0	0	12544	1e668a17	Music - Games - NP3/Bubba 'n' Stix - Complete (1994)(Core Design)[cmp Martin Ivesson].np3
7f9d7fccf9c25ebf0a90193ca49a487c	1	175081	player	uade	Protracker	0	194926	91c3d619	Music - Scene - MOD/Island of Sadness (1994)(Klorathy of Freezers).mod
8112744fd670e9885892b192ccf4bd8a	0	187539	player	uade	Sonic Arranger	0	57942	0672b756	Music - Games - SA/Lionheart - Level 6 (1993)(Thalion Software)[2 Tracks][SFX].sa
8112744fd670e9885892b192ccf4bd8a	1	2592	player
824c0fb2c4f3206b1aaf04cb7095b4b0	1	227306	player	uade	Protracker	0	280086	30367822	Music - Scene - MOD/Rubicon (1992)(Stargazer of Sonic).mod
82d7ec80d21f1d80f20171cd009964db	1	216710	silence	uade	Protracker	0	379914	893fe3fe	Music - Scene - MOD/Floating in Garbage (1994)(Jason of Melon Dezign).mod
8350d0a9951b7ddffb0f88025f3ae161	1	375132	player+silence	uade	Promizer 1.x	0	144276	20bd37f6	Music - Demos - PROMIZER/Abnormalia 5 - Tune 1 (1994-11-06)(Lamors).prom
8395ca908ea47ddb1a6d898ede128e97	1	57730	player	uade	Noise Packer 3.0	0	44582	cc44d20f	Music - Games - NP3/Bubba 'n' Stix - Level 3 (1994)(Core Design)[cmp Martin Ivesson].np3
83a75c7b316ce2ab6ecdd73302a9c2fb	1	158041	player	uade	Protracker	0	99328	0c87022b	Music - Scene - MOD/Ahit (19xx)(Eltronic of The Special Brothers).mod
84fec279de125cc503a52257bde2ebb3	1	462681	player+silence	ft2play	Fasttracker (M.K.)	4	495976	ad1e2758	Music - Scene - MOD/Shades of Night (1994)(Basehead).mod
86c1ff4d1b1c837e737557016a80ce9c	1	448166	player+silence	uade	Protracker	0	198742	32841b6d	Music - Scene - MOD/Variations (1992)(Jogeir Liljedahl).mod
87c9885615191f11e2e71aeedce59a1a	1	185349	player	uade	Protracker	0	104378	ad8d390c	Music - Scene - MOD/Brotherly (1994)(Mick Rippon).mod
885490dc14a713a316352e8e9294727a	1	136057	player+volume	uade	Protracker	0	286212	2f00bddc	Music - Scene - MOD/Jazzy (1994)(Relief of The Lowlifes).mod
8981aa1cb4c5e7a5c83bbd45bb23b89e	1	216376	player+silence	uade	Protracker compatible	0	321924	b6c107dc	Music - Scene - MOD/Sound o' da Lunatic (1994)($volkraq of Gollum).mod
89fe348992d41d24d1540578d73bc57f	1	210005	player	uade	Noisetracker 1.x	0	365222	710ca5fb	Music - Games - Covers/Xenon 2 Title (1989)(Bitmap Brothers)[cmp Bomb the Bass][seq Merci(1991)].mod
8a00d71a779a9a04768ab6e2d7a1d223	1	115501	player	it2play	Impulse Tracker 2.12	8	29432	470debf3	Music - Scene - S3M/Mosquito (1994)(Skaven of Future Crew).s3m
8aa2a3a86852e9d6a3586fc7cbceb295	1	324190	player+silence	st3play	Scream Tracker 3.01 (SB)	9	388990	724f0c28	Music - Scene - S3M/Quest for Power (1994)(Ng Pei Sin of Prologic 303).s3m
8ad2dcdeaa0603a54cce1d6ab14a9f62	1	229544	player+silence	st3play	Scream Tracker 3.2x (GUS)	8	117566	e128b874	Music - Scene - S3M/Days of Old, The (1994)(Del of Proxima).s3m
8b3fb3e4636caa494c36b71248ec07aa	1	252685	player	uade	Protracker	0	187793	dc31576f	Music - Scene - MOD/End of Trouble (1994)(Scorpik).mod
8da9f27396af02e1756cb34e731f23fa	1	71291	player	ft2play	FastTracker v2.00	6	13568	f4942e97	Music - Scene - XM/SDS TP7 Report #1 (1997)(Matthias Jahn).xm
8eb2d8c0d88a12a7be9b58fbec501053	1	171534	player+silence	ft2play	FastTracker v2.00	12	292198	4a7ba8a6	Music - Scene - XM/Broken Promises (1994)(Kaiowa of Sorrox).xm
8ee5ed2256949aa5edc08e0b4a6f4dee	1	128950	player+volume	uade	Protracker	0	124162	97402fc7	Music - Scene - MOD/Carameldioxide (1995)(Caramel of Fascination).mod
8f0691010c18833693bea6593ff41e3c	1	194291	player	uade	Protracker	0	234020	8203855c	Music - Scene - MOD/Funko-O-Phone (1994)(Petroff).mod
8f3eaff90d5b5b970f1159f6eaac27ff	0	122887	player	libopenmpt	Composer 669	8	44481	13a1bca3	Music - Scene - 669/Dark Moonlight (1992)(Tran of Renaissance).669
8f5122d253773c3e6573a975fa3d085d	1	308507	player	uade	Protracker	0	565636	9dd055bd	Music - Scene - MOD/Adults (1996)(Dreamfish of DCS & Mono).mod
8fda2010ab00c9dcab09b3fc5a88e2a5	1	201925	player+silence	uade	Protracker	0	184412	a60fdabe	Music - Scene - MOD/Sequestral (1993)(Mr. Man of Andromeda).mod
9030d184c2b335859f15389704be42b3	1	240159	player+silence	uade	Protracker	0	288280	7267960a	Music - Scene - MOD/Collision (1994)(Cutcreator of Static Bytes).mod
920340a44653a28f711cbceed43b23e4	0	145964	player	uade	SIDMon 1.0	0	47700	4c6b7d67	Music - Games - Cracktro/Magic Jumper (1991)(TRSI).sid1
95b13aa9f5b639531777b5cfa7c157aa	0	256015	player	libopenmpt	Composer 669	8	161653	d67f128f	Music - Scene - 669/Xypher (1992)(Tran of Renaissance).669
95f75a673e747844fe9c08160730bf56	1	215924	player+silence	uade	Protracker	0	241396	a319de9c	Music - Scene - MOD/Crystal Orbit (1992)(Vogue of Triton).mod
96ca6fee83df222f062baf4615fcb34b	1	80718	player	uade	Protracker	0	104370	273a4a6b	Music - Scene - MOD/Funk's a Religion (1993)(Deelite of Accord) .mod
96dc3d64a7bd4b1d957aae9b01b85692	1	181089	player	uade	Protracker	0	177992	3b91a5e0	Music - Scene - MOD/Mental Motion (1994)(Amadeus of Meka Design).mod
980bac8ad02de8605cc80c1a7afd325c	1	114629	player+silence	st3play	Scream Tracker 3.2x (GUS)	16	872466	5a61d265	Music - Scene - S3M/Lenni Goes Groovy (1994)(Breeze of Capacala).s3m
981091ce7fb84f0f7a0e20bcd9b83c44	1	214699	player	ft2play	Fasttracker	8	332882	2d387c6d	Music - Scene - MOD/Reality (1993)(Vogue of Triton).mod
9831d3ab724f202b59a774be7c7a0ef4	1	178213	player+silence	ft2play	FastTracker v2.00	12	891472	17b4e5cc	Music - Scene - XM/Banana Incident, The (1994)(Trap of Bonzai).xm
984397f3d4a97da2f8a1d31c30699f2b	1	234579	player+silence	ft2play	FastTracker v2.00	14	1034389	11418a0d	Music - Scene - XM/Modern Tune (1994)(Contagion of Massive).xm
9890f8973dfb3ef8fae1fdce767208f7	1	195911	player+silence	st3play	Scream Tracker 3.01 (GUS)	16	126858	1fb02143	Music - Scene - S3M/First Escape (1994)(Big Jim).s3m
9a8afba74d6150bcf4078b3c6afedfb2	1	119064	player+silence	uade	Protracker	0	347128	8efe8491	Music - Scene - MOD/Hideaway Blues (1994)(Chorus + Sid).mod
9b323922dd037405bdeb73cde4ddf68a	1	227688	player	uade	CustomMade	0	19160	3bca9199	Music - Games - RK/Battle Squadron - Victory (1989)(Innerprise).rk
9b323922dd037405bdeb73cde4ddf68a	1	227688	player	uade	CustomMade	0	19160	3bca9199	Music - Games - RK/Battle Squadron - Victory (1989)(Innerprise)[a].rk
9b6ffbbee0a5468c9a9444fe2ff4c274	1	134531	player	uade	Protracker	0	62810	f143fd59	Music - Scene - MOD/Welcome home (1993)(Lizardking).mod
9c8439daaa42949e3b4d92da7336a926	0	12320	player	libopenmpt	Composer 669	8	42842	41b42114	Music - Scene - 669/Mario Theme (1992)(Jonathan Kerr of TTA).669
9c9543286590804c076bcc45c852b946	1	195899	player	uade	Protracker	0	392404	5e0aa6c3	Music - Scene - MOD/Mental Overdrive (1994)(Fash).mod
a2029925ecccd64cdaf1b84f3964194b	1	210045	player	uade	Protracker	0	169208	7e49d05f	Music - Scene - MOD/Brilliance (1994)(Somel of Razor 1911).mod
a32069d3a834bb717b706e4e4015d73f	1	198531	player	uade	Protracker	0	141460	cd717668	Music - Scene - MOD/Full Alert (1994)(Mr. Root of Union).mod
a3b6213500e69102e5de41cb47eda518	1	130704	player+silence	uade	Protracker	0	223932	a9291b8d	Music - Scene - MOD/Funk it! (1994)(Thorion of TRSI).mod
a4170fa8d80f4acb32a66a4452d1e8cc	0	214481	player+silence	uade	Oktalyzer	0	59200	a35a3f77	Music - Games - OKT/Nebulus 2 - Title (1991)(21st Century).okt
a43f3d3159934f809a973d90dc32c946	1	299993	player+silence	uade	Protracker	0	347582	35a70395	Music - Scene - MOD/Space Debris (1992)(Captain).mod
a4471c63760f467b405452887d2b2770	1	142065	player+silence	ft2play	FastTracker v2.00	16	189984	5e94c82b	Music - Scene - XM/Liquidation (1994)(Vogue).xm
a4d0b3c51fd3ad0006290e6322661861	1	192141	player	uade	Protracker	0	329460	9a3c48c9	Music - Scene - MOD/22 Drops (1994)(Jso of Axis).mod
a5ff4fa08144fd87818af93ff68d1a10	1	161537	player	st3play	Scream Tracker 3.01 (GUS)	8	345702	df9e8226	Music - Scene - S3M/Quantime (1994)(Daze of Symptom).s3m
a8ff62229c1ca8b1d69d9321610a087a	0	32350	player+silence	libopenmpt	Composer 669	8	339795	9853a492	Music - Demos - 669/Hell Demo Soundtrack 3 (1994)(C.C.Catch).669
a9a93e0856bb64879f2a8a8c638e8ceb	1	200159	player+silence	st3play	Scream Tracker 3.2x (GUS)	10	382862	2694ccc9	Music - Scene - S3M/Trip 2 Pluto (1994)(Cygnes of Fiction).s3m
ac3deddca28b0c46a6395195d9be557f	1	105193	player	it2play	Impulse Tracker 2.12	8	121036	c128cc4b	Music - Scene - S3M/Suzy's Grease Pit (1992)(Skaven of Future Crew).s3m
ac3deddca28b0c46a6395195d9be557f	2	15352	player
ac3deddca28b0c46a6395195d9be557f	3	6994	player+silence
aced67ac93b579b79fd939488914b2ed	1	193831	player+silence	uade	Protracker	0	273402	e4e891c3	Music - Scene - MOD/December Blues (1995)(Pinocchio of Banana)[TP].mod
ad0fe0e693ba4e7ffb45eed3e50311f5	1	138911	player	uade	Protracker	0	384874	aae8e597	Music - Scene - MOD/What Da Funk (1994)(Ome of Noice).mod
ae761ae03c928591fa117cb35137ad3f	1	198672	player+silence	st3play	Scream Tracker 3.00 (GUS)	8	204282	ec77cdf3	Music - Scene - S3M/Skyrider (1993)(Purple Motion of Future Crew).s3m
af8c9d8b7713f3e7c7e735a54f93a1f5	1	831744	player+silence	uade	Protracker	0	163008	332e0bc3	Music - Scene - MOD/Agony of Despair (1994)(Hypno).mod
b05bd0f02058a87cf4f4d98b5eb0761d	1	322490	player+silence	uade	Protracker compatible	0	315418	f677404e	Music - Scene - MOD/Trans Atlantic (1993)(Lizardking).mod
b15e9b1ee1e8f74fafbc291290c9652e	1	121659	player+silence	uade	Protracker	0	301146	49134bdd	Music - Scene - MOD/Citronative (1994)(Dizzy of CNCD).mod
b232ea1c4867aa583544850ce376a44a	1	194597	player+silence	ft2play	FastTracker v2.00	10	314839	6e8d152f	Music - Scene - XM/Underwater Journey (1994)(Note of Goto10).xm
b26a6506c767bb711ad7382656e3335f	1	201746	player	uade	Protracker	0	180744	8aed7b5a	Music - Scene - MOD/I Play the Blues (1995)(Chorus of Jewels).mod
b39f28426be06c218a6f8c8bbd295436	1	132932	loop	uade	MON	0	201278	6cb4ec47	Music - Games - MON/chinesechess - Chinese_Chess.MON
b46e31a79d60cba0ff40135c64ca2419	1	268247	player+silence	uade	Protracker	0	231610	d3c1c000	Music - Scene - MOD/Broken Dreams (1993)(Captain).mod
b49fcaadf7a835fb2e8d1c8e91a180b6	1	251508	player+silence	uade	Protracker	0	221350	47bb7cd2	Music - Scene - MOD/Nim (1994)(Psimon Compact).mod
b5dbfdd02ee0059d6d672b6e68338dc0	1	276597	player	uade	Protracker compatible	0	54644	4e7f8366	Music - Games - Covers/Xenon 2 Title (1989)(Bitmap Brothers)[cmp Bomb the Bass][seq Pyratronic].mod
b69f58164540ca04b4969e962ac1131b	1	115321	player	uade	Noise Packer 3.0	0	52314	924c4a25	Music - Games - NP3/Bubba 'n' Stix - Level 4 (1994)(Core Design)[cmp Martin Ivesson].np3
b744be66becace3e9db40319dc51ce8b	1	3962	player+silence	uade	Noise Packer 3.0	0	3172	32efbabd	Music - Games - NP3/Bubba 'n' Stix - Get Ready (1994)(Core Design)[cmp Martin Ivesson].np3
b848a394a9e95bb62b143d655989c0c5	0	364750	player+silence	libopenmpt	Scream Tracker 3.00 (GUS)	25	170332	215a4be5	Music - Scene - S3M/Why Can't You Remember (1993)(Marvel of Future Crew).s3m
b858b567fefd2b7256784d494145676c	1	151926	player+silence	it2play	Impulse Tracker 2.14+	16	250180	345f7f7c	Music - Demos - IT/Mazed - Demosong (2000-04)(Xibalba).it
b8e753b132e3a39ffdf2173dc827600f	1	213497	player+silence	uade	Protracker	0	450288	fb232367	Music - Scene - MOD/Wralix (1994)(Lucifer of Technology).mod
b96a499726b96e1d0132c4f0bc7d9d47	1	72480	player	uade	Protracker	0	273298	334c14fe	Music - Scene - MOD/Folx-vagen (1994)(Dreamer of TRSI).mod
b97f09d68b0dc20b37b9c2c366bbe0cd	1	167939	player+silence	ft2play	FastTracker v2.00	14	782313	39d317fc	Music - Scene - XM/4th Dimension, The (1994)(Jazz of Diffusion).xm
b9ec435160fc608d334133dbcb5b1dac	0	108550	player	libopenmpt	Composer 669	8	138675	8847537a	Music - Scene - 669/On Our Way (1993)(Bilbo of TTA).669
ba0efb0625ccadcd269f768f9bbec846	1	65406	player	uade	Protracker	0	58832	4761d4ed	Music - Scene - MOD/Mysterious Mouse (1994)(Mystical of Purple).mod
ba9efbe86cd5c0a8185b636b0d5f92a7	1	302057	player	uade	Protracker	0	342998	83144237	Music - Scene - MOD/Step into Darkness (19xx)(Randall).mod
baaa651a550ab043a7bafd94cdcdc447	0	220798	player+volume	libopenmpt	Composer 669	8	232574	9f535f71	Music - Scene - 669/Sonic Boom (1992)(C.C.Catch of Renaissance).669
baea6f40f99b47dad800cc35d1517196	1	185490	player	uade	Protracker	0	226320	aec6eea7	Music - Scene - MOD/Woman In My Head (1994)(Dahaul of Bonzai).mod
bb7271a13e0c9aebba33f0152949c010	1	109574	player	uade	Protracker	0	309154	662a4c58	Music - Scene - MOD/Wasted Youth (1994)(ICS of Cavalry).mod
bc9168ea32b4428277694888216ea0d8	1	201284	player	uade	OctaMED MMD1	0	439968	472b1696	Music - Scene - MED/Swamp Thing (19xx)(The Grid).med
bcf42899ea8f30f8ac5203fad9389182	1	161758	player	uade	Protracker	0	229364	b4e75f42	Music - Scene - MOD/Walk 'n Titanize (1993)(Dizzy of CNCD).mod
bdd442c263e39539e324b1175258676c	1	76277	player	uade	Noise Packer 3.0	0	42930	344524db	Music - Games - NP3/Bubba 'n' Stix - Level 6 (1994)(Core Design)[cmp Martin Ivesson].np3
bdfb1d6a5c162b1f56894feaf857a1f3	1	149314	player+silence	uade	Protracker	0	158478	b84988ca	Music - Scene - MOD/Bombastic Jazz (1992)(-).mod
bdfb1d6a5c162b1f56894feaf857a1f3	1	149314	player+silence	uade	Protracker	0	158478	b84988ca	Music - Scene - MOD/Bombastic Jazz (1992)(-)[a].mod
bf6c54f3ea76f7992335f5f3b77be2a6	1	107504	player	it2play	Impulse Tracker 2.12	5	91476	fdfc033d	Music - Scene - S3M/Party 1992 Intromusic (1992)(Skaven of Future Crew).s3m
bf6c54f3ea76f7992335f5f3b77be2a6	2	12779	player
c11f0d08dba291983985d33cccc24913	1	152494	player+silence	ft2play	Fasttracker	6	183488	9ed944a8	Music - Scene - MOD/Mental Distorsion (1993)(Vogue of Triton).mod
c3b42124bdfc1cf9024da6862934e1a8	1	214386	player+silence	uade	Protracker	0	400006	63306c7a	Music - Scene - MOD/Hurricane (1994)(Scorpik).mod
c474d27afdf05e9add8d3e5f0d5ebbdc	1	146366	player	uade	Protracker	0	166398	e7f48460	Music - Scene - MOD/Doskpop (1994)(Lizardking).mod
c52a154b32989bb8d92b34c61ac49458	1	106567	player+silence	ft2play	FastTracker v2.00	8	36168	31d6f9a2	Music - Scene - XM/Wahnsinn (1998)(Ivo Grigull).xm
c72d8b2be3f258b94b5cd3ce89ace649	0	185034	player+silence	libopenmpt	PolyTracker 2.03	10	224884	7103daf5	Music - Scene - PTM/Vibrations (1994)(The REW).ptm
c8ea120a2a56c1389a5a94be1164a310	1	240950	player	st3play	Scream Tracker 3.01 (SB)	9	357139	e0a2f8b3	Music - Scene - S3M/Shadow of the Mind (1994)(Necros).s3m
c922041ff59044dde7d70d9bba6ae3e7	1	153339	player	st3play	Scream Tracker 3.01 (GUS)	14	296550	7676914c	Music - Scene - S3M/Last Chance to See (1994)(Cyclone).s3m
ca1e2ecc0c0be8f582d65617aee4cf32	1	162959	player+silence	ft2play	FastTracker v2.00	10	349326	f0399b80	Music - Scene - XM/Developer-94 (1994)(Vogue of Triton).xm
caacb725cc8d90fcf38e58edccdb7f8f	0	116506	player	uade	Sonic Arranger	0	56884	0249f351	Music - Games - SA/Lionheart - Level 8 (1993)(Thalion Software)[3 Tracks][SFX].sa
caacb725cc8d90fcf38e58edccdb7f8f	1	11554	player
caacb725cc8d90fcf38e58edccdb7f8f	2	1949	player
caf129a79c51056975fd5382f8b77bf3	1	158141	player	st3play	Scream Tracker 3.01 (GUS)	8	278148	8601012d	Music - Scene - S3M/Night of the Cats, The (1994)(Skaven).s3m
caf129a79c51056975fd5382f8b77bf3	2	25539	player
caf129a79c51056975fd5382f8b77bf3	3	15311	player
caf129a79c51056975fd5382f8b77bf3	4	10207	player
caf129a79c51056975fd5382f8b77bf3	5	18024	player
caf129a79c51056975fd5382f8b77bf3	6	26825	player
caf129a79c51056975fd5382f8b77bf3	7	19149	player
cb98d80f41e90d87e48788a674e9208d	1	198531	player	uade	Protracker	0	301528	5ffa4601	Music - Scene - MOD/Emphutured (1994)(C-Quence of Gods).mod
ccfe91ca36a9a46ee71bc6e85d18bf4e	1	230462	player+silence	st3play	Scream Tracker 3.2x (GUS)	16	891008	5367d11c	Music - Scene - S3M/Escape from Pori (1994)(Purple Motion of Future Crew).s3m
ccfe91ca36a9a46ee71bc6e85d18bf4e	2	54998	player
cddca4b2e822a21af93d9c18fdee4a1b	1	225779	player	uade	Protracker	0	189518	57e4186e	Music - Scene - MOD/Dream Voyage (1995)(Jonas ofDredd Soft)[TP].mod
cfb2997eb55ed3f32df392fba1929fb0	1	92272	player	uade	Protracker	0	24608	61ee8444	Music - Scene - MOD/Syfuid Long (199x)(Stargazer of CPLX).mod
d032005c2c32e1cb135c9a865089b4bf	1	368956	player+silence	st3play	Scream Tracker 3.2x (SB)	8	626656	ba48c605	Music - Scene - S3M/Second Reality Soundtrack - Middle, pattern data fixed (1993)(Purple Motion of Future Crew).s3m
d147a45b375cdf52241ab70cf9655bb4	1	253629	player	uade	Protracker	0	149156	3c6bb73e	Music - Scene - MOD/Checknobanckh (1994)(Laxity of Kefrens).mod
d2ba04febf4a91edfbc6a279582c30c5	1	180024	player	st3play	Scream Tracker 3.2x (SB)	16	30926	8c21239f	Music - Scene - S3M/Mad Chip Tuning (1998)(Pyrex of Daze).s3m
d3cdccadff7347e117aa1531eaf23c7e	1	174820	player	uade	Protracker	0	309020	32ef7ad1	Music - Scene - MOD/Sundance (1993)(Purple Motion of Future Crew).mod
d52734c57cf7b88f1a61c5401015e683	1	168430	player	uade	Protracker	0	242486	da3e2692	Music - Scene - MOD/Hora2 (1994)(A's of Sway).mod
d5ab3583f235b191107667f79d2db320	0	101777	player	uade	Sonic Arranger	0	77752	35e61cd2	Music - Games - SA/Lionheart - Level 7 (1993)(Thalion Software)[5 Tracks][SFX].sa
d5ab3583f235b191107667f79d2db320	1	172830	player
d5ab3583f235b191107667f79d2db320	2	5787	player
d5ab3583f235b191107667f79d2db320	3	9605	player
d5ab3583f235b191107667f79d2db320	4	1949	player
d78f13e32784aa73a1577ccc09ce1c2b	1	90363	player	uade	Protracker	0	185390	a44006c7	Music - Scene - MOD/Jazz Festival (1994)(Big Baer of Taurus).mod
d7d84b0f75ae8063da3a5fffd4fd6780	1	226062	player+silence	uade	Protracker	0	520796	e7a191dc	Music - Scene - MOD/Austin Powers (1998-12)(Muffler of LoveBoat)[TP].mod
d96a139e9120da30a7a4dce50a703084	0	412392	player+silence	libopenmpt	MultiTracker 1.0	32	287121	6dd74217	Music - Scene - MTM/Magnanimity (1993)(SoulCiety).mtm
da501807232f6384b05c515040cd4ca3	0	176648	player	uade	Mark_II	0	27742	769c2597	Music - Games - MKII/Katakis - End (1989)(Factor 5).mkii
db7551b539f5d66797eb72bdb58f1cf8	0	50102	player+silence	libopenmpt	Composer 669	8	305693	b6f840a8	Music - Demos - 669/Hell Demo Soundtrack 2 (1994)(C.C.Catch).669
dcc0e2ff74f572475cdeb6a791f0f1a6	1	226542	player	uade	Protracker	0	243328	0ff1b176	Music - Scene - MOD/Take a Chill (1996)(Dreamfish of DCS & Mono).mod
dd372f679d1166507cc68f71475f76c4	1	49090	player	uade	Protracker compatible	0	14248	0b90ba64	Music - Scene - XM/Intro Numma 82 (1997)(Matthias Jahn).xm
de76db1c5ef4c4ded4bc7ce152713a67	1	182918	player	uade	Protracker	0	542492	15a5100e	Music - Scene - MOD/Late Nights (1992)(Mr. Man of Andromeda).mod
de7b2c5c63e9ae0c1f98efbe1f27ab3c	0	284554	player	uade	Sonic Arranger	0	78080	9176c6ab	Music - Games - SA/Lionheart - Level 1 (1993)(Thalion Software)[2 Tracks][SFX].sa
de7b2c5c63e9ae0c1f98efbe1f27ab3c	1	1949	player
dec596814fd6c21766f6918c7cbb2df5	1	187780	player	st3play	Scream Tracker 3.01 (SB)	8	505146	ee9c33d6	Music - Scene - S3M/Final Decade (1994)(Cry of Xperience).s3m
df9d3cfa52293d7800c9eeb57b2313e9	0	176829	player	uade	Sonic Arranger	0	69390	dd23fd33	Music - Games - SA/Lionheart - Bonus (1993)(Thalion Software).sa
df9d3cfa52293d7800c9eeb57b2313e9	1	1949	player
df9d3cfa52293d7800c9eeb57b2313e9	2	5787	player
e0df1f246c4a2256627b186962bef80d	1	297310	player+silence	uade	Protracker	0	252758	603a0bf3	Music - Scene - MOD/Drum'n'Bass Frenzie (1996)(Substance of Mono).mod
e14c08341d7008391674d66c3270fc60	1	307655	player+volume	it2play	Impulse Tracker 2.12	8	393491	36865e37	Music - Scene - S3M/Okta-Xy-Geen (1991)(Skaven of Future Crew).s3m
e38898063f8edbed08999df7d86cad23	1	224674	player	uade	Protracker	0	222350	51c760f5	Music - Scene - MOD/Varanen (199x)(Lizardking of Alcatraz).mod
e4592975c1d2b234141903fce3a6d6f0	0	170434	player+silence	libopenmpt	Composer 669	8	237912	726f0d66	Music - Scene - 669/Acid Funk (1992)(C.C.Catch of Renaissance).669
e4eea6f8efe9f7f7d024aa1dbf9e051c	1	230019	player	uade	Protracker	0	447720	9ff0479e	Music - Scene - MOD/Monday at Noon (1994)(Elf of Moment 22).mod
e7451fa2867e7f3c39105c492e0aad24	1	171966	player	uade	Protracker	0	229484	8ff07bca	Music - Scene - MOD/Acid Jazz Part 2 (1994)(Nuke of Anarchy).mod
e79a7f78e17c676c8a4c227d4836fb9a	1	170057	player	uade	Protracker compatible	0	260064	7b2a3503	Music - Scene - MOD/Desert Dawn (1993)(Lizardking).mod
e7e6a3ee11bcc63f43bf99d406e2822b	1	226281	player+silence	uade	Protracker	0	211388	f820811e	Music - Scene - MOD/Cloud Unknowing (1994)(Scorpion of Edge).mod
e80fd374395866956f0e695652edee61	1	189790	player	uade	Promizer 1.x	0	127814	d46c067e	Music - Demos - PROMIZER/Abnormalia 3 - Tune 2 (1993-10)(Lamors).prom
e96f214098f74fc1cb1671d2c9244257	1	233839	player+silence	uade	Protracker	0	153676	f5005d55	Music - Scene - MOD/Stardust Memories (1992)(Jester of Sanity).mod
ea2bbfcccceb9220cac54cea39078d7f	1	267387	player+volume	ft2play	FastTracker v2.00	12	501427	d24ce1e8	Music - Scene - XM/Geomancer (1994)(Kal Zakath of Inferno Productions).xm
ea2e0e813f3693703eb9f9985bb3dd4f	1	103163	player	uade	Noise Packer 3.0	0	48732	b089c348	Music - Games - NP3/Bubba 'n' Stix - Level 2 (1994)(Core Design)[cmp Martin Ivesson].np3
ea5c8fd69129bde88e3e06e7acf879fe	1	250306	player	ft2play	Fasttracker	8	301992	94dcce01	Music - Scene - MOD/Anything Continues (1994)(DjM of Digital Things).mod
ea6ce74b322f9dc8877e5581ffd3cc2c	1	220268	player+silence	st3play	Scream Tracker 3.01 (SB)	16	928742	9032d243	Music - Scene - S3M/Rush to the Origins (1994)(Euggie of BFG).s3m
ec52246d6ff361c725eec355841a3c52	0	330652	player+silence	libopenmpt	MultiTracker 1.0	26	704896	8a6db08a	Music - Scene - MTM/El Trago Remix (1994)(Inspekdah Deck of KLF).mtm
ed678d408b23569bc32feea6bc4216e9	1	138432	player+silence	ft2play	FastTracker v2.00	8	340146	723993c9	Music - Scene - XM/Hors d'Oeuvre (1994)(Sulphur of Orange).xm
edc44b12cb247b365bc9705921b807ca	0	278426	player	uade	Sonic Arranger	0	61982	33e26b55	Music - Games - SA/Lionheart - Level 5 (1993)(Thalion Software)[2 Tracks][SFX].sa
edc44b12cb247b365bc9705921b807ca	1	2893	player
ee1d75c48ace012521733ab1edeb750b	1	241997	player+silence	st3play	Scream Tracker 3.2x (GUS)	8	142728	c7149215	Music - Scene - S3M/Haiku (1994)(Nobody of Wild Light).s3m
efc5683706255dfa7c6764d6c444ca53	1	80758	player	uade	Noise Packer 3.0	0	30916	eedd3d6b	Music - Games - NP3/Bubba 'n' Stix - Level 1 (1994)(Core Design)[cmp Martin Ivesson].np3
f1359fddf33aae023e3da15ce421ec8c	1	206698	player	ft2play	FastTracker v2.00	16	338646	e0a41b1f	Music - Scene - XM/World of Mages (1994)(Lizardking of Triton).xm
f16c23db5e1845cd49d52fc8f7e3bc3d	1	176627	player+volume	ft2play	FastTracker v2.00	16	636483	e1dabe23	Music - Scene - XM/World of Dragons (1994)(Lizardking of Triton).xm
f213daacbad4bfcfa033780d47242fd3	1	302993	player+silence	st3play	Scream Tracker 3.01 (GUS)	8	528696	2179b654	Music - Scene - S3M/Existence (1994)(Universal Sound).s3m
f60329cb345e0b5fbec26d06bbea8ee0	1	71816	player	uade	Noise Packer 3.0	0	35880	e6e5a671	Music - Games - NP3/Bubba 'n' Stix - Bonus (1994)(Core Design)[cmp Martin Ivesson].np3
f6531882fe3306a745a8a885998bd43f	1	18044	player	uade	Noise Packer 3.0	0	30412	6b178b34	Music - Games - NP3/Bubba 'n' Stix - Continue (1994)(Core Design)[cmp Martin Ivesson].np3
f6a7c161d25f418286ac1e7ba8d8a587	1	460661	player	it2play	Impulse Tracker 2.12	8	171524	e325179e	Music - Scene - S3M/Unreal Symphony (1992)(Skaven of Future Crew).s3m
f72ba576dbb081d408e0e1a070b05bbb	1	457943	player+silence	uade	Noisetracker 1.x	0	250409	a70eaaa9	Music - Scene - MOD/The Determination (1993)(Dune).mod
f79ef863433d12348cf2e0390c1a9952	0	240005	player	uade	Mark_II	0	69616	ac1db10a	Music - Games - MKII/Katakis - Title (1989)(Factor 5).mkii
f84ab667d52874f12422a6d3f87c473a	1	164873	player	uade	Protracker	0	269686	e8e7456e	Music - Scene - MOD/Interference II (1994)(Virgill of TRSI).mod
f8764f7d79355da6f1d969c551692ba7	1	257545	player+silence	uade	Protracker	0	400006	eeca5131	Music - Scene - MOD/Biomechanoid (1994)(Groo).mod
f8d75589530e8bdeaa12f06e24116f22	0	201746	player	uade	Sonic Arranger	0	104066	678eac08	Music - Games - SA/Lionheart - Intro (1993)(Thalion Software).sa
f8fa7f892b1588e60e2b3608461babb3	1	465234	player+volume	uade	Protracker	0	419014	1748c9b7	Music - Scene - MOD/Atom Sphere (1996)(Dreamfish of DCS & Mono).mod
f92d0382ecaa1e2b50a0bb80bc84e1b8	1	129582	player+silence	st3play	Scream Tracker 3.2x (GUS)	16	197896	5e16248c	Music - Scene - S3M/Devious Disaster (1994)(Mystical of Purple).s3m
f9b2196b08f3ff777e6a0b68403cfb74	1	389954	player+silence	it2play	Impulse Tracker 2.15	32	666900	462c63c4	Music - Scene - IT/Sex'n'Bass (1998)(Paniq).it
f9d7d947b8a849d256d96ea5f8a22b51	1	316531	player+silence	uade	Protracker	0	197138	f74215d4	Music - Scene - MOD/Nordic Report 3 (1992)(Lizardking of Alcatraz).mod
fa9c9cd386f4f4a90823c2bd666be035	0	258871	player+silence	uade	Mark_II	0	84818	5c5d5a55	Music - Demos - MKII/Red Sector Megademo - Loader (1989)(Red Sector).mkii
fb29e6eaffd20e0308b801c926b3c575	1	121276	loop	uade	MON	0	107840	86d32fa7	Music - Games - MON/deathtrap - Death Trap Opening.MON
fb76cddcee27b6b5bb2dd0d46cc7130f	1	91308	player	uade	Noise Packer 3.0	0	43062	bcb7871e	Music - Games - NP3/Bubba 'n' Stix - Title (1994)(Core Design)[cmp Martin Ivesson].np3
fb76cddcee27b6b5bb2dd0d46cc7130f	1	91308	player	uade	Noise Packer 3.0	0	43062	bcb7871e	Music - Games - NP3/Bubba 'n' Stix - Title (1994)(Core Design)[cmp Martin Ivesson][!].np3
fbc810d0a0c067c50309047455704a95	1	215149	player	uade	Protracker	0	99942	aeb7165e	Music - Scene - MOD/Soft Brilliance (1992)(Vogue of Triton).mod
fc8c4e12f61f158fc1e2ce23a9408354	1	111583	player	it2play	Impulse Tracker 2.12	5	84516	21074e26	Music - Scene - S3M/IntroMusic II (1993)(Skaven of Future Crew).s3m
fcbc56b6ba16123ad19e0e2a9c42403e	1	35004	player	it2play	Impulse Tracker 2.12	8	103828	9fc6cf9f	Music - Scene - S3M/Heavy Gargoyle Theme (1992)(Skaven of Future Crew).s3m
fd412832d2d146b9bfaefbcea73fe2c3	1	275342	player+silence	uade	Protracker	0	410412	ff87dd81	Music - Scene - MOD/Compilation (1994)(Lord Semtex).mod
fd5b5bbe50cd54752cd04deab1edff96	1	222829	player+silence	uade	Protracker	0	297876	10611a27	Music - Games - Covers/Gods (1991)(Renegade)[cmp Nation XII][seq Barry Leitch].mod
fde42321f40d564de45ee64632b203ce	1	100583	player+silence	uade	Protracker	0	191386	e7e76d9c	Music - Scene - MOD/Chiseltip (1995)(Caramel of Fascination).mod
ff6f30513779fdcbce29f8901a05526b	0	118497	loop	uade	MusiclineEditor	0	13137	e9409198	Music - Games - ML/Flimbo's Quest (1990)(System 3).ml
ff6f30513779fdcbce29f8901a05526b	1	27236	loop
ff6f30513779fdcbce29f8901a05526b	2	29421	loop
ff6f30513779fdcbce29f8901a05526b	3	25964	loop
ff6f30513779fdcbce29f8901a05526b	4	124137	loop
ff6f30513779fdcbce29f8901a05526b	5	16430	loop
ffda937a73fb1b096b5cbfdcc0e14677	1	5400	player+silence	uade	Noise Packer 3.0	0	3188	1884d35b	Music - Games - NP3/Bubba 'n' Stix - Game Over (1994)(Core Design)[cmp Martin Ivesson].np3
