000c62ae40df338a0008c9bc1f3ee82c	1	206102	player+silence	ft2play	FastTracker v2.00	16	53964	93c5847e	c96eed52	gamma2.zip/GAMMA2.XM
003428e23682f074b8ffd0e2aa8372d7	0	317207	player+volume	libopenmpt	MO3 v0	16	2277519	b4680f30	72ede2e0	strangefeelings.mo3
00f5402a098700493ae5018378a05c24	1	183228	player+silence	uade	Protracker	0	338028	e7134cf1	84277254	warp.zip/warp5.mod
0173fd7be6a09bea9a6da540621187a2	1	210250	player	ft2play	FastTracker v2.00	8	68359	fe50650d	025aba05	publicdemand.zip/STARCAST.XM
030ad061fff0538906433be3906368b4	1	252573	player+silence	uade	Protracker	0	134866	279af58b	eb315b78	demondownload.zip/NANOPOWE.MOD
0326d2cbc6245a88f11dea36962cdd44	1	376443	player+silence	st3play	Scream Tracker 3.2x (GUS)	16	474362	212e33eb	19b8d1b0	state808.zip/808STATE.S3M
0356666e4508ae0e3721520995aff662	1	169093	player	uade	Protracker	0	176198	6d1371a8	5a8c1818	crystaldream.zip/CD_AXELF.MOD
03c413384dfb12ad962049173e14dd16	1	208879	player	uade	Protracker	0	277342	ec30e8a4	97c9ec2d	thuglife.zip/thuglife1.mod
03de84ca507123032dd5e3e6ef368aec	1	96130	player	uade	Protracker	0	142834	0c29fb61	a15b98f5	jesusone's.zip/jesus1.mod
03f6b8444208588c89e29218c7484b14	1	146045	player	uade	Protracker	0	23390	a022a4c1	931eb72b	humantarget.zip/HUMAN002.MOD
041d296c5df3a75ff9c19b5d72f8c7fc	1	43644	player+silence	ft2play	Fasttracker	8	268890	dcd4bca4	e6207024	thefinaloption.zip/FINAL001.MOD
0496d0572acc47c114c81194d0ef4ec2	1	187318	player	uade	Protracker	0	163382	51c4de6d	b9c33a97	kefmania.zip/kefmani1.mod
04a7451ebc63206686a868a7a222a562	1	206486	player+silence	ft2play	FastTracker v2.00	20	106332	175cb387	117d3452	tekniks.zip/unique - smirk - tune from tekniks.xm
04b0f4ab8018bd1144ef753102412c38	1	164641	player+silence	uade	Protracker	0	169288	8eb15b69	f1835ef1	fridayateight.zip/friday1.mod
05387748d345ee776b7881f4159767f6	1	234023	player+silence	uade	Protracker	0	290552	ebef5cd0	4080c1ec	clairvoyance.zip/CLAIRVOY.MOD
057b10ab765556d9fa70927885456621	1	482885	player	st3play	Scream Tracker 3.2x (GUS)	8	384864	542457f3	57fc9bca	secondreality.zip/UNREALTH.S3M
057b10ab765556d9fa70927885456621	2	400940	player
05926d3e467de3b430e9c07e6d9751dc	1	89717	player	ft2play	FastTracker v2.00	6	32635	85817c79	23fff95d	jewelry.zip/jewelry.xm
059f6f2eb88adb643f508d7221af62c5	1	236199	player+silence	uade	Protracker	0	196532	befd90d6	8d2848b1	saint-unmixed.zip/marmeladi.mod
05c1499104c4329d5a654b3dbc47f678	1	329014	player	ft2play	FastTracker v2.00	16	604328	2d745deb	fff6f300	leroy.zip/XPERIM.XM
06191deac19ed8fabdc261eb9d7f6479	1	145098	player	ft2play	FastTracker v2.00	16	36646	8688a207	f6cbafb1	noblesse.zip/noblesse.xm
0682749fad1e717faae014e6ba3241f5	1	178776	player	ft2play	FastTracker v2.00	18	76185	a227936a	4cce543d	pluxity.zip/unik - distance - knucklehead (tune from pluxity).xm
06a25454d9b1ccd482e7231f39e8c02c	1	228170	player	uade	Protracker	0	464758	c98866d3	0e186f97	baahl.zip/Billig Arbetskraft.mod
06be5e64061ece2efd072644e5917e50	1	117906	player+volume	ft2play	Fasttracker	6	386214	3c0dfdb8	bcd2151e	catchup.zip/ZEBRA.MOD
071c79fb4583effc70d473c9b976f1a0	1	203169	player+silence	it2play	Impulse Tracker 2.14	14	51174	65b8e5ca	a2b13d16	nationzero2.zip/SYOA.S3M
0734e8fcf5bb5d60ec8c5454c0bddc27	1	138369	player	uade	Protracker	0	76096	f3f4a43f	49913e18	megademo-tsp.zip/SPMEGA06.MOD
077320045c485d8300b4387a2373adea	0	44963	player	libopenmpt	DSMI Advanced Music Format v13	8	81889	6b7721c8	13ef81f1	contagion.zip/CONTCRED.AMF
077320045c485d8300b4387a2373adea	1	0	nosound
08e5e372bf445394b8ea5eda6639b29d	1	223974	silence	uade	Protracker	0	245058	2837cb3e	101aeb77	alphaomega2.zip/ao2-2.mod
08fa1034aec7fd0effc2a18a5e9bf843	1	303314	player+silence	ft2play	Fasttracker	8	454614	93bfa777	a194a829	reve.zip/PULSE-2.MOD
0919051005e8f360196089c6b1560253	1	76553	player+silence	uade	Protracker	0	131092	a38b21f7	48eee22e	seeingisbelieving.zip/SEEINGIN.MOD
09399cdd6f6bd12e6c393f99c69e3749	1	216439	player	ft2play	FastTracker v2.00	18	1090755	3a328c26	5240ad41	clonemeetsclone.rar/simon - clown meets clown.xm
096c31464403e3891ff974a57941dac6	1	207837	player+silence	ft2play	FastTracker v2.00	14	161777	c6558439	7aadbcea	starsstars.zip/Mw_stars.xm
0973d841d653e5eac739440f8683bb6b	1	276597	player	uade	Protracker	0	138134	fbf9538d	82b2db14	digitalinnovation.zip/china_gr.mod
0a4f4eba1cd3e5e29d117181c3548136	1	68804	player+silence	ft2play	FastTracker v2.00	16	123432	a8e41883	011558ba	downtown.zip/orchestr.xm
0a6af5c267027b7483a1c17f2a6a128c	1	84315	player	st3play	Scream Tracker 3.00 (SB)	8	101992	e2e18281	76956d2f	unreal.zip/LAVENDER.S3M
0a7b6ff2536462b7541b4357a279eeb9	1	69224	player	uade	Protracker	0	32628	fad4919c	62dad5ee	frowzyfrog.zip/skyride.mod
0b3142924223e4e2da4e079addd9bc17	1	194372	player+silence	ft2play	Fasttracker	8	446438	b0f04e7b	81003249	television.zip/ALTERRAI.MOD
0bf8e872e36b4017938eb6f3a7f25cde	1	260783	player	uade	Protracker	0	308192	d7a8ee41	7374f605	heartquake.zip/TCHWRLD.MOD
0c8956821f40becc29556e65d5bc43ed	1	241667	player+silence	uade	Protracker	0	217142	ee356fd8	00c654e7	roots.zip/RAGE.MOD
0ca23f1e5914c184dec411e970e6e462	1	606375	player+volume	uade	Protracker	0	140922	a9922bb7	9f962b61	eurocharts8.zip/NOW_WHAT.MOD
0cf19e8803e73a9bacd755fffff4615a	1	126835	player	uade	Protracker	0	286268	32262da9	c58e227e	electroluxus.zip/tuuli2.mod
0d3735b0f2ab81a4df2bc9d4cf6f26f4	1	197389	player	ft2play	FastTracker v2.00	10	289321	6b52c7d7	e645c387	arabicum.zip/ARABI002.XM
0d3c017e0b6e799f264c34ab256065d4	1	164592	player	uade	Protracker	0	48802	1ce98381	4ae3e4a6	factsoflife.zip/FOLIFE1.MOD
0e9722127daf309c4611ea7ca2e54afa	1	148134	player	uade	Protracker	0	483412	e7d37018	41f25f70	miracles.zip/Pop_houra.mod
0ec536f549f7499817ba8ff8ca74c147	1	156261	player	ft2play	Fasttracker	6	65168	3e04006b	e6b8aafd	daze.zip/DAZE.MOD
0f83deb4c1d00bd1cad18dd4478e3152	1	640068	player+silence	ft2play	FastTracker v2.00	32	5654115	d78cf9d0	73b8a8aa	kasparov.rar/kasparov.xm
0fc2a0f53b0171fc338775d9a626455b	1	61568	player	uade	Protracker	0	54780	1a05a2ab	12a748cf	megademo-tsp.zip/SPMEGA01.MOD
100174919656cc796b3d9bee5a6dfd1e	1	249490	player	uade	Noisetracker 1.x	0	212870	77290756	916d7457	rsimegademo.zip/rsi-rise_up.mod
107f21f66faaf526229135acc8a084f3	1	179321	player	uade	Protracker compatible	0	47724	c2ff9320	54330e32	420bobs.zip/strange_loader.mod
10c9e6e71ab51031c25b1972f92b4fc8	1	222191	player+silence	uade	Protracker	0	128768	08d729c6	ec267ebb	intothekitchen.zip/ITK.MOD
10cb2cb1b43011fc064348f6fae4da24	1	159488	player	uade	Protracker	0	67580	6bc77c04	22a33c65	eclipse.zip/eclipse.mod
11530158f4a35467caaf7f1c67d1d350	1	138260	player+silence	ft2play	FastTracker v2.00	8	1313978	b9923f79	09f479fe	upup.zip/vectors - trixie - upup (tune from upup).xm
11558f2153989aba41f7602fbb86908f	1	215726	player+silence	ft2play	FastTracker v2.00	12	725545	b33053a7	fc04f00a	empire.zip/EMPIRE4.XM
116afec3a14811e0d595bbc0baf1516e	1	46216	player	uade	Protracker	0	28844	dd6a1aaa	49950bfb	neuralassault.zip/LOGEDANS.MOD
116d2d9512ae4207388f5b16e083d7b7	1	286865	player	uade	Protracker	0	159284	2e12f752	a5f1f4d0	desertdream.zip/dd-3.mod
118b99c68f18125315b31cc8a2c5e876	1	57237	player+silence	ft2play	Fasttracker	8	258048	433a5872	865323fc	therealthing.zip/ELBERETH.MOD
11dbd649ebfc0b5c871e9cb34280b7e5	1	286336	player	ft2play	FastTracker v2.00	16	410351	0b13191c	e7940c60	naid'96report.zip/PILOT.XM
12161146a158e43de6296d06330048fa	1	353317	player	uade	Protracker	0	245602	450a70b5	0a3976c2	nexus7.zip/NEXUS7.MOD
12fdfc62aa2e8201b41e4b3b3a694a59	1	178792	player+silence	ft2play	FastTracker v2.00	24	82790	35e15e15	7f532023	ysie.zip/t-rex - beaver - unearthly heat - (tune from your scientists invented electricity ).xm
1305af17e7cf8112a4ffbc8b99d5db34	1	349618	player	ft2play	FastTracker v2.00	32	1564689	70c2bb9a	8a6aa8e6	shrooms.zip/dhg - shrooms.xm
13325454f377f0589897b1845b145e43	1	38322	player	ft2play	Fasttracker	8	53042	659daa4f	2468320b	elements.zip/HISTORY.MOD
13c462bb0c2b67e02bb195110e7dd278	1	143392	player	uade	Protracker	0	199366	eac7dc5a	ddc023aa	artifice.zip/RAISINGH.MOD
144633624bb313988a13e6d78c7b263f	1	280536	player	uade	Protracker	0	132618	afd552b2	2331200f	interference.zip/interfer.mod
144a392a462dfd4c29b4ec214a8e2d17	1	183805	player+silence	uade	Protracker	0	767572	8be5e89c	126a50fe	respiratorstories.zip/ANGST.MOD
155103ef1adac4fd0de9ba29f4a54952	1	314844	player	ft2play	FastTracker v2.00	14	727988	6a19adc5	cd8b6594	dream.zip/DREAM.XM
1563ed659a53ff36242460b8c2016f54	1	130632	player	uade	Protracker	0	136264	0be81945	d6a833e6	weshaveass.zip/KILLING.MOD
1563ed659a53ff36242460b8c2016f54	2	130632	player
167fc9f585c09edd02ad2f9a9c761c4b	1	228353	player+silence	ft2play	FastTracker v2.00	20	469745	ca39cede	1bba0591	disclonedremix.zip/discloned_remix_-_xhale_-_disclon2.xm
17601d090a9841b659cd03724c4eaad4	1	187352	player+silence	ft2play	FastTracker v2.00	20	60117	4e95a642	34b89514	fukwitdaddy.zip/fukwit_daddy_-_solarc_repe_-_fukwit_d.xm
1911cffe0b507c52ffc86c2be91ffa5a	1	373009	player	uade	Protracker	0	128986	5bbd20ae	da2e621d	requiem.zip/MENTAL_O.MOD
1911cffe0b507c52ffc86c2be91ffa5a	2	373210	player
193b22c002a3cb82c015dd7347bc0cb4	1	312673	player	ft2play	Fasttracker	8	372130	f9851ba2	3d7e6821	verses.zip/DOUBLE.MOD
1945c7839379111e4ade927139d6eaa6	1	265436	player	ft2play	FastTracker v2.00	22	1166661	0b7246a0	b648e3e3	chillin.zip/chillin_-_xhale_-_genious.xm
1a1d579c7a53d99e6e1da01b57c99ba0	1	269705	player	uade	Protracker compatible	0	237568	842ef64c	ba131deb	gbu-phaq.zip/BEASTSNG.MOD
1a746043438a2a4447c365162cbfbf13	1	39519	player+volume	uade	Protracker compatible	0	140994	f67872f0	52c2a232	budbrainmegademo1.zip/jungle2-diablo.mod
1af124a0fcb583c0d33b881d55a5af42	1	393847	player	uade	Protracker	0	484842	7cf5e99d	5d72e359	cocoon.zip/BACKTOTH.MOD
1bf2f65cdb4c1d6533edb7700fcda81d	1	208096	player	uade	Protracker	0	198974	0ed1daee	3f649f58	roots.zip/HARMME.MOD
1c8beac4de24e24a05c8ecf5d0b7bf85	1	238497	player	ft2play	FastTracker v2.00	14	720410	d79c5407	64dc8fec	karanga.zip/KARANGA.XM
1cb204c778d6cd98e73d05138aa34e5d	1	139200	player	ft2play	Fasttracker	6	446734	fafa5349	7ecbc4ea	catchup.zip/KRAFT.MOD
1d017ef7f6a306b6a31f4623833ed282	1	80336	player	uade	Protracker	0	200302	558f54ec	c1d969bc	crystaldream.zip/CRYSTALS.MOD
1d200659b9b4ab2dd7da63fa97561006	1	157740	player	uade	Protracker	0	146886	a1c17e74	c438d771	arte.zip/arte3.mod
1db2acb1859896d2a2bc80f8a4158273	1	205564	player	uade	Noisetracker 1.x	0	88900	01b0029b	77ac0cd4	totaltripletrouble.zip/static-total-triple-trouble.mod
1de161c994b93dec6b419722ca66e789	1	175110	player+silence	uade	Protracker	0	443400	0ff7531c	9ae63003	sumea.zip/sumea.mod
1e68d47966d39f12d639b07d24acc95d	1	256362	player	uade	Protracker	0	298178	360bc912	3fa79790	soulkitchen.zip/SOULKITC.MOD
1f1956f62abe07338daf45ed631e4d9d	1	227929	player	uade	Protracker	0	617102	63f38c21	de41bd73	electroluxus.zip/hemohes'd.mod
1f3b09425e0ea4e2bf1e53160f7c4d77	1	116601	player+silence	ft2play	Fasttracker	8	462848	624e51a2	8bb5cc14	therealthing.zip/LATIN.MOD
1fa4f8ed30ccc76927617125eb38f451	1	99671	player	ft2play	FastTracker v2.00	8	73539	9d8a946f	49309481	lol2k.zip/LOL2K.XM
20305e88658d18a93c6b9bd3dd39fdff	1	645720	player+volume	uade	Protracker	0	194072	1b335576	129a71bf	eurocharts20.zip/EUROCHARTS-20.MOD
2064d10ceaa7c6fa425349ae859f543d	1	237900	player+silence	uade	Protracker	0	355552	f7eff42e	b37d6fba	burningchrome.zip/burning_chrome_-_mortimer_twang.mod
2160c26c18db8fe245d89fcb24229920	1	309557	player+silence	uade	Protracker	0	160264	f867f2b1	4dca4cf4	technologicaldeath.zip/TECHNOLO.MOD
21652740eeada89797334fe1192706ab	1	296048	player	uade	Protracker compatible	0	137356	753a6b10	d9c2a4fa	phantasmagoria.zip/PHANT.MOD
2298ce40b960ffbe881473ac9b02a2f6	1	272931	player+silence	st3play	Scream Tracker 3.2x (GUS)	16	1037002	8ba8e97d	d0235443	theunrealthing.zip/UNREALTH.S3M
22b5bf9a9264c9bb000715396f394bcf	1	59639	player	uade	Protracker	0	153226	b1782027	6848eba0	disgust.zip/DISG_END.MOD
22bb7f51cfa41562f77fac9451217b77	1	189598	silence	uade	Protracker	0	172072	89156f1e	c1fd52be	klone.zip/KLONE2.MOD
22f0a1100e4eecc89c58c8616e7680ca	1	168408	player	ft2play	Fasttracker	12	499270	3a85deed	1f7ad7cd	semtexcity.zip/SEMTEX.MOD
2307ec345eca109b824d111da7ab1be6	1	35968	player	uade	Protracker compatible	0	43636	af3b18a1	260cc39b	shapechange.zip/TINYTUNE.MOD
2329eeac6123455f3f55822ec6994ca5	1	291587	player	st3play	Scream Tracker 3.2x (GUS)	8	591616	d06c10fd	1c107f54	professornutbutter.zip/NUT.S3M
232d9b957694a860b275ee0a1a579f9d	1	211255	player	ft2play	FastTracker v2.00	20	712328	14c0d940	e3a43684	mentaldebug.zip/mental_debug-2.xm
235dd2e041012ff02ee69bfbd15cc164	1	270308	player	uade	Protracker	0	130150	c4accc51	4e376577	digitalworld.zip/APOCALYP.MOD
23a09e7328415f432e4de1e9c8df1b1a	1	198437	player+silence	uade	Protracker	0	224342	9b9fcb38	b1babee8	arte.zip/arte2.mod
24945cc77fbd6a2869f222ed11e15eb1	1	77362	player	uade	Protracker	0	82654	b1e43dd5	570182f3	no-polkabros.zip/NATURE_AND_A_DOLL.MOD
24bd81a56519df2341e7dc35a0681c8e	1	134531	player	uade	Protracker	0	113292	5bfe7ec1	215bcc9f	real.zip/real_hel.mod
2577c8e6e2d7c5d17656d45284dd7a16	1	147419	player+silence	uade	Protracker	0	291170	5218d7ba	7d15b1d5	tint.zip/khan-be.mod
2592e817cd65aa11b16d6935d0eb8953	1	122715	player	uade	Protracker	0	67588	0a3e0ce7	b3ab2da0	flowerpower.zip/EXPERIMENT-2.MOD
25cb148db5c6653546aea1a346e943ab	1	295245	player	st3play	Scream Tracker 3.2x (GUS)	10	522712	a136a36f	bc73d8e9	planetgroove.zip/GROOVE.S3M
25f43807429e4d4f83de8038c30a7cfd	1	200299	player	uade	Protracker	0	132718	d8b62c55	88271699	bluehouse2.zip/BH2.MOD
25f43807429e4d4f83de8038c30a7cfd	2	199837	player
264ad2268c536075b20b96ebe3648718	1	355568	player	ft2play	FastTracker v2.00	10	406474	518c6ed7	bec5d74d	bomb-impact.zip/BOMB.XM
27c54bb6487250afc36f5d3ca85cd845	1	293073	player+silence	ft2play	FastTracker v2.00	14	654458	e8073094	831d2edc	proton.zip/PROTON.XM
2907e02de0f6dac2dcf8ad7682e9bcb8	1	191694	player	ft2play	FastTracker v2.00	16	37546	ff295642	a044fe42	transmogrification2.zip/TRANS2.XM
2ae6615e83bfe3429f9ed69e8a3ff103	1	337222	player	st3play	Scream Tracker 3.2x (GUS)	16	945876	ac31cb66	609e62fe	arise.zip/TERRA-NO.S3M
2afd92d71e5a0eddb285981874f81672	1	80758	player	uade	Protracker	0	593960	488116f5	04ef7247	rise-trsi.zip/Rise End.mod
2b0275c3e69b53ca697e5d801e27960f	1	213396	player+silence	ft2play	FastTracker v2.00	16	1872758	0da65007	0853421b	stash.zip/OVER2BG.XM
2b8decbc589216967228a3fc867be925	1	195135	player	uade	Protracker	0	653390	f5c95902	092f5f6e	mnemonics.zip/exxtreme.mod
2bd03dbce90e7953256c7447c3680cf9	1	123197	player	uade	Protracker	0	647234	44224ae3	42138be6	extralife.zip/ExtraLife2.mod
2bfaef5cb20dfbb8ad4b446d539f9f71	1	268439	player	uade	Protracker	0	305492	9593b04b	bc3b9e34	burningchrome.zip/Mortimer Twang-Burning chrome end.mod
2c315129c5ac186a0969c075001a1bac	1	368870	player+silence	uade	Protracker	0	236608	35a0dc7e	ef50592d	eurocharts27.zip/EUROCHARTS-27.MOD
2cf0bdc3690f168dab8f74ccd68e2ac8	1	73082	player	uade	Protracker	0	196696	cd8c7abf	b2751277	booo.zip/RAKKO.MOD
2d29ded39d0d425b36e95e687cd551d0	1	147158	player	ft2play	FastTracker v2.00	14	42341	e53e7e9a	b101f8bf	junior.zip/fluffy.xm
2d34ca258a8dee2e621897d6038f955d	1	99671	player	ft2play	Fasttracker (M.K.)	4	161261	1b9a3d53	8d6547a0	dowhackado.zip/dowhack.mod
2d36a02a902ecddaf7d2c78663e30bfc	1	90866	player	st3play	Scream Tracker 3.01 (GUS)	16	211649	03504b16	e033dd04	ssidemo.zip/LEOYARD.S3M
2decbc36c3975df7b6417fa103d2723e	1	74529	player	uade	Protracker	0	64070	c72e2f20	18d5d504	interference.zip/interfen.mod
2e099d819479c9d9534e13e497942e66	1	230019	player	st3play	Scream Tracker 3.01 (GUS)	6	173312	9ab6f033	f98c716b	neverassume.zip/MaximumVoltage.s3m
2e5fb56832fdb19ea0d64e4d35fda607	1	328099	player	uade	Protracker	0	121086	dba0a940	15773e5a	cronologia.zip/TIME.MOD
2f7c6d26bc0fb21febd2400daf14cf6c	1	67315	player	uade	Protracker compatible	0	84536	2a84ca65	77f30685	budbrainmegademo1.zip/grinehammer2.mod
2f9ebf88e73baca253c8fca6986524e4	1	282364	player	uade	Protracker compatible	0	140380	e656682c	7321e530	eurocharts6.zip/TUNAFISH.MOD
2fbb47deb42c665470848189399f4d8a	1	16560	player+silence	ft2play	Fasttracker	6	331534	10ca9275	c2b74e10	catchup.zip/INTRO.MOD
2fd96be261ae85017b600c084282fcbb	1	165688	player+silence	ft2play	FastTracker v2.00	10	87226	9980da36	c3c69e5e	heaven7.zip/heaven7.xm
2fe63a85dbcb91aa18332e342b2516ce	1	287571	player+volume	uade	Protracker compatible	0	257316	31c26284	7a6ad323	digitalmatrix.zip/DM5.MOD
2ffa2a104457bde6e07e0410f54bd223	1	305208	player+silence	ft2play	FastTracker v2.00	18	572367	b2a55272	753abeed	balance.zip/HEAD_DRM.XM
30876a847f1c1cf637474b99acea0838	1	220454	player	uade	Protracker	0	288722	74e2b1e0	34305a0a	light.zip/skubidubab.mod
3148af61c853a1514fb84aadd06d4c22	1	245672	player	uade	Protracker	0	241450	a2d6fcee	7a814847	desertdream.zip/dd-1.mod
315d48758d90f3b8625f11b395519b61	1	257320	player+volume	st3play	Scream Tracker 3.2x (GUS)	16	454116	89661259	5fe79cb7	elegance.zip/ELEGANCE.S3M
319ca4abff6b3b257cddf38884b20482	1	581588	player	st3play	Scream Tracker 3.2x (GUS)	9	233523	696ead4e	37599b89	unreal.zip/UNREAL.S3M
31e1d23352baa3f54583af893e3a1554	1	184404	player+silence	uade	Protracker	0	256558	3f6b656f	7d3703ac	digitalmatrix.zip/DM6.MOD
32b43ff6ca656f3a6a923c09d3900c56	1	135178	player	ft2play	Fasttracker	8	326672	1315ea84	1c85063f	cosmos.zip/COSMOS.MOD
32e0170b1392b063f1d1a1c943694135	1	357155	player	uade	Protracker	0	166805	4cc533ce	818dcc9d	dayofreckoning.zip/PANDEMON.MOD
331311da2f630de279483f38b917e13d	1	144136	player	uade	Protracker	0	117994	926384c5	3c3d23bd	exile.zip/EXILE002.MOD
3383a9349e9ba823dadf9e5e6d20834d	1	186354	player	uade	Protracker	0	245386	80434b49	b8e1ebb1	digitalmatrix.zip/DM3.MOD
33c17a759a24ce1164cecf32d0b0dcf8	1	180162	player+silence	ft2play	FastTracker v2.00	26	81913	cf45afe8	3edeba23	essence-yaphan.zip/essence.xm
33eaa708e6c527b96bf2e4a13b760c1a	1	157277	player	st3play	Scream Tracker 3.2x (GUS)	7	352926	cb24877a	92f3753e	ssidemo.zip/LEOCAV2.S3M
33eaa708e6c527b96bf2e4a13b760c1a	2	209543	player
33eaa708e6c527b96bf2e4a13b760c1a	3	14970	player
33eaa708e6c527b96bf2e4a13b760c1a	4	117872	player
34b60e2ebd21697392f5f25503daf649	1	63477	player	uade	Startrekker (4ch)	0	271498	7e1be89a	4cc56bc5	bomb.zip/BOO.MOD
34df5aaff8528d2ceccf1880818c97bf	1	102219	player	st3play	Scream Tracker 3.2x (GUS)	16	156682	46138ec4	56c5caf9	flight.zip/LEV.S3M
350717915ad3e74ebfc6885e80001f93	1	442696	player	uade	Protracker	0	163246	fdbf6602	e57c7599	guardiandragon.zip/GARDDRAG.MOD
35381e0de6a08aa02b6bc4dc89530d0b	1	160774	player	uade	Protracker compatible	0	105606	1d2d6cd8	7d2f53ce	junglykitchen.zip/2empty.mod
35560427f5135789cbc4ff62e57ed81e	1	201879	player+silence	uade	Protracker	0	146830	3098b5ae	44ff1546	3ddemo.zip/ANARCHY-3D-DEMO-1.MOD
3560af2021697c54dc3de8a35a96699f	1	302860	player	st3play	Scream Tracker 3.2x (GUS)	12	551652	17220966	30008293	explicit.zip/phoenix.s3m
35958b5f6af60ebb69b02ebddbaa021d	1	160405	player+silence	ft2play	FastTracker v2.00	18	1110343	da580291	729d9fb9	7cf.zip/7cf_fin.xm
35b16ad5ea3c24f0df9335d19690ac33	1	271252	player	uade	Protracker	0	267318	adb27ffc	4b6a8997	staticchaos.zip/JUST.MOD
371b09ddf645761f20085bda9bfc23ae	1	189549	player	uade	Protracker	0	72376	f5a3c2d4	e1dff5ff	md7-kefrens.zip/MD7_TERM.MOD
375d5e880bf9e06b6a9611084e0e93c5	1	88233	player	st3play	Scream Tracker 3.2x (GUS)	16	208150	62bac27b	b62eccc1	haze.zip/HAZE002.S3M
37b1f1deaf85aa2d6626b0c54f6f2e34	1	43463	player	uade	Protracker	0	53388	7170bcca	595e026f	demondownload.zip/DEMON-DO.MOD
37b6112469b117a3fcba73e219187151	1	257887	player+volume	uade	Protracker	0	126058	a5e0d555	52e32f31	dos.zip/dosthem0.mod
37e0632c87623bd4368ebe30379bd3da	1	154204	player+silence	ft2play	FastTracker v2.00	22	86889	c3195a09	de783fa9	discoranger.zip/unik - dhg- d_squared (tune from discoranger doublemint).xm
38575e9549ea38535215ea40260ea964	1	81778	player	ft2play	FastTracker v2.00	8	75526	8fc7bf02	d7ea7a6f	mysweetveronica.zip/my_sweet_veronica_-_melwyn_-_mw_vern2.xm
387b4f2dada5a2bf2a22f432e0e22c5d	1	96789	player	ft2play	Fasttracker	12	516850	1bbb2759	18b546eb	silence.zip/silence-part1.mod
38a543c7b74019856e5fab356ff9b643	1	117872	player	uade	Protracker	0	132728	bc0654d1	37a0d7ef	digitalinnovation.zip/DIGINV3.MOD
38ca10a0c48142a60b926591f656021e	1	554058	player+volume	uade	Protracker	0	202148	b2f39321	8e8247e2	eurocharts26.zip/EUROCHARTS-26.MOD
394245363c35dcb379ea6491b8c69994	1	140921	player	uade	Noisetracker 1.x	0	101250	0e63aa86	0d209d01	rsimegademo.zip/rsi-hard.mod
39d6e60c6e137d55c2a78ea9bb803c55	1	27006	player	uade	Protracker	0	18440	3186a4ab	10d8b688	factsoflife.zip/FOLIFE0.MOD
3a12d129d2e81af3efd05eb44abd5d5c	1	343230	player	uade	Protracker	0	226458	bb2adf6d	11349fdb	maydayresistance.zip/MAYDAY_RESISTANCE.MOD
3a27790349cb945d01dc81e08988b44a	1	634717	player+silence	uade	Protracker compatible	0	51074	ce4cbf18	664ede08	hugecrowd.zip/H-CROWD.MOD
3ad184a8838903473c2db4d47c0c935f	0	198086	player	libopenmpt	ModPlug Tracker	8	264640	77e6391d	58271bd4	megamix.zip/megamix6.s3m
3b268126e35bb94ed2938391d0bf729c	1	130345	player	ft2play	FastTracker v2.00	8	31877	9c5e362e	f98e5d0a	clerks.zip/clerks.xm
3b41fae0fe6f7e41a046c8591094fedf	1	147599	player	ft2play	Fasttracker	8	244764	a1b21120	d0849384	warp.zip/warp6.mod
3b6ff7b2cf8f60cc789f99f25ecffc99	1	390773	player	uade	Protracker	0	210502	0d577b3e	ae58c797	eurocharts24.zip/EUROCHARTS-24.MOD
3b9517147d79eecfd9886b57eb45dd5d	1	378971	player+silence	st3play	Scream Tracker 3.2x (GUS)	16	546340	089f71b7	dadf69e5	stars.zip/starsmuz.s3m
3bf1285652638b639396081f4f1b5252	1	95007	player	ft2play	FastTracker v2.00	16	450681	268f3f1b	80ee1ba7	stuff.zip/PART-1.XM
3c48fbd0a75d303feaa741a33b08e2c8	1	249846	player+silence	st3play	Scream Tracker 3.2x (GUS)	16	427340	687a3a7d	1a661efc	flight.zip/MIXOLOG.S3M
3cc64d93e74b0fd2e13a1d4b1cace57d	1	169093	player	uade	Protracker	0	70704	94a5b858	987c46df	spellcheck.zip/SPELLCHECK.MOD
3cdd38e8e37060e0506cbd1b540ae610	1	215954	player+silence	ft2play	FastTracker v2.00	12	607156	e4bdfc49	9784d6a4	fashion.zip/DEMO5.XM
3d74f8e32321ee3b21deedc96cb150a5	1	193346	player+silence	ft2play	FastTracker v2.00	32	978200	6fa2fc75	21f6184c	kkowboy.zip/GFAG2C.XM
3dc137187023321e55bd1aa0a562715a	1	222368	player	ft2play	FastTracker v2.00	6	30616	59e5f189	60c080c7	thedifference.zip/DIFF.XM
3e13af84001b1865e036de3a64b2066b	1	227237	player+silence	ft2play	Fasttracker	8	417934	6e2f7760	c42fb30e	warp.zip/warp4.mod
3e46640674e9ab915406fd0dfe93349f	1	207493	player	uade	Noisetracker 1.x	0	189684	78d1c1c2	d7f28367	coma.zip/COMA.MOD
3e46640674e9ab915406fd0dfe93349f	2	146708	player
3e46640674e9ab915406fd0dfe93349f	3	134531	player
3e4ed50cd985813cf850ea57cf7f6f82	1	75976	player	ft2play	FastTracker v2.00	6	21152	b05cc4d6	b84832c7	reality.zip/REALITY.XM
3e589b7f08dfb4705ad43fe1ef0fddff	1	67355	player	uade	Protracker	0	82496	359e9f55	405dee0b	dove.zip/DOVE_III.MOD
3e833b0154db82b36bcd71a314f4dbbc	1	173577	player+silence	uade	Protracker	0	571982	40763609	c8aa9419	mykingdom.zip/TAMASKIN.MOD
3e85eea9c99ef3f5aaf7280fa05f3d41	1	237978	player+silence	uade	Protracker	0	721950	2c635e76	f43cae40	deep-remix.zip/deepmix.mod
3e905db0971cd3e32a4cb28199223eb3	1	212557	player	uade	Protracker	0	59816	c719ac39	44211925	sequential.zip/ORCH2FIX.MOD
3f95b00da3ca375aec9257863bfb2353	1	114604	player+silence	ft2play	FastTracker v2.00	6	438698	9951c1d4	54a61d77	netty.zip/FUCUP4.XM
3ff34fdc5806feb45178f900c0cfbc85	1	282746	player	uade	Protracker	0	331602	ad102655	86f15ed9	passengers.zip/some_day.mod
401ff07f9ae9b985c5c37458d79bc41a	1	186438	player	ft2play	FastTracker v2.00	20	49117	d026a5f8	fc2a0764	hplus.zip/hplus.xm
40215b2ff0515c5eeb05dbda0d771ad8	1	143091	player	uade	Noisetracker 1.x	0	117442	cb911a67	b4f440bf	dos.zip/dosthem3.mod
404427fbc6596f04fa359272a3807143	1	252778	player+silence	uade	Protracker compatible	0	170610	4c4aef83	f5b08cb1	vectormania.zip/galaxyii.mod
405641c01b66595ffd6f1ba74452111c	1	202688	player+silence	ft2play	Fasttracker	8	227466	d8426aa1	06749a9f	hellraiser.zip/RAISE005.MOD
40567446b9316fe59871d0dd5c7be0fd	1	344170	player+volume	ft2play	Fasttracker	8	471370	5d850219	99c0daf8	thefinaloption.zip/FINAL002.MOD
409c279a0f479ad02a18c820b28c683e	1	167845	player+silence	ft2play	FastTracker v2.00	16	480526	7e3153b6	12528d1f	mentaldebug.zip/mental_debug-1.xm
41c16bfe50ab653f9bf514202cf98fd4	1	229697	player+silence	ft2play	Fasttracker	8	526818	7ba65b52	61f1833c	projectxyz.zip/BASKA.MOD
41c56a2a62fb4e6f3e33ac882380bbdb	1	313008	player	uade	Protracker compatible	0	249550	5ff82daf	0ba69a8a	introdentromentrodemo.zip/eureka.mod
428b578b6114a8e6b5791287bfcbdf25	1	176400	player+silence	uade	Protracker	0	240256	55c2ea9f	feac3e27	shortcircuit.zip/shortcir.mod
4307afbffca474e0d16f2cdc4662f92e	1	124926	player	uade	Protracker compatible	0	54182	6d3f8c21	c0bc51eb	thefury.zip/OH_NO___A_DEMOSONG.MOD
430bb51c63cc1e646e742d3b6e4438d9	1	120395	player+silence	uade	Protracker compatible	0	21920	2dcb8857	64ff16a6	orbital.zip/LELE.MOD
435b640a5fe62c80be018aed0e8fe813	1	231164	player	uade	Protracker	0	156076	6ee7520f	d021e558	joyride.zip/JOYRIDE.MOD
43ec37a544053c74a6fdb5727cbab7b5	0	223658	player+silence	libopenmpt	PolyTracker 2.03	10	468448	e132f8b2	0dae8840	bugfixed.zip/BUGFIXED.PTM
4412cfd8648b83f706b43f55d8b1ba66	1	41072	player	uade	Protracker compatible	0	61912	88f9beff	f4248b85	budbrainmegademo2.zip/loading-dia.mod
4437acc8866f5c8b20ba90afe56adfca	1	109855	player	uade	Protracker	0	165392	8e4ba3ae	6dc7e262	jesusone's.zip/jesus4.mod
44d3f96e8676164cddfcf37dd0750006	1	111402	player	st3play	Scream Tracker 3.00 (SB)	5	84336	d8b6a3b6	931f7698	waitegroupdemo.zip/INTROMUS.S3M
44f7598836e512d5e61b1cedfcec532b	1	189264	player+silence	ft2play	Fasttracker	8	93144	8a37bbf9	60c05dcb	fluidmotion.zip/WATERFNK.MOD
45156bc878c721070cc05319db3628fe	1	60182	player	st3play	Scream Tracker 3.01 (GUS)	16	254864	57e4de2e	b7e8a682	uneatable.zip/UNEAT009.S3M
451aa181d07544362e74a5e3c88fdf54	1	207356	player+silence	ft2play	FastTracker v2.00	14	70030	eeb94b2a	41ebf352	together.zip/fairlight - smash - tune from together.xm
45cbc80b97fd9fcf7763b02098784238	1	478464	player	uade	Protracker	0	160218	c1222909	f8355ce4	substance.zip/knullaku.mod
45d3fd562ac933d6e375a6f2167c4dc5	1	187680	player	st3play	Scream Tracker 3.01 (GUS)	16	460528	e39b0f9f	ec60c3bb	visionsoflight.zip/VOL1.S3M
46263816cadd6be9b59760df915198f6	1	399842	player+silence	uade	Protracker	0	117664	4c75ccf9	ac6e6134	madness.zip/MADNESS.MOD
467c34b56e579170cf4bf9ef3fe685b8	1	203672	player+silence	st3play	Scream Tracker 3.01 (GUS)	16	582876	f25902be	ce92e85d	contagion.zip/CONTMAIN.S3M
46c94dd046670959d44da7b09b02e8be	0	127484	player+silence	libopenmpt	ModPlug Tracker	8	392400	2a681b48	71dd0fe0	megamix.zip/megamix1.s3m
4773b768baebf17c81d7cfbca200e3bd	1	282063	player	uade	Protracker	0	125562	9880964a	0fb3f003	alchemy.zip/SEXSAM.MOD
47b1ed1f2aedd49a3982a3f0a35c4002	1	102561	player	st3play	Scream Tracker 3.2x (GUS)	16	127008	d9cce91e	2fd929cd	flight.zip/THINGS.S3M
47fb9d17b83f19915bb02a331bd3d056	1	171887	player+silence	ft2play	FastTracker v2.00	12	48557	6ea0121c	a2ac282a	satan.zip/satan.xm
482649e518545433e7f8a1b3ecc42543	1	122305	player+silence	ft2play	FastTracker v2.00	8	126381	a0b10339	f73673d9	deadcells.zip/dead_cells_-_melwyn_-_paa.xm
48da833b3a4b1b93e11a6909e3857c74	1	65550	player+silence	uade	Protracker compatible	0	124928	c51cc9f1	a33a6b00	heartquake.zip/NDTIT.MOD
499a03918a65e59e146d5c4778143d2c	1	298560	player	uade	Protracker compatible	0	296952	8f40a74d	75776254	tp3report.zip/brainfire.mod
49b5b32bc52496a9fddb3d60c2d5476f	1	189775	player+volume	uade	Protracker	0	430350	de795371	70e42c11	kefmania.zip/kefmani2.mod
4a2146eab3952c0c939489951f768725	1	61568	player	uade	Protracker	0	45928	360b7f7d	81da62e4	megademo-tsp.zip/SPMEGA02.MOD
4a430cde20a0e9351916d0feaf9769ff	1	292542	player+volume	ft2play	FastTracker v2.00	22	1123193	53fb3ead	f7a6827d	7d0millennium.zip/7D0MILLE.XM
4adff0c9246d71606911fc64d48a4eb4	1	182536	player	uade	Protracker	0	194266	4fa6761d	bb5f1f4d	demo2-parasite.zip/DEMO-2.MOD
4b649177aaedd11961c82b20b9142507	1	230541	player	uade	Protracker	0	125556	7584dd71	9c1ef4d4	dejavu.zip/DEJAVU1.MOD
4b7b7c0e537842b74625a4f3846e53a9	1	102520	player	uade	Protracker compatible	0	83452	9bdc6b38	1624e477	budbrainmegademo1.zip/acidrock.mod
4ca58ce3d2e48ba73cb2187b06bf370a	1	266822	player+silence	uade	Protracker	0	966814	97cce1ea	ea1ab2cd	relic.zip/RELIC2.MOD
4cfef901d6e7c4c8097f838b8709645b	1	41349	player+silence	uade	Protracker	0	138260	b7d1106d	223dcb38	wildlife.zip/wild1.mod
4d89e9f6baf0ea941b5f99cd7619005c	1	81040	player	uade	Protracker	0	168040	32e68a5e	6295b655	whammerslammer.zip/WHAMMER1.MOD
4dc1901ba228e4afabaa0e9253943818	0	125582	player+silence	libopenmpt	MadTracker 2	17	70710	91b70970	7bccfef0	synergyremix.zip/synergy.xm
4e019d3b69a5930d8930ba3dfd488ff0	1	173680	player+silence	ft2play	FastTracker v2.00	16	42030	20c4b7bf	32d4aba5	bjoer.zip/bjoer.XM
4e021ff19df786fe7babda041206b34b	1	56846	player	uade	Protracker	0	57310	2fdeadb4	46c61201	cardiac.zip/CARDIAC.MOD
4e11a0100f8238cc424cef9bece8ca7e	1	414369	player	ft2play	FastTracker v2.00	20	270182	a6b81347	6cafc9c3	fr-minus04.zip/_rf00101.xm
4e842a87d836560f75b69065fe6401c4	1	76920	player	uade	Protracker	0	75322	ccb9601f	64d9ac4a	alchemy.zip/VILLTI.MOD
4ec3f14f67e7cce8190edcfc4b167fa3	1	266573	player+silence	uade	Protracker	0	613220	d23078b7	bc49de56	mykingdom.zip/ANTIGOTC.MOD
4eefe21adfca32650e92dcc2bcae68e7	1	232470	player	uade	Protracker	0	182246	c89b8456	1777efd0	illusion.zip/ILLUSION.MOD
4f66bb79fd3ac69738916a6822a69996	1	359546	player	uade	Protracker	0	266538	76731a66	4f12314a	fullmoon.zip/SKELMA.MOD
4fbb30c1bf7d0da4f77262ebf96e92a9	1	259093	silence	uade	Protracker	0	237484	46044547	58399822	origin.zip/SUPREMEI.MOD
50380b4c55ef33d2b5add9ae5db6de80	1	230541	player	uade	Protracker	0	238768	aa945827	abb838d0	elements.zip/DANDLION.MOD
50966dace3f5ec25bb7051fd35a00f00	1	253368	player	uade	Protracker	0	146160	75319af3	6b23536a	lostworld.zip/dirtymar.mod
50b05d2837733141ebb1861aa5eacb82	1	107323	player	st3play	Scream Tracker 3.2x (GUS)	9	201204	66800be5	0ea7c296	dimension.zip/PART3.s3m
5237cde783cdd470331bff8e5a7c964e	1	134531	player	uade	Protracker compatible	0	145652	bb7300d9	d2160662	terminalfuckup.zip/TERMINAL.MOD
529b2ad5dbc321bf5e9b6dba77fa80df	1	296892	player	uade	Protracker	0	682848	7bd85304	9af14a55	light.zip/close_encounters.mod
529dbe7586d585b97b34863ffac82349	1	276088	player	ft2play	FastTracker v2.00	8	48342	79266118	ee381e94	thebox.zip/thebox.xm
53ae35a1b408564dfff7ba0f303a613d	1	63657	player	ft2play	Fasttracker	6	350208	30dea549	b790b015	catchup.zip/ONELIGHT.MOD
541d56dbe1fe64100e4f1e463c045a02	1	228813	player	uade	Protracker	0	168928	b095a24d	70dcf1d1	alphaomega2.zip/ao2-3.mod
54b570dfde44387e1a4ea6e2281d479f	1	230328	player+silence	ft2play	Fasttracker	8	77268	44ea99f5	f4e629e2	robot.zip/REOCLASC.MOD
5530715ba0b6728e5af4ac1c92ef938b	1	183017	player+silence	it2play	Impulse Tracker 2.15	15	1613405	13ee99f3	84cb8964	black2000.zip/PNQ-BL2K.IT
561a776f97152f2f0f62bdbf70f8cccc	1	216128	player+silence	uade	Protracker	0	353976	5069ea92	d10d1f5b	inaworldofascii.zip/ascii.mod
56ee90a14cd89a55b0949effd923d6e7	1	273983	player+silence	uade	Protracker	0	350096	2415e7c9	aca435a0	legend.zip/REVERIE.MOD
56fc358b51c226d05236f898b3582caa	1	242477	player	st3play	Scream Tracker 3.01 (GUS)	8	89094	f5b034db	0924935f	cyanide.zip/HYPNO.S3M
57a5b9af6f6b4925dd46999277cf75a8	1	415439	player+silence	st3play	Scream Tracker 3.2x (SB)	10	271408	31923d56	f096f968	naid'95report.zip/PARADISE.S3M
57bd92eed18709b06ccd83790263b79f	1	249731	player	uade	Noisetracker 1.x	0	107860	bcc2ffd3	b6196d51	cronologia.zip/FRUITOFT.MOD
57f711aeb2def31b6127253cc9ef9857	1	237600	player+silence	uade	Protracker	0	1178572	be7e955b	ffa7494c	mnemonics.zip/mnemonics.mod
58a231b2d55e012038722a8aeded76f8	1	181092	player+silence	ft2play	Fasttracker	8	211182	f454e9a9	ca46e287	assemblerinstinct.zip/ai002.mod
5914f162eb3c2c8fcc5a9d3c98fdc6bf	1	259316	player	uade	Protracker	0	103696	e1e7f184	8a4bf4dc	announce-stonearts.zip/DELITED.MOD
59d9a7537e871fcab629762b388759e5	1	273904	player	uade	Protracker	0	303298	101562dc	e0001049	syndrome.zip/CULTURE_SHOCK.MOD
5b036595f950ea2a5b4bfde4ce6db1b0	1	215290	player	uade	Protracker compatible	0	236444	6165c335	b0265dc3	switchback.zip/SWITCHB1.MOD
5b25ef2488763c9d31f9caa79b2896de	1	32090	player	uade	Protracker	0	85068	af786b16	bbddb0fb	highanxiety.zip/tunnel_fever.mod
5b79e5bb4502032161463048aa01d0b5	1	119738	player+silence	uade	Protracker	0	388612	805d946f	a7fe2763	extralife.zip/ExtraLife1.mod
5b817c4a70dfc77007240245caac9fe4	1	248878	player+silence	uade	Protracker	0	352048	ba16fd75	bf704462	greenday.zip/amelotat.mod
5beab880dc9c65b066cb969230a46e12	1	363987	player	uade	Protracker	0	212886	5b8852e1	295197f5	factsoflife.zip/FOLIFE4.MOD
5bff6c0fc104fa01a2c80a0397436164	1	71696	player	uade	Protracker	0	160166	a6df9c26	0de87495	jesusone's.zip/jesus0.mod
5c5bab7d3795587da0184780d2a41557	1	245752	player	it2play	Impulse Tracker 2.14	10	237778	652d0304	0a192815	neverassume.zip/Legacy.s3m
5d063a796af73db8ac6dedcfef7ffbec	1	255742	player+silence	ft2play	FastTracker v2.00	20	883147	7e8ca14c	9b1a4129	aliensexclone.zip/simon & echo - ailien seckse clone.xm
5d7a648a6db178382df7c711502296da	1	417151	player	ft2play	FastTracker v2.00	18	972366	0724aaf5	98054608	machinesofmadness.zip/MACHINES.XM
5db8627f8ba23e34ef287a77ab02c525	1	255598	player	ft2play	FastTracker v2.00	20	792162	50dfc10f	95313206	rotaliator.zip/ROTALIA.XM
5ecf397ec4319e5745363c599b4313a6	1	130693	player	uade	Noisetracker 1.x	0	103506	514e2dd0	3f00035d	rsimegademo.zip/Wasteland.mod
5f381ffb81416c0eb948ee5a8b412564	1	213240	player	uade	Protracker	0	241158	5bb4579e	31c9cc34	tag.zip/XTERM.MOD
5f381ffb81416c0eb948ee5a8b412564	2	248525	player
5f8fa6f3ac9d9e01d4ef57118d23a7e4	1	167451	player+silence	ft2play	FastTracker v2.00	18	447984	1fcfd8ce	4a993dd7	wired98inv.zip/wired98inv_-_muffler_-_Droppop.xm
5fc7864dfbc6208836ac6e649ecee9a8	1	124615	player+volume	st3play	Scream Tracker 3.2x (GUS)	8	172272	da68de19	2145e87f	grooveaction.zip/KOKSELI.S3M
5ffb40bd6b987d2f24f8e30321d5a5db	1	216203	player+silence	ft2play	FastTracker v2.00	16	481036	53a9941e	65120b49	latex.zip/Latex_Mainmusic.xm
60009ef69f40a770749282ca1e1acad2	1	182018	player+volume	uade	Protracker	0	932072	da7af845	c7cd476f	klone.zip/KLONE.MOD
60a182509c7826a8b90204ae50f21690	1	315743	player+silence	ft2play	FastTracker v2.00	16	626157	ed4c64dc	0710a82d	fulcrum.zip/FX.XM
61333aa86953f2b08f9150db9b15ea44	1	121644	player+silence	uade	Protracker	0	128164	ad702765	d1178850	ec40intro.zip/EC40Intro.mod
61735b9819e84a532b632407e3b02ec3	1	201344	player+silence	ft2play	FastTracker v2.00	28	936572	0c4040d8	42761196	zilog.zip/ANA.XM
619773c7747e274df3981dcc2949e5d3	1	43504	player	st3play	Scream Tracker 3.01 (GUS)	16	95652	c443572e	280a7e07	uneatable.zip/UNEAT001.S3M
61c173cf5676c4db149021efecdbbc35	1	146045	player	uade	Protracker compatible	0	150474	20b64fa0	c841bd82	budbrainmegademo1.zip/kaosmodule.mod
624d7be676c865af8cbc09e7120b0679	1	129085	player	st3play	Scream Tracker 3.00 (GUS)	8	290560	19e18e2f	853640bd	poliisi.zip/POLIISI.S3M
624f95005e76740257f264e3e6d24559	1	111182	player+silence	ft2play	FastTracker v2.00	16	1336791	729303bd	15ea1a1c	stash.zip/BLUISHBG.XM
625207ab27ee1358eff15ca4c6c39de1	1	87677	player+silence	st3play	Scream Tracker 3.2x (GUS)	8	437456	b4422c88	24d136a2	washingmachine.zip/TUNE2.S3M
62527c2c36540db199e84c6e138d7c4b	1	82297	player	ft2play	FastTracker v2.00	10	220168	4b8053c9	a2674dc0	gus-triton.zip/Ambient_Light.xm
62a8dcb165ee358c39bcf2e3adbfdb55	1	116068	player+silence	uade	Protracker	0	130006	b5a4d425	955617fe	nanotechmysteries2.zip/jurassic_polka.mod
62feead09d95274a0c1efe3dbc128d6f	1	155328	player	uade	Protracker	0	724862	cfb5cb09	e7bf015c	electroluxus.zip/electroluxus-edite8.mod
634ab042464899a35e045983fe8196bc	1	207493	player	uade	Noisetracker 1.x	0	56048	36140785	b2400960	md7-kefrens.zip/METALLIO.MOD
63ec5b7d16473b66087c5b4ac2207dc3	1	130693	player	uade	Protracker	0	79998	1760e765	70590c6e	gus-triton.zip/GAMEV.MOD
64602d5705481567fd667223533fe9d8	1	154166	player	ft2play	Fasttracker	6	38918	48e52519	8e1d96b0	whoelse-robot.zip/VARSO3.MOD
647c9a37a885128fbd8e1551bceb3a1d	1	148102	player+silence	ft2play	FastTracker v2.00	14	940876	4177bab5	ba45fec6	jizz.zip/jizz.xm
64d6ce31fa01d1e0ae7c162d861c6d12	1	52385	player	st3play	Scream Tracker 3.01 (GUS)	16	199257	3bca9100	c98c9350	uneatable.zip/UNEAT011.S3M
65db4ec92b58aabc6261aa9b6eb839cf	1	208920	player	uade	Protracker	0	319242	52e8364a	bbc52584	hoi'saga.zip/PLANETGR.MOD
66c3c12ecadb26c32e39b68ddace7e8a	1	235765	player+silence	ft2play	FastTracker v2.00	20	1104602	a4641ac7	70084df3	tribes.zip/TRIBES1.XM
67ced4bc41ec3f3a349f56c5945718b7	1	274650	player+silence	it2play	Impulse Tracker 2.12	15	1068155	a5709c1f	4978fca7	explosive.zip/explosiv.it
681a2bc240ad74ffab6459c1d2e3ae91	1	309105	player+silence	ft2play	Fasttracker	8	317116	f712cf4b	6b8c95a8	hellraiser.zip/RAISE004.MOD
68c35e68337c350cd5c9be5f9bc6bf77	1	171374	player+silence	st3play	Scream Tracker 3.2x (GUS)	16	494928	945e0078	46cf2412	relapse.zip/RELAPSE.S3M
69bf49f4fca60a9e923024ecb17b0d93	1	332784	player+silence	uade	Protracker	0	342488	ce376bdb	885d5561	control-oxygene.zip/SPACE.MOD
69eabb6cfa4f6cf41e49f7de757c4c45	1	263886	player+silence	ft2play	FastTracker v2.00	16	945460	6ec7973a	da7096e8	73millionseconds.zip/parpe.xm
69eced7683bf8d298469dd273a2bd0ac	1	79673	player	uade	Protracker compatible	0	17724	01505948	1dfdceaf	fruitcake.zip/deus - mot - blind screwdriver (tune from fruitcake).mod
6a01e4b69d7eb2e4a22111052a3b5773	1	51779	player+silence	ft2play	Fasttracker	6	329728	f1036e53	a418df6b	therealthing.zip/TDREAMS.MOD
6a406b8a0c3fa1d55f0cff58c6a15d13	1	339143	player	ft2play	.Hacked by Beb/Ovl..	6	904807	f9e907f6	098285d7	rain.zip/Hostile Waters.XM
6a406b8a0c3fa1d55f0cff58c6a15d13	2	0	nosound
6a406b8a0c3fa1d55f0cff58c6a15d13	3	0	nosound
6a87e381216b1feaa9cc8269e9416a0c	1	244133	player	ft2play	FastTracker v2.00	8	49862	580626eb	d092aae2	pager11.zip/ZZZBLA.XM
6afccb366d8334e9bd7e2dc62a8e01d2	1	148706	player+volume	uade	Protracker	0	568546	8fe7fb3c	771f0fc4	beats.zip/BEATS2.MOD
6b0716754ffa0355783d435f66af95b1	1	184445	player	uade	Protracker	0	122986	b188f273	b27c07a3	odyssey.zip/odyssey2.mod
6b0995bad44f4f646fb97b309ce20e3e	1	194503	player+silence	st3play	Scream Tracker 3.2x (GUS)	9	217872	deaeb602	0bed4b2d	karma.zip/GA.S3M
6b17b8c9833667f23a871de4feac80d7	1	253629	player	uade	Protracker	0	147662	769ec421	6ef7a25d	desertdream.zip/dd-2.mod
6b2bfa5bb96d0d42f9374765fbc2f1e2	1	198993	player	uade	Protracker	0	150744	c3bed392	661ab07c	jesusone's.zip/jesus10.mod
6b590e1d289b3c69f8d0bb2f080bdb09	1	256139	player+silence	ft2play	FastTracker v2.00	32	5008374	bd3666dd	09e242ee	liveevil.rar/beauty.xm
6b7abf7b678d646cfef909f773a2c326	1	360872	player	uade	Protracker	0	312100	f9cbf946	4bef1b2a	opticnerve.zip/OPTICNRV.MOD
6b8bfe6d7452a5cf5d2c4a617eff787f	1	534284	player+silence	ft2play	FastTracker v2.00	12	542976	52748d04	2716041b	contrast.zip/CONTRAST.XM
6bc77ab25807966cc85e7eddc1961f06	1	174961	silence	uade	Protracker	0	139286	38618334	89a7a723	242.zip/fl242.mod
6c18f63aa4778255364905640eec3a69	1	56746	player	uade	Noisetracker 1.x	0	128684	3455bf5e	cfa3a0af	junglykitchen.zip/jungly2.mod
6c1b10f5d8ca50fae829b27086cfe8da	1	104309	player	uade	Protracker compatible	0	426272	d17aa09a	162cf473	radwar2000.zip/radwar2k_-_virgill_-_phatfunk.mod
6c4bf1b12f25960cf887a9188a379195	1	144457	player	st3play	Scream Tracker 3.01 (GUS)	16	322383	8bacf2fd	44f4da20	uneatable.zip/UNEAT013.S3M
6c52f10500cea3b2ac827102f9722a48	1	144274	player+volume	uade	Protracker	0	256120	1d2e6685	91511e63	surrealism.zip/SURREALISME.MOD
6c9edde4acdc085c31fc276275be6c88	1	241245	player+silence	uade	Protracker	0	1038238	1c5867c5	e4c72e01	urea.zip/SeeMeUrea.mod
6cc1794f6315cd8fde449e298a3a792f	1	241091	player	uade	Protracker	0	139452	edb5e729	f28c2694	odyssey.zip/odyssey5.mod
6cd12c9e7ab1bed199c6ec1e384edae0	1	158355	player+silence	ft2play	FastTracker v2.00	22	84137	3b8b5795	2d58e0b5	funkkin.zip/funkkin_-_xhale_-_mole2.xm
6d19fc82a0fda6225862a323214be276	1	159427	player	ft2play	Fasttracker	8	42437	b1319c16	f6046c42	placebo.zip/PLACEBO.MOD
6d3476d4ed48f7d3ef43747f8373f362	1	186884	player+silence	ft2play	FastTracker v2.00	6	1009022	bc7ad064	01e44222	hyperventilation.zip/Hypermmx.xm
6d646b579486a75399d810c368c758b4	1	335642	player+silence	uade	Protracker compatible	0	139144	12c76582	9ddd0ff3	budbrainmegademo1.zip/coloris.mod
6e062b81ba4b835ee4b44e0b7ed2a9bd	1	226214	player+silence	ft2play	FastTracker v2.00	16	579208	32ade4f5	7fa89607	neon.zip/neon_-_illusion_muffler_-_neon.xm
6e08541dfa382102df0a27eef24d6461	0	209210	player+volume	libopenmpt	ModPlug Tracker	8	320032	8e95b0c4	5f0eeda8	megamix.zip/megamix4.s3m
6e2ea76404f1313c20bb2b3a530307a7	1	242055	player	uade	Protracker	0	123202	6ba5d2fa	effc1a60	cebit90.zip/CREAM.MOD
6e448f0fb93a9351c5cd23466c1aa4a7	1	311963	player+silence	uade	Protracker	0	171268	39340cf7	19d7301f	real.zip/cyberoti.mod
6e55a9973f360dac13eaa0aa272f4d8c	1	251660	player	uade	Protracker	0	790572	6c2af16b	d66a3754	fakeelectroniclightshow.zip/dhreph2.mod
6e7574758f18abfca25ce78579a114e0	1	188363	player	uade	Protracker	0	40288	802da449	c101ab95	gbg.zip/GBG3.mod
6ef9e2b24bba9a2933c1388e35655d87	1	231777	player+silence	ft2play	Fasttracker	8	469170	9aba7375	9bb13cf4	projectangel.zip/SUDDENIM.MOD
6f83a63969eb027650af355a6df17db7	0	247252	player+silence	libopenmpt	MO3 v0	38	2000663	7774027e	4eec9587	ptct.mo3
6fb534d9c2fbe725e4fcd64d0f38f905	1	128441	player+silence	ft2play	Fasttracker	8	48932	9be02e1a	553d421b	panik.zip/PANIK.MOD
707c7431a87087a85660c7c946da8867	1	161397	player	uade	Protracker compatible	0	292954	4e7c61b4	6f097b3e	evolver.zip/EVOLVER.MOD
70998caad558b62f3afc8cbc0d7699e9	1	99325	player	uade	Protracker compatible	0	131368	ee6787d9	916e3259	budbrainmegademo2.zip/breeze-diablo.mod
70a0a00004e5fbcfb5dc4d2fd00fc223	1	352904	player+silence	uade	Protracker	0	918270	85d42d7f	d619b74e	captureddreams.zip/FAMILY.MOD
70bbc27e56405b90a3560e364d24de79	1	184452	player+silence	ft2play	FastTracker v2.00	18	823221	50b52a18	d674e18c	shad.zip/SHAD-2.XM
71d05b54867149b752660d84b378bab4	1	79143	player+silence	ft2play	Fasttracker	8	207938	84529537	a24ea25c	uneatable.zip/UNEAT008.MOD
71d680e83dfca8c21d7fec65e1eddcc1	1	165684	player+silence	ft2play	FastTracker v2.00	12	645210	44d4f2fd	9bd4b98b	fuj.zip/tomat4.xm
725672015f6eaf110c8721f11bbee267	1	393948	player	st3play	Scream Tracker 3.01 (GUS)	16	902921	2454172e	b4b2768c	haze.zip/HAZE001.S3M
7295d1979f150e77d4a93351f6f7d986	0	87450	player	libopenmpt	MultiTracker 1.0	12	76176	0f59bf1c	aa71e989	magiccircle.zip/mcircle.mtm
733b6792178b12833dbbd3fe90a6791c	1	216415	player	st3play	Scream Tracker 3.2x (GUS)	13	60700	38854f3d	6e037649	deesbab.zip/DEESBAB.S3M
7354c9a0b26c36bbf75e62a1cfbdbaa8	1	544996	player	st3play	Scream Tracker 3.2x (GUS)	16	827394	fc9e72c3	c4709972	transcheddarexpress.zip/TCE.S3M
7354c9a0b26c36bbf75e62a1cfbdbaa8	2	149441	player
742afc81578ddb1fc3ec5f8eb9f11d52	1	170057	player	uade	Protracker compatible	0	260064	4a3a5dd8	f3f3761c	crystaldream2.zip/DESERTDA.MOD
742b80bf8cf1fe3657f1cd93f446ecc5	1	502054	player	ft2play	Fasttracker	6	451344	2506ab39	2c241109	msgfromcosmicbros.zip/COSMIC.MOD
753ecf4583a1b022d410be6954414812	1	109131	player	st3play	Scream Tracker 3.00 (SB)	8	125584	b0a7ef02	238d514e	unreal.zip/UNREAL10.S3M
75dc66ecead2e52ed2bd00b30ac794bd	1	166196	player	ft2play	FastTracker v2.00	16	881218	f518f6f9	2cf377a6	shad.zip/SHAD-4.XM
760d555eb2af1730283b6fdcac0f92b6	1	230541	player	uade	Noisetracker 1.x	0	106502	36739b9f	fd9b3bcf	cronologia.zip/FREESTYL.MOD
76242639b131b2ddcf71b8a71241c05c	1	140918	player+silence	ft2play	FastTracker v2.00	16	301566	e9e89e42	ab3e2af5	killtheclone.zip/croaker - iha remix.xm
763cc1a46cdb58c8f598d28339156fbb	1	192141	player	uade	Noisetracker 1.x	0	182440	ed9343e1	34bd4cd5	xmas'92-cascada.zip/HABITAVE.MOD
763cc1a46cdb58c8f598d28339156fbb	2	77523	player
767d80d248b2b71980782104988efc98	1	122997	player	uade	Protracker compatible	0	44876	c524fa67	a92bff01	cyboman.zip/CYBOMAN.MOD
76fe7dc0be5a620c9f370e154dfb8758	1	268921	player	uade	Noisetracker 1.x	0	65984	534f40b2	753a7b3f	md7-kefrens.zip/FLETCH.MOD
771642c938a7835731d1d1d4a84305f4	1	121731	player	uade	Protracker	0	182694	0a1d03f4	deb3da56	meetro.zip/MEETRO.MOD
77bd62209749eb5102f669725a609fa4	1	375943	player	uade	Protracker	0	150100	4205950f	d896f7fd	neuralassault.zip/KATAKOMB.MOD
78152eb1a28edae5611d4e31b968da01	1	55379	player	uade	Protracker	0	311598	c2d8bef0	fc959744	gbg.zip/GBG1.mod
782bd3dd70695f64e0a971852fe45c05	1	15311	player	st3play	Scream Tracker 3.01 (SB)	16	26908	b1479fcc	5d9e84c2	uneatable.zip/UNEAT010.S3M
78313b21f5fd97ea9282cbf65f11229b	1	150144	player	st3play	Scream Tracker 3.01 (GUS)	16	1098988	de9dd4f2	1ec1025e	denondecorp.zip/DENONDE.S3M
79fd9e234ff41cef7183f5c7936c9825	1	286845	player	uade	Protracker	0	145320	2affca27	fc5724dd	odyssey.zip/odyssey4.mod
7a5d919cb61a28ca0873b8006e497cca	1	123419	player+silence	uade	Protracker	0	25098	6ccf7e06	4c431b71	nationzero.zip/PEROPR.MOD
7a8f32184a512f618fc3c8875dd2275e	1	268921	player	uade	Noisetracker 1.x	0	115568	0a4664f8	dbd7d2bd	spacedout.zip/REALITIE.MOD
7a990efbe64448f69e65c0c604d30aec	1	207301	player+silence	ft2play	Fasttracker	8	155648	65c0ccfb	39607aaa	therealthing.zip/EARTH_MO.MOD
7aa9fc0e214b4ee8ebeb17de5f0fce9c	1	118194	player	uade	Protracker	0	162448	86bd5d40	e4a24ab5	jesusone's.zip/jesus13.mod
7ad5f55a1b39858b22fe4cd84acca072	1	169872	player+silence	st23play	Scream Tracker 2.x	4	115584	e36b3021	f74e2e5d	mentalsurgery.zip/FUTURE.STM
7b6e4f1dcb9cae7edd1c3884d123f19c	1	109855	player	uade	Protracker	0	168754	7121b6d1	0580e770	jesusone's.zip/jesus12.mod
7c08866888f0ce718ff1e0055f78e11a	1	154481	player+volume	uade	Protracker	0	61748	3367e826	9a18e5e5	fetish.zip/FETISH.MOD
7c4548243327e35aa30e0088a45bc041	1	376948	player	uade	Protracker	0	151258	515a1b4d	1997dc26	zyclonium.zip/Zyclonium.mod
7c5bdcb6d4697751e03b29b89d8a5caa	1	168124	player+volume	uade	Protracker	0	233916	c51cbf7a	13ea31b8	dove.zip/DOVE_I.MOD
7ccdf7d8d1853749292369e91e81cac4	1	315881	player	uade	Protracker	0	333886	421ba54b	243601a8	tint.zip/definiti.mod
7cdb96263eeecc2af43141ec6cb06900	1	297130	player+silence	uade	Noisetracker 1.x	0	165140	1b5626c5	fbdd02f5	spacedout.zip/THENSIA.MOD
7d0e2eaf3f20e6c15a0d4908dd15861f	1	274748	player	uade	Protracker	0	265352	14637cb1	b0bc9925	cardiac.zip/EXO.MOD
7d1a65140a9844dc639ab201b964d56f	1	258976	player+volume	uade	Protracker	0	253458	aac0276e	1a70e4aa	countdown.zip/J-M-H-M.MOD
7d8fbc8720237432f556fdfa6f3ac89b	1	178396	player	uade	Protracker	0	189320	70abafb2	50958e85	vectorpreview.zip/tubular.mod
7d9f3c0625032adaf42917149100f00e	1	151249	player	uade	Protracker	0	207110	d7c32bb3	bef07bda	faktory.zip/Faktory.mod
7e5156185b59ff202244708360880a1e	1	71076	player	ft2play	Fasttracker	8	302700	18f1c2ba	01cb55d5	uneatable.zip/UNEAT007.MOD
80bc6797659a4a37d1a53d09948c411d	1	229630	player+silence	uade	Protracker	0	791382	852757f1	a15e0456	rise-trsi.zip/Rise Intro.mod
80da1a5d1f348877258f652ff0146ce4	1	78193	player+silence	ft2play	Fasttracker	6	56130	994ee7c6	8fede9f6	camera.zip/CAMERA.MOD
813b410b9b300366fdfe93b8b84e8262	1	153721	player	uade	Protracker	0	199998	0cb56f43	babf38ad	equipose.zip/WORMHOLES.MOD
8168c39f627972c57f829375ccaa5c79	1	158211	player+volume	uade	Noisetracker 1.x	0	117499	7079210c	a87204eb	easyruling.zip/CHOPPER.MOD
81d25c10c03b7fdc508bce5dc7b07111	1	252503	player+silence	st3play	Scream Tracker 3.2x (GUS)	6	381258	541250fe	16c4d678	galerie.zip/Stellar-Galerie.s3m
820b7c9824d2c1ff40c77c6f6d327363	1	165878	player	uade	Protracker	0	93602	756ac568	172494e8	boggledop.zip/CRACKEGG.MOD
824cb61ee5ddd073c8e5b2659d369e21	1	76012	player+silence	ft2play	FastTracker v2.00	18	842080	5fa17b2b	27d5fc50	shad.zip/SHAD-3.XM
82534b22971f3c29fc6a8c174633013b	1	189167	player	uade	Protracker	0	130330	4cb7c3a3	76752810	animotion.zip/ANIMOTIO.MOD
82bf1fb83cfe76484452a635d1e656b5	1	62533	player	uade	Protracker	0	117604	98905a41	ab456da0	inaworldofascii.zip/asciiend.mod
82eae9fb71fdb74bacd203e90a3abb85	1	181431	player	uade	Protracker	0	332926	69cd7780	d6e70b94	thuglife.zip/thuglife2.mod
8373c0f39f80520cb4cb826ef66e372a	1	206220	player+silence	uade	Protracker	0	589580	158c79f8	09e0142a	raybong.zip/raybong.mod
83d4c4ed5ab482a47c8d03731b4815bf	1	134681	player+silence	uade	Protracker	0	80778	4d2c88a2	af151f9f	inspirationisnone.zip/InspIsNone.mod
8405d1bb892c5aea2055a80fc76fbb64	1	416542	player	ft2play	FastTracker v2.00	16	620612	e622744a	e15ae9e7	optimaltorque.zip/OPTIMAL.XM
8411c94f1887d4d194df45316aae7c8f	1	236439	player+silence	ft2play	FastTracker v2.00	30	2333646	b51a43cb	39755b8c	303-vocals.zip/Vic__303.xm
841feffb3d30640c2f3fb8b01c9f9ff5	1	256041	player	st3play	Scream Tracker 3.2x (GUS)	13	277042	6f67003b	c0d3d982	disorder.zip/_HALCYON.S3M
844a34682ba3f7794c92e5366022ed0b	1	354871	player+silence	uade	Protracker	0	834958	504d4e02	bb573cf1	goa.zip/goa.mod
846163138dd5809d30b50f7757c9f3ec	1	99968	player	uade	Protracker	0	45728	6e7418cd	111c55d7	megademo-tsp.zip/SPMEGA04.MOD
84d91b13b83fe9447131dfc0e8e7f463	1	314599	player+silence	uade	Protracker	0	364414	e9f3cbb9	dff54279	majorrelease.zip/majorrelease.mod
85064674dde9837a3ab16f5f81398621	1	304152	player+silence	st3play	Scream Tracker 3.2x (GUS)	15	816204	0c811258	e6356198	megablast.zip/MUSTAKS.S3M
85685743e68c619d40a57128ceb2e33a	1	189280	player+silence	uade	Protracker	0	190644	1219d67f	57c0d788	guardiandragon2.zip/lastdest.mod
858c9f0b5cee917cf7cbeaba6fdc7ffe	1	144779	player	uade	Protracker	0	502462	0f863b4c	d6296932	divine.zip/divinealku.mod
85ae29f73c6653d2a359db883a9e2f02	1	171323	player	uade	Protracker compatible	0	84644	d7fd0743	c2254a13	spacedout.zip/MOTHERMO.MOD
86206d4b15e3a03da48f3f62bb0a6a0e	1	272852	player+silence	ft2play	FastTracker v2.00	8	475531	93ce1674	4cec76b3	tone.zip/TONE.XM
86483e79bb151e873e109dc30ee2615e	1	75822	player	ft2play	FastTracker v2.00	10	514489	c77dd33e	32a76227	passengers.zip/balkangroove.xm
87451060acb89113babf2b70df183354	1	81582	player	uade	Protracker	0	143678	c1962eb3	f8b91866	whammerslammer.zip/WHAMMER3.MOD
8825ca43c2eb344153ec82ca7c58c918	1	236405	player+silence	ft2play	..converted..	14	102011	46eaacdb	ab1679f7	sink.zip/pulse_sink.XM
88655781e6654ed94436dd85b30d52a0	1	343354	player+silence	uade	Protracker	0	133694	39111326	be6fb3c4	saint-unmixed.zip/dabitch.mod
88b3d1708c41bbdebfc1983bfb3a1c36	1	355764	silence	uade	Protracker	0	283600	745dac99	d6cdf6fd	legend.zip/THEWAR.MOD
88c12f7f6137eadd5cee5030253cda74	1	245392	player+silence	uade	Protracker	0	951780	a2d4553a	fb2ff72d	aphrodisiae.zip/aphrodisiae_-_muffler_-_aphrodis.mod
890e18671d46aac3615ebe2c2b9584e3	1	172950	player+silence	st3play	Scream Tracker 3.00 (GUS)	8	427720	d46d9ac4	4ef92110	paimen.zip/GRIN.S3M
891cb8bfec7ed757af336079991044de	0	171035	player+silence	libopenmpt	Unknown	10	64496	fff1c1b8	e8377df5	paper.zip/PAPER.S3M
8920898cbe311d56a5dce20766516619	1	236958	player+silence	st3play	Scream Tracker 3.2x (SB)	10	452648	956797bb	59996e94	eden-pm.zip/EDEN.S3M
8979696fb14b13cd68fbddfea36f751f	1	19310	player	uade	Protracker	0	35398	6c384127	955b8455	stateoftheart.zip/STATELOA.MOD
8a1cae202d60a21ac127205ecb93afdf	1	194693	player	uade	Protracker compatible	0	82110	a596d4c3	9b7f2e05	mesmerized.zip/riff-raf.mod
8a33e6c38936c642cfb1d378ec21c7f4	1	329437	player+silence	uade	Protracker	0	111014	85a516f4	83cd555e	sequential.zip/SEQUENT2.MOD
8ab801fb487991577d6511d4060aa54a	1	184591	player+silence	uade	Protracker	0	185546	5fecef00	0f1bc98b	factsoflife.zip/FOLIFE2.MOD
8ad29522efeac6526f93a809456733b5	1	242055	player	uade	Protracker compatible	0	106026	e4ee9063	456aae5c	keftales.zip/CHICAGO.MOD
8b7ecc245e6c981107ff307b0d35da4b	1	514249	player	ft2play	Fasttracker	28	957334	d52ca736	a9f1aba7	dope.zip/DOPE.MOD
8ba4b3be3f101cf74224743716ac8e5d	1	166074	player+silence	uade	Protracker	0	240242	05e1e3a5	0add9b10	9fingers.zip/9FING.MOD
8bd5b42eb4835fd9cd339c660c99ca4d	1	198863	player+silence	it2play	Impulse Tracker 2.02	11	474794	e35b6706	1d22144a	signal.zip/SIGNAL.S3M
8c87c432a5127ea5d89cfd82f1870393	1	184142	player+silence	ft2play	FastTracker v2.00	22	76193	55bb88cb	f6cec807	rise-mindforce.zip/mindforce - a-move - tune from rise.xm
8d1d2b5773a27220faf23b65ce5fd8de	1	271943	player+silence	st3play	Scream Tracker 3.2x (GUS)	8	275955	8015e7dc	dfe5b1c7	dimension.zip/PART1.s3m
8d24b1d9c785edfd4bdaaef7ab51fd52	1	166159	player	uade	Protracker	0	223986	aa0c80c7	b33b78c6	3ddemo2.zip/3dDemo2.mod
8d40dba03d19e3da7e1ffb4bbda3eb7a	1	232456	player+silence	st3play	Scream Tracker 3.03 (GUS)	14	507900	3ba64a59	5be27c45	x14.zip/X14.S3M
8d83410b261e0603ae99299cb5d948ed	1	297295	player	ft2play	Fasttracker	8	174852	fc1880e0	fd4c2cdf	youami.zip/HORMO2.MOD
8d8c6a438125341cc4af567f934cbf5e	1	331166	player+silence	ft2play	FastTracker v2.00	32	964361	f4bca801	e81d5b11	te2rb.zip/TE-2RX.XM
8dd9c8a1a7cd1d19c22ad368ea2b937e	1	203676	player	ft2play	FastTracker v2.00	8	302210	f6bc450b	de9f2e60	reanimator.zip/ZENITH.XM
8de1191303b5313e81e8ed4430a5f76f	1	302941	player	uade	Protracker	0	206012	0c7e1594	4bf0d402	miserydentro2.zip/breathco.mod
8df4f75ecd540d0a5d9aa1c7c92af0b3	1	120759	player	ft2play	FastTracker v2.00	6	11604	1e98434d	13db8b06	what.zip/cubic team - doj - tune from what intro.xm
8e44718da80800bbe43c43e602417778	1	276436	player+silence	uade	Protracker compatible	0	232298	3b1e0acb	275d1ee9	sevensins.zip/OCC-SAN-.MOD
8ec3a108d1cb6d65af1dd8e858149661	1	155268	player	st3play	Scream Tracker 3.2x (GUS)	7	165624	45cef656	63592184	dimension.zip/PART0.s3m
8eeba18d3f83740ef9347a48bb1b536f	1	179826	player+silence	it2play	Impulse Tracker 2.12	13	1024482	fa4f7650	c55f397b	secretlifeofmrblack.zip/KUSI.IT
8f36eceeaa01871882e70c7f9a233a2a	1	127285	player+silence	ft2play	Fasttracker	6	388630	67079e77	9ba54cf4	catchup.zip/PART1.MOD
8f8ba9b958a2453c95c621cefaafb7ca	1	18506	player	uade	Protracker	0	18160	81b436af	b6a9f000	technologicaldeath.zip/##ECONOM.MOD
90a6a857d54f58dfb182f24431611d11	1	151195	player+silence	uade	Protracker	0	30384	2cef3200	e30d4236	aimless.zip/aimless.mod
90ad5433517bf91f4eb9043b9054a3e4	1	119179	player	uade	Protracker compatible	0	106344	fff05751	83507318	seeingisbelieving.zip/SEEINGB3.MOD
90c74b896a455b355f3fd6dccfa39cdb	1	332620	player	uade	Protracker	0	385804	a04cf6ef	899f6961	psychedelic.zip/JULIUS!S.MOD
9115e297de149b748b0b2d10c396ccda	1	122677	player	ft2play	FastTracker v2.00	4	39237	2670c8c9	04cdf5d1	d-test.zip/D-TEST.XM
911a82e6794021b25c88f9a0f56fda9b	1	401845	player	uade	Protracker	0	355142	0fa21355	cf6a0cf3	factsoflife.zip/FOLIFE5.MOD
919c34c0e9863b570981ece519e7c7da	1	82406	player	uade	Protracker	0	156028	4367225c	a532999a	jesusone's.zip/jesus11.mod
9201e87cd25c73fde0aecf9eabcb85e2	1	149220	player	st3play	Scream Tracker 3.2x (GUS)	8	54022	9a1e8744	208f9e90	mentality.zip/MENTAL1.S3M
92da7571212f40844848c0d05316133c	1	178678	player	uade	Protracker compatible	0	112618	32624edb	b1fbcfb0	technoholic.zip/th.mod
92dc57eb2e08ef5fff98dbed3da088b4	1	186876	player	uade	Protracker	0	141322	73eebcbb	a868a4f5	arte.zip/arte1.mod
9346e4d9cba76409d7833a30821689b0	1	34200	silence	uade	Protracker	0	118462	c53284a6	de0346d4	warp.zip/warp1.mod
9368dcbee3d4ed44228d24430546baed	1	130814	player	ft2play	FastTracker v2.00	16	542322	53664dec	45389091	stuff.zip/PART-2.XM
93a9a08071f8132307f8e57461d6acad	0	122887	player	libopenmpt	Composer 669	8	165530	7762b726	f99c5bd8	daretro.zip/DARE2.669
93c052a6534ad13117e0c306f109bfd6	1	163517	player+silence	ft2play	FastTracker v2.00	18	54087	cf39dafe	cca535bc	ivlx.zip/kaleido - tymon - ivlx (tune from ivlx).xm
93d6006bab1984e330a71610b2a721c6	1	584441	player	uade	Protracker	0	171648	17c84710	06f6045a	delusion.zip/DOXMOPOL.MOD
942588153c97d20eef67d6f847e22d63	1	150878	player	ft2play	FastTracker v2.00	12	158215	9763dccd	e1576a2d	downtown.zip/DOWNTOWN.XM
9436ed40b368ba8c58ef63f8897d3a77	1	131241	player+silence	st3play	Scream Tracker 3.01 (SB)	7	30500	99e7fb5a	9adc52c2	soppa.zip/SOPPA.S3M
949088d17feb375dc66be600f540bcf8	1	79432	player	uade	Protracker	0	113252	40db4276	97aa6b55	fridayateight.zip/friday2.mod
94ce5404b1651317ee63f57174fb7289	1	80758	player	uade	Protracker	0	51290	b6033c53	becf7c6f	dove.zip/DOVE_II.MOD
9510538cb812f08c11c850d498c27479	1	230032	player+volume	ft2play	FastTracker v2.00	24	912636	0302b486	292576d1	oldskooltrippin.zip/trippin_-_xhale_-_steel.xm
951aa28ab3b0e12dfdb58b3dee3d6ded	1	305674	player	uade	Protracker	0	77122	57ebb5f1	eaf5eef8	psychokiller.zip/psycho.mod
95f75a673e747844fe9c08160730bf56	1	215924	player+silence	uade	Protracker	0	241396	a319de9c	c30d558a	crystaldream.zip/CRYSTALO.MOD
970c73a67b0b7f14e05528453733ca1e	1	132745	player+volume	ft2play	FastTracker v2.00	16	72552	1e898ae9	b461bcba	rubicon.zip/crossbone - a-move - dots (tune from rubicon).xm
976718d17f54a9352a22aba780860c50	0	10181	player+silence	libopenmpt	ModPlug Tracker	4	128080	9d820fd1	3a9f7b00	megamix.zip/megamix5.s3m
97d31132bcefefb39ed31faef9c99b69	1	217339	player	uade	Noisetracker 1.x	0	99728	a9489a4f	eb958cbe	rsimegademo.zip/japanese_rock.mod
97e9fc3c98c5e814e731497724386757	1	89439	player	uade	Protracker	0	168806	df83d6f1	6b9de53b	jesusone's.zip/jesus7.mod
97ee582c4842ec8ca380dce2874bdc3e	1	61088	player	ft2play	Fasttracker	8	116388	db5ae513	67902a98	elements.zip/MOVIN.MOD
9845071e998718968d85b4d098af9cc0	1	208899	player+volume	ft2play	FastTracker v2.00	16	231371	d8d58138	501d71bb	mmfd.zip/MOTHER.XM
98db7a67671436a317f05fd6b5f49030	1	183179	player	uade	Protracker compatible	0	49884	849fa70f	4261bba3	planb.zip/RAINFALL.MOD
98e2d36ad25221f13c0f52f404345142	1	298318	player+silence	ft2play	Fasttracker	10	540608	c1f544df	e9fad27b	eyesight.zip/EYESIGHT.MOD
99082252c980e000217cc462fff80ce2	0	239724	player+silence	libopenmpt	PolyTracker 2.03	30	796695	f32b4db6	2ce24911	303.zip/303.PTM
992014c216850d248972f0fdb0841694	1	206589	player	uade	Protracker	0	859190	1fa3e729	0f9cdd59	relic.zip/RELIC1.MOD
992c3367cd47ebd7b6e95c5ba4060a6a	1	213461	player	uade	Protracker	0	69924	71692802	7ade1c1d	megademo-tsp.zip/SPMEGA05.MOD
99b261a72049f77f65e5d71a62ca461c	1	198055	player+silence	st3play	Scream Tracker 3.2x (GUS)	8	239292	3ffd4daa	1973e369	clash.zip/clash.s3m
9a65e3180650b391baf27e4e08f03c04	1	138014	player	ft2play	FastTracker v2.00	20	453321	e6e9525c	ae24dcf4	fulcrum.zip/Bunga.xm
9a90aa51773bca3db7bccb741b441bfb	1	249214	player+silence	ft2play	FastTracker v2.00	18	777885	106fba7f	2087623e	magicview.zip/MVIEW.XM
9a97e2fbdef5843bc9e94df8441c3e40	1	84616	player	uade	Protracker compatible	0	19402	a8355ba5	1d0389d2	bof.zip/CDROM.MOD
9bb0c0e2d51ee6fe1b9a302412c2eb66	1	220012	player	ft2play	FastTracker v2.00	16	499598	b0c47290	fe2e5844	stoneagefiction.zip/DISTANT3.XM
9ceddb9ebefd1ca5d0c36bd7f65731c5	1	182958	player	uade	Protracker compatible	0	910986	63dfdbd5	85cb7f10	wonder.zip/virgill-mystified.mod
9d363b6166d8e3ad324af92cd47888d3	1	123076	player+silence	uade	Protracker compatible	0	78136	829080b3	9349a3b9	budbrainmegademo1.zip/endtheme2-diablo.mod
9da92c4c0b9d778b6c79837ede4384bb	1	182536	player	uade	Protracker	0	211674	330d0eff	738c4871	demo2.zip/pst-demo.mod
9df94e557e222477dd3a1b3492df1b22	1	194650	player	ft2play	FastTracker v2.00	16	71463	e38d3851	d399dc59	photon.zip/INTRO3.XM
9e2b0ae14fdd666a16fa22f08607a286	1	137525	player+silence	uade	Protracker	0	63548	d7297581	78ed8d3d	technologicaldeath.zip/##BALLAD.MOD
9e50d0191164aa51e2095383550b4e50	1	107323	player	st3play	Scream Tracker 3.00 (SB)	5	97332	8903009d	dca80670	tp2invtro.zip/MUSIC.S3M
9ef9900e5da9dacf1f620e53696bf4fc	1	100185	player+silence	uade	Protracker	0	695574	e6b0caee	13d3f612	magia.zip/Magia1.mod
9fbfdde25515b041538f02add857997f	1	89241	player+silence	uade	Protracker	0	97356	d590d759	e9613171	extralife.zip/ExtraLife4.mod
a04dd072ae51bf65cdc538f85a6d150f	1	243901	player+volume	uade	Protracker	0	771352	ef3b0b6c	5416e5b2	behindtheflute.zip/Bjrn2.mod
a066f2cda912e9abe9cae4006e7038a4	1	151075	player+silence	ft2play	FastTracker v2.00	14	60606	bdbf73f0	adeaff97	xstatic.zip/solar - unknown - xstatic (tune from xstatic).xm
a07dc9e0b3ab4afba8f1eaaad9d5a56e	1	240126	player	uade	Protracker compatible	0	111714	f5428d8c	2b6b9188	powermunker.zip/CHANT.MOD
a0b7d312a55dabd8f5073903f0df1ea8	1	254694	player	uade	Protracker	0	138774	8eac37b9	e61582f2	odyssey.zip/odyssey1.mod
a23ca21255eaa476c8785aad259ab2b8	1	453246	player	uade	Protracker compatible	0	143136	8f4ac1a2	19e651cd	mentalhangover.zip/MentalHangover.mod
a2532763473dd2e18c025f9b4670342c	1	157933	player+silence	ft2play	FastTracker v2.00	22	89834	e6233511	50fba59f	poetry.zip/freestyle - a-move - tune from poetry.xm
a26048f95d294049dc47881eb6f33916	1	285344	player+silence	uade	Protracker compatible	0	352502	589f7b95	33742b67	disgust.zip/DISGUST.MOD
a280844bd29abdd6bca284b21f333760	1	339211	player	uade	Protracker	0	238894	972594d3	e2720e80	cardiac.zip/CARLOUCH.MOD
a2ed579e2d69f6a6fb7346f85e896d08	1	196087	player	ft2play	Fasttracker	8	218578	ec490baf	12ff80e0	assemblerinstinct.zip/ai001.mod
a3211cbc9f8ade478c5ed97946e191e8	1	405020	player	uade	Protracker	0	160922	4008a9d8	6082b3d9	decayingparadise.zip/ELYSION.MOD
a33189ef991c248ce88590ed7c3e4509	1	273402	player	uade	Protracker	0	258184	334ac0ef	bd0c1a27	odyssey.zip/ODYSSEY6.MOD
a37c6e1a03b49d261f35b45ee9886648	1	163337	player+silence	st3play	Scream Tracker 3.2x (GUS)	13	32614	deb10eb5	52a4b265	jade.zip/JADE.S3M
a39a607142bd73122025e3cad7b4e904	1	343563	player	ft2play	MED2XM by J.Pynnonen	10	375534	7f06e73e	23a96c5f	dose.zip/DOSE.XM
a3f4cd55722a28565051bae2d29cb092	1	191881	player+silence	uade	Protracker	0	160342	8c5e0569	3a921f9e	cuzco.zip/BLOOMY_TOM.MOD
a4e75ace10b6c8e5948a75c4e1a1ffea	1	250113	player	st3play	Scream Tracker 3.2x (GUS)	14	558036	1a947af5	4647b41c	supertelevision.zip/MAKAKO.S3M
a53a082dd828b2ff70c303441e4a98fa	1	153721	player	uade	Protracker	0	226622	f81e9cef	e5f4d535	rinkadink.zip/RINKPINK.MOD
a5406576d6e17b2c717c245972f8c5c0	1	156735	player+silence	ft2play	Fasttracker	8	312552	fa2bc516	406495bf	amanaman.zip/TETNO.MOD
a5820b8d4fe83a24870d40ed41befef6	1	83813	player	uade	Protracker compatible	0	127276	2ca3a755	9141fa55	switchback.zip/SWITCHBE.MOD
a60df9404f900741e0d8c0dc5e07f2bf	1	96613	player	uade	Protracker	0	129236	0e7f29a4	f0b37da5	factsoflife.zip/FOLIFE3.MOD
a6440026742719775f9584b7eadd3e07	1	230955	player+silence	uade	Protracker	0	145294	44b7e2d0	3bbe83d2	optimumfuckup.zip/OPTFUCKU.MOD
a6889cb5ea5d39e2901edafc587c5c90	1	194561	player+silence	ft2play	FastTracker v2.00	14	53983	6796a44e	263889cc	jagged.zip/bypass - no-xs - amando (tune from jagged).xm
a6a9432892e059bb1d879ddd2d6dbbf1	1	66260	player+silence	uade	Noisetracker 1.x	0	75410	ad0d7cd6	cb846612	junglykitchen.zip/jungly1.mod
a7372fc9002f14b2de4525b0e6d1c924	1	173795	player	st3play	Scream Tracker 3.2x (GUS)	9	211163	487adf82	d4ec19fc	flight.zip/POA.S3M
a76e96e5597d27cbf931306bdc73330c	1	207493	player	uade	Noisetracker 1.x	0	99280	d29ded18	29634b38	rsimegademo.zip/rsi-music3.mod
a7ba4b5940b63b015a59555f460ea4a5	1	89528	player	ft2play	FastTracker v2.00	14	108615	3dc88817	8e8e0672	downtown.zip/TAKETHE.XM
a8081c183a4458b7c71dfab302fa76fa	1	205162	player	uade	Protracker	0	142966	27f58cfd	6eab322d	eyemind.zip/DEMOTECH.MOD
a8641946d4d3c5097a2eef5d29b378df	1	184984	player	ft2play	Fasttracker	8	62948	b308c5a4	00cae88f	searobotoflove.zip/HY!SUPER.MOD
a8ae08b04900a093ec86a0dfa9dfca41	1	325509	player	ft2play	FastTracker v2.00	16	969072	c488799b	8c642ee4	astralblur.zip/koffieshop.xm
a8ae0e48aceb362131b814c4d39b7da2	1	476542	player+silence	ft2play	Fasttracker	8	388042	14ddc2d6	9519da8c	mighty.zip/MIGHTY.MOD
a9b70351d3f707c6de730760d379d230	1	176769	player	uade	Protracker	0	146756	253f9165	8ed11b5d	seenbefore.zip/PYROMANI.MOD
a9f7b726962c389c565c285d82fd923b	1	64120	player	uade	Protracker	0	120834	d9c482d0	f7cf8c66	highanxiety.zip/high_anxiety_intro.mod
aa140778eaa245ef7f0f849198f54c97	1	102983	player	uade	Protracker	0	169966	72f51222	2587109e	jesusone's.zip/jesus2.mod
ab97ac3ec1bb2b61a4495c4aefde72d5	1	99486	player	uade	Protracker	0	96672	68419cf0	bf5f8e21	wildlife.zip/wild3.mod
ac7ec666dc21081ad8e5f761e568fba8	1	194303	player+silence	ft2play	FastTracker v2.00	12	92127	abce3838	428e92f5	deathinvegas.zip/Genox - Death In Vegas.xm
ace1cb5f5a4870ce81026685e15d19ea	1	116687	player	uade	Protracker	0	141438	8457bbab	5eff8e42	jesusone's.zip/jesus9.mod
ae379100a2b87dfef4adf13d70990e90	1	53886	player+volume	uade	Protracker	0	162692	fbd11aa2	ef7aea11	delirium.zip/DELIRIUM-INTRO.MOD
ae97accab2c0d777c180e30ede330dbb	1	265405	player	uade	Protracker	0	219462	5ab4e4d5	37d51015	divine.zip/divineloppu.mod
aedf860597d3c77905960f62dc813e89	1	94402	player	uade	Protracker	0	170510	d0fa8565	9b36700f	behindtheflute.zip/endfjl.mod
aef028cb6dae9cbdc583ebf6c142fe5a	1	290824	player	uade	Protracker	0	179954	bdfc0d05	b78fdc8a	seeingisbelieving.zip/SEEINGIS.MOD
af8866c4785d35ebd5c5ad79d670d2b1	1	156638	player+silence	uade	Protracker compatible	0	33634	df504b96	01986b5f	mainstream2.zip/INFSATI.MOD
af93db9d5733092f5bbf64a232dd08a1	1	170580	player	uade	Protracker compatible	0	197674	4afca2d4	e909042f	budbrainmegademo2.zip/yoafrica-dia.mod
afc2946ba8cd81a3f26eb2a5df5746f3	1	332011	player+silence	ft2play	FastTracker v2.00	18	957114	9bf2043a	fd6f4385	contact.zip/IO_D.XM
afdb46deff8e7f91442c54097fbe4366	1	334837	player+silence	uade	Protracker	0	143070	bf8cc034	bcad82aa	hardcore.zip/hardcore.mod
aff7b604965abbf223a677dc4ff28e3f	1	176769	player	uade	Protracker compatible	0	276388	5aa6da46	12f5eea1	junglykitchen.zip/jungly4.mod
b0a165eb1d979c12a92ec8417efdf92d	1	341903	player	uade	Protracker	0	269828	e14b1c0c	fd7283fc	dxproject.zip/PULSE_C2.MOD
b0a3a979ed1a01640f6254f6c56b779c	1	529712	player+volume	uade	Protracker	0	194850	5327b840	cf4c3571	eurocharts21.zip/EUROCHARTS-21.MOD
b0b3dd95de2185c426d2fd07278ad2ab	1	373908	player+silence	ft2play	FastTracker v2.00	8	916025	92c328b3	7339d277	littlenell.zip/tcg_nel2.xm
b0fd122170312e26e7adfd1a95f7eb8d	1	351458	player+volume	ft2play	FastTracker v2.00	8	1002756	a74bc392	59ebf2ad	perfectcircle.zip/PC_EDIT.XM
b15f3fd5ba745385381c472a2c5d8b83	1	195858	player	uade	Protracker	0	45782	2c6ccad2	ddc81b1e	saint-unmixed.zip/tonemono.mod
b1af9bbeed73168d0ddb137c10d55212	1	71415	player	uade	Protracker	0	29168	04b28c9b	3ed43888	face.zip/NEBULA.MOD
b21389c9d1f43d16e256b0b50a748db6	1	255498	player	uade	Protracker compatible	0	105104	86beb7d9	5715e3f1	eurocharts5.zip/jamboree.mod
b3192e4c5bb4f0da4b9407a5242f06df	1	254292	player	uade	Protracker	0	152512	99e5741d	c8e3758b	voyage.zip/UNDERSEA.MOD
b42d1c14f46247dfc79b215a77ea6bed	1	48065	player	st3play	Scream Tracker 3.00 (SB)	8	22902	b8938fa5	c7c1efba	stickman'sworld.zip/STICKMAN.S3M
b4323c8fa17b3d60f31c7577d18a08b3	0	239656	player+silence	libopenmpt	PolyTracker 2.03	14	805491	8d78b2a6	7b72ec48	bigdeal.zip/GHERKIN.PTM
b4af382092d0c97e5c6c6c02dd79f743	1	224694	player	uade	Protracker	0	163108	962bc4c8	75d3defe	lethalexit.zip/lethal_e.mod
b503f6245cc9bcf448013dbd7be05aa9	1	206065	player+silence	uade	Protracker	0	251910	cae3896e	c0afa27d	misguided.zip/misg.mod
b5357c104319752366025869e8b0815a	1	291372	player+silence	ft2play	FastTracker v2.00	16	989835	19203089	e29377da	stateofhate.zip/STATE.XM
b59a154239ffef434fba0575ee6178fb	1	303375	silence	uade	Protracker	0	244470	d4c52986	094df304	numb.zip/numb-theme.mod
b623124920fada587592ed2b1870afab	1	269343	player	uade	Protracker	0	197854	5247cf83	41258ca2	paradigma.zip/NAGUAL.MOD
b62fc2d2c39e283659946cda494cf4b0	1	67719	player	ft2play	Fasttracker	8	137440	fb2d5b70	6be92914	elements.zip/QUAECKY.MOD
b65e06623380b7b5c1554488d6fd1179	1	170057	player	uade	Protracker	0	110883	9dcac504	9765c3ef	therealthing.zip/APPEARAN.MOD
b6bdc535ab16fab45005fe0b1ad43980	1	108624	player+silence	ft2play	FastTracker v2.00	8	21857	c45e9f81	eff57d09	incident.zip/64KINTRO.XM
b6ddeff025739dad76f1857d09e5221e	1	47040	player+silence	ft2play	Fasttracker	8	217586	0cb5fc72	5a8a56d4	hellraiser.zip/RAISE003.MOD
b7489bc0e004dab7cc4d18a493648364	1	353438	player+silence	ft2play	FastTracker v2.00	16	899777	bd566799	996aba1e	tribes.zip/TRIBES2.XM
b750dabd51dfd20e0bc0f040855125f5	1	272196	player	uade	Protracker	0	646642	2aba69a5	e7dbcb57	deusexmachina.zip/DANDRUFF.MOD
b7625eb23e1144afd01f78f27a4cede3	1	286874	player+silence	uade	Protracker	0	206840	050600e0	9242b37d	3ddemo.zip/BLOW_YA_NOSE(NOW!).MOD
b77d2a79130208900cf8e93ccb0ad642	1	157394	player+silence	ft2play	FastTracker v2.00	26	80479	768e9aac	cb65f416	fivecigarcocktail.zip/FCC.XM
b7a71a36399c0b357ca1ab8202f8beaf	1	232470	player+silence	st3play	Scream Tracker 3.2x (GUS)	16	578632	6ebe3248	4bac283d	withinminutes.zip/LINJA5.S3M
b7d3d825bc1453d360632b8e80bc6a96	1	119179	player	uade	Protracker compatible	0	70504	d781186c	56e1c260	md7-kefrens.zip/KEFRENS0.MOD
b89bf819fd53416a8fcd4e4d98dede88	1	171544	player	uade	Protracker	0	174798	60c49be1	bb0f9cd8	jesusone's.zip/jesus3.mod
b8c4e11b2a536cb93a1aeb77321a26cf	1	116687	player	uade	Protracker	0	167360	910655b4	64ccdc4a	jesusone's.zip/jesus6.mod
b9a25622d9b5e5339a877161db5aed92	1	261470	player	ft2play	FastTracker v2.00	8	549743	245d4d52	49fa7001	square.zip/SQUADEMO.XM
b9b9dba99c13e3503f32489884439ad1	1	291969	player	uade	Protracker	0	379134	8f05c745	f5a0def1	dxproject.zip/mindkick.mod
b9baf46f9ecacc4fc16ba4490e2e389c	1	160151	player	st3play	Scream Tracker 3.01 (GUS)	8	33616	37212ae7	963024f6	fidderlifisk.zip/FIDDERLI.S3M
ba44876cb07b8f6929270eb35ea403b8	0	119912	player+silence	libopenmpt	ModPlug Tracker	8	354064	2c450dc2	a53b100e	megamix.zip/megamix2.s3m
ba4f6d6fecbd02a99ea6dcdd59ec9b85	1	204895	player+volume	st3play	Scream Tracker 3.2x (GUS)	10	86368	c4dabdc8	4667b3d3	transgression2.zip/tgr2.s3m
ba92d87d27d0f386bf9b5fc298740e17	1	135113	player	st3play	Scream Tracker 3.00 (SB)	8	371993	76604c32	772133d8	dino.zip/DINO.S3M
bac5476bf3094d8010489ebe19e0d244	1	318232	player	uade	Protracker compatible	0	159474	bd7531fb	eb1344dd	lunatic.zip/lunatic.mod
bb8325d12f00ae903754342e8ab8044f	1	82044	player	uade	Protracker	0	18044	a893791a	16b19382	md7-kefrens.zip/MD7_LOAD.MOD
bb9db74c9f5fe18251e7789e826ceaf9	1	180044	player	uade	Protracker	0	79800	082047a1	27cfb31d	balldemo.zip/HIPFRHOP.MOD
bc51b5c8bb66af588e1fc3ff5b21db57	1	230798	player+silence	uade	Protracker	0	107160	115c43d4	e8d7aa3b	partydemo-crb.zip/PARTY-~1.MOD
bd383fedbf6d6b40e860c314edc32475	1	32311	player	uade	Protracker	0	294858	d2f561fb	d057e224	booo.zip/FOXY_LADY.MOD
be7618064e3d5da7f7d40c7bc7ea4bbe	1	107323	player	st3play	Scream Tracker 3.2x (GUS)	8	173878	3cdb8733	b9766d1d	virtualmeltdown.zip/whatissx.s3m
beb7b499628c6985a0313cf1696c820b	1	183830	player+silence	st3play	Scream Tracker 3.2x (GUS)	16	288288	30db778a	1ac2289c	os2-val.zip/OS2_VAL.S3M
bed1e49c34713564be5bdadb1eb484f5	1	102520	player	uade	Protracker	0	149658	e95989e8	8924f3aa	howtoskinacat.zip/HSKINCAT.MOD
bf039883765b2a2353da845b883a57c5	1	209013	player+volume	st3play	Scream Tracker 3.2x (GUS)	15	653711	ec47d178	ffe0c4ed	solstice.zip/SOLSTICE.S3M
bf0c46a6e087cb35f63b2df877a461e3	1	198453	player+silence	ft2play	FastTracker v2.00	22	2947488	f6e2f5d3	d3170877	black2000evendarker.rar/m2k_th.xm
bf27782ab46d1a52351e3e1f09e1f562	1	134531	player	uade	Protracker	0	180624	437cd48d	4bf5cc29	highanxiety.zip/global_confusion_II.mod
bfaea1dded7a88fb5b484fdabdc22809	1	163476	player	ft2play	FastTracker v2.00	18	70602	f32cb3e1	575b5e14	blacksilk.zip/analogue - wave (jeroen tel) - black (tune from black silk).xm
c051f666db9ceab3e6b62510f9dd6036	1	236167	player	uade	Protracker	0	148764	f4d3c729	5fa5e0f6	love.zip/MYSTIF~1.MOD
c0575202c2bb8956e4c38cb235d18058	1	144507	player	ft2play	FastTracker v2.00	16	56039	f0ac8026	b27ec2a7	gamma.zip/chip-gos.xm
c08667f3fb75ddbed883bfb11cd901a1	1	162172	player+silence	uade	Protracker	0	411746	5ae8ea75	b8e696bc	extralife.zip/ExtraLife3.mod
c0ad4b3fb1297180b4a5d03093794b06	1	16195	player	ft2play	Fasttracker	12	204274	6a634e07	b5a57610	silence.zip/silence-intro.mod
c0e9b591279d2ef23c6e16f85b0026d6	1	130693	player	uade	Protracker	0	33628	4c30f5a3	f96645cf	megademo-tsp.zip/SPMEGA03.MOD
c0efb23debcf315f7a6341d87393ae2c	1	158706	silence	uade	Protracker	0	612256	b75a70d9	d330bf4f	magia.zip/Magia2.mod
c16c1a1d07096641f885178841ab1e25	0	115584	player+silence	libopenmpt	ModPlug Tracker	8	110512	b1297c8c	43354376	megamix.zip/megamix3.s3m
c220937bc663d05bb324f117a7bd4322	1	156916	player	uade	Protracker	0	126650	6b7c24e5	8ded5978	deformations.zip/NELO.MOD
c2385db42e220069119a462849d4b8f2	1	172052	player+silence	ft2play	Fasttracker	8	70410	7f02ae57	94a6ccbb	thefinaloption.zip/FINAL003.MOD
c2387dc5736f7e81a639f2c4fc5b94b2	1	664055	player	uade	Protracker	0	204728	9cd549c4	d4379f7e	hardwired.zip/GLOBAL_T.MOD
c260446bd569ee4f7577bbe2a7ade927	1	211331	player	uade	Protracker	0	747518	0342d41d	256b6dfa	gbg.zip/GBG2.mod
c26b6d34dc7bc7d5c110fad7e64e22fd	1	102520	player	uade	Protracker	0	115300	3832e77b	711d4d79	dejavu.zip/DEJAVU2.MOD
c2d6d1437212e657b710db21af3cee3d	1	61156	player+silence	ft2play	FastTracker v2.00	14	241086	662d5f3f	bfa7789a	arabicum.zip/ARABI001.XM
c2f38791f86e5ed38a613dfb0b100068	1	92272	player	uade	Protracker	0	31464	7b19221e	b6309430	legendintro.zip/SCHIZOFR.MOD
c4ef5098a4519ecaae013dc229aefcab	1	179703	player	uade	Protracker	0	184236	705ca6e6	a4798ea9	maximumoverdrive2.zip/5518II.MOD
c581cf4371818c9085cc7214eaaf0c1c	1	289936	player+silence	uade	Protracker	0	247800	1e51e4eb	25263c0f	delirium.zip/FACEVALUE.MOD
c5c9e296d9f2bf68dddf781b64163feb	1	194050	player	uade	Noisetracker 1.x	0	140862	f72293c7	faf4cb71	pointblank.zip/POINTBLANK.MOD
c6022d6c7d6955962650391ae6a28f13	1	161464	player	ft2play	FastTracker v2.00	20	514403	dabcf5ec	a4df66ea	stuff.zip/PART-3.XM
c6024bc22d94bcb0a21cc31558d281b4	1	163567	player	uade	Protracker	0	205848	8a60dc68	c5206952	show.zip/CROSSROA.MOD
c62277690558fe0edb9f461d16d2a263	1	149030	player+volume	uade	Protracker	0	272110	9bcde0ef	854d7e60	whammerslammer.zip/WHAMMER2.MOD
c65c8e04f7546b63bb43b5fdaa2db444	1	130693	player	uade	Protracker	0	51206	08f48978	42c3ce7d	visualdistortion.zip/VISUAL_DISTORTION.MOD
c6a7d46ccb95cde9fa80476ac6104436	1	259256	player	uade	Protracker	0	377630	df25b189	b19a0af7	prey.zip/prey.mod
c78cc477ee9fe91fce9aa2bdf3fc61d6	1	355616	player+silence	uade	Protracker	0	84158	b239c07c	b593f105	digitalworld.zip/HYSTERIA.MOD
c7a700b0fcbaf9d1215170c77576f235	1	132646	player+silence	uade	Protracker	0	900324	79fd78e6	184a56f5	smokebomb.zip/smoke-bomb!.mod
c81c85f9aa5afc7b5cf215131a0a5919	1	264741	player	st3play	Scream Tracker 3.2x (GUS)	16	212984	29efab79	2ef576f6	electricgruyere.zip/MUSIC.S3M
c8481c76be4a4a550bf194294aef74fb	1	203327	player+silence	uade	Protracker	0	211368	27a965bf	6cfc5de0	wildlife.zip/wild2.mod
c918e2ed9a8e3826918adfc586129951	1	213401	player+silence	uade	Protracker compatible	0	520192	6104f82b	eedfe697	closer.zip/CNCD-CLS.MOD
c9ec9b77599ecf0faef01ce687cbe775	1	277943	player	uade	Protracker	0	152410	cb2ddc9d	8ea52562	egregious.zip/take_no.mod
ca759735f53d27fb1e6661b447722bc2	1	69224	player	uade	Protracker	0	92522	45cb992f	da3ec904	lethalexit.zip/lex_end.mod
cb0c24c3c62ad206dc35b1fe656ea97f	1	96090	player	uade	Protracker	0	361510	e71f8dc7	2c47cf36	deep.zip/DEEP-2.MOD
cb95be826eafec77a7601aade2467aad	1	359325	player	uade	Protracker	0	279720	779f4d64	ff6985fe	cardiac.zip/MACADAM.MOD
cb95be826eafec77a7601aade2467aad	2	367021	player
cb95be826eafec77a7601aade2467aad	3	359325	player
cbe233c392721aaf89cef65a53971581	1	169537	player+silence	ft2play	FastTracker v2.00	14	161269	ac378cb9	00f2e1a3	tungsram.zip/tungsram_-_muffler_-_Jalayt.xm
cc0fc215612734cc7b8e6c29e8acd865	1	293838	player	uade	Protracker	0	892986	c879ccbe	5fcbe073	concrete.zip/Concrete.mod
ccc3fce90f43971b887589fa2e533fc6	1	304387	player	uade	Protracker	0	186796	69f7f6c3	c71030e9	guardiandragon2.zip/pwrguard.mod
cceb0d57656fc9821e1380cfe4203555	1	178055	player	st3play	Scream Tracker 3.2x (GUS)	7	182166	981cb88a	f699760d	lifeforms.zip/HERMO.S3M
cd397776d801d4788040f420d47137a1	1	237554	player	st3play	Scream Tracker 3.01 (GUS)	8	322000	4bedaa93	39414b03	despair.zip/DESPAIR.S3M
ce5c33dd856529b3724ab4ce6b72bf58	1	247394	player+silence	ft2play	FastTracker v2.00	24	988736	2469293a	86de9dcc	fulcrum.zip/LOOPING.XM
cea95a8ae21fed363e955fa9362df219	1	270870	player	st3play	Scream Tracker 3.2x (GUS)	16	545848	08e70601	545650b6	babylon.zip/BABYLON.S3M
cf1bf97531b325590aec6b94fc9c45c4	1	81140	player	uade	Protracker	0	99616	ef2c40c4	d69a1de7	dane.zip/laidandf.mod
cf3ea2fe05a75aa4b34bfeebb26f6a24	1	227965	player+silence	st3play	Scream Tracker 3.2x (GUS)	14	458256	c62bca5a	092252c6	timezone1300.zip/AUMAX.S3M
cf76c20008efa846f5ddf8eaaaa172c0	1	279798	player+silence	ft2play	FastTracker v2.00	20	680125	85146b6e	53909438	robotnik.zip/fajser - Bergborr!.xm
cfc4434cab7aabf046f8bd2a6b2c17e7	1	270288	player	uade	Protracker	0	194654	45363cce	f931c57e	flowerpower.zip/ANARCHYF.MOD
cff4886f389b85cec3ae77a3060e2d9b	1	71716	player	uade	Noisetracker 1.x	0	138310	d1289eb8	fc7504cf	junglykitchen.zip/jungly3.mod
d00f87d6e13103a434d03aa488070d55	1	200919	player+silence	st3play	Scream Tracker 3.00 (GUS)	16	842278	00b59867	c528b9f4	washingmachine.zip/TUNE1.S3M
d035e6e79200ad54c1897445cb13cee3	1	116045	player+silence	st3play	Scream Tracker 3.00 (SB)	8	186633	ba84df4b	4b5e8e53	unreal.zip/THEWHITE.S3M
d081a4a518678d6822e8bfb321d34707	1	226703	player	uade	Protracker	0	173148	2c347d10	e59c0828	digitalmatrix.zip/DM2.MOD
d13e9ee528668956867f0589c68ed1b5	1	275177	player+silence	st3play	Scream Tracker 3.2x (GUS)	16	668007	2ce94565	5f4841af	just.zip/GATEWAY.S3M
d1d3ad7ed68847537e455122b248bcfa	1	258934	player	uade	Protracker	0	49496	7127f181	61eb3b33	believe.zip/BELIEVE.MOD
d1e3efefc98f2e1f915473f174d8de99	1	462634	player+silence	ft2play	FastTracker v2.00	26	1550593	290bdf95	9fe62fd1	sonnet.zip/sonnet.xm
d2c419691ef226a22b510e6289a4dba6	1	330949	player+silence	st3play	Scream Tracker 3.00 (SB)	16	151034	e2de8a41	94f6db76	fishtro.zip/UNDERW~1.S3M
d2c419691ef226a22b510e6289a4dba6	2	168691	player
d3597bbe2754e2373198057fc0cdaa24	1	139843	player+silence	ft2play	FastTracker v2.00	10	31923	2cd4edf0	5be81150	jive2.zip/the_funky_corner.xm
d3b37e767bd314a8ea3c8dadfa58f028	1	368770	player	uade	Protracker	0	155808	f7a98619	be0e2fdd	talesofadream.zip/LET_THERE_BE_FUNK.MOD
d3b9642f6231d4044f3ae9793efef163	1	122770	player+volume	uade	Protracker compatible	0	258314	d1ae5c34	55504262	switchback.zip/SWITCHB2.MOD
d3d35421dc3a54f6363423e9cc5e7c5f	1	153962	player	uade	Protracker compatible	0	172286	438f46ef	c16cd467	assemblerinstinct.zip/ai003.mod
d412637cbbc3935835fa7ff531d8db00	1	200038	player	uade	Protracker	0	220806	273474d8	1e6ac519	mindflow.zip/Mindflow.mod
d4ccbe306749e7146b98fa0e04d6fa24	1	189388	player	uade	Protracker compatible	0	91794	492ec792	177c48a6	elements.zip/AGAINST.MOD
d548c7bfa0fd048d458c74c188b482a7	1	138014	player	ft2play	FastTracker v2.00	14	66206	8e16f7f5	a5aeb894	tp5intro-cascada.zip/INTRO.XM
d68ccbb3facb77be3a737f1a9b56b551	1	357697	player+silence	st3play	Scream Tracker 3.01 (GUS)	12	452010	feb2569e	10bc01f0	otherdimension.zip/OTHERD.S3M
d69938856269b3699798c212eaf22519	1	439361	player	uade	Protracker	0	199870	8d7c0ae9	847579aa	voyage.zip/OVERLOAD.MOD
d6d468411fe3782ac7533419ca9c042e	0	259786	player	libopenmpt	Scream Tracker 3.20 - 3.21 (GUS)	25	300608	1ab98e7c	88247840	ssidemo.zip/LEOOUT.S3M
d6d468411fe3782ac7533419ca9c042e	1	67603	player
d6d468411fe3782ac7533419ca9c042e	2	54487	player
d6d468411fe3782ac7533419ca9c042e	3	53981	player
d6d468411fe3782ac7533419ca9c042e	4	5106	player+silence
d6d468411fe3782ac7533419ca9c042e	5	53981	player
d711fde08d6d36b26775a71533d319ef	1	155007	player	uade	Protracker	0	85716	55607953	a32f1e0e	kefmania.zip/kefmani3.mod
d7704ae52b34e6254ac88bf73d321631	1	192141	player	uade	Protracker	0	159326	fadea4ad	143cd078	digitalmatrix.zip/DM4.MOD
d7d7fa77886e0a5df7fbe3e9efe940cb	1	104810	player	ft2play	FastTracker v2.00	14	587266	910575ff	0224a705	intotheshadows.zip/idea.xm
d81d126e5e318f047f387848784030c7	1	38520	player	uade	Protracker compatible	0	23246	25e89e17	40d6ba58	budbrainmegademo1.zip/perhaps2-dia.mod
d824a5919ac980919a07dc9ec17ff8b8	1	322490	player+silence	uade	Protracker	0	312346	a1268d5b	04e41369	crystaldream2.zip/TRANSATL.MOD
d82bea172792d99da60e30619e463c65	1	151194	player	ft2play	Fasttracker	8	571830	0162c5e4	8c485376	warp.zip/warp2.mod
d88c39a27f44f723866af77f49947ce4	1	207169	player+silence	uade	Protracker	0	230652	4d22af21	d3b29503	stateoftheart.zip/CONDOM_C.MOD
d89590c8064525b48d4319c1aa6324f1	1	312606	player	uade	Protracker	0	269212	e889fc19	652c6e95	announce-lemon.zip/LEMON-ANNOUNCE(1&2).MOD
d8c484202755b45dbae35f2223f042ca	1	368940	player+silence	st3play	Scream Tracker 3.2x (GUS)	8	599644	61c576b2	a7081456	secondreality.zip/UNREALPM.S3M
d8f02f377ffc0b5fef08ea17c4f2bf5c	1	9747	player	ft2play	Fasttracker	8	303104	3c50e38f	e2f9a983	therealthing.zip/AIVAN.MOD
d99db9ac218c26f8a820ebbf67964c49	1	153395	player+silence	ft2play	Fasttracker	8	297974	f85aeb5d	72cdc725	warp.zip/warp3.mod
d9cc200645a2e5f52490fe9ac5c04965	1	249731	player	uade	Startrekker (4ch)	0	139286	2def07ea	eae0de3e	worldofcommodore.zip/woc002.mod
da4b8c1a7a553e874974d16d34bb45d8	1	137055	player	ft2play	FastTracker v2.00	4	29559	0bb7f912	c17551fd	whiteessence.zip/chp8trip.xm
da5669432a636e5b79377894f8b3df7c	1	27495	player+silence	ft2play	Fasttracker	8	231324	63b02c5e	54c35109	hellraiser.zip/RAISE002.MOD
da738f7932c12da737e874ed7a927568	0	277788	player	libopenmpt	ModPlug Tracker	12	445648	ce558340	3a0590d4	deadonarrival.zip/atmos.s3m
dafcdde1064291c1fc396bee3ad0300d	1	257466	player+silence	st3play	Scream Tracker 3.00 (GUS)	4	359368	a3f826b6	0b24c8e1	saint.zip/saint.s3m
dbaf3915a1df798e2206bd3514537d4d	1	184445	player	uade	Protracker compatible	0	97684	169cd962	78cd7baf	rsimegademo.zip/dsco-groove.mod
dbb1a6a364d350ab3e83b7f3642111bd	1	383219	player	ft2play	FastTracker v2.00	8	545412	f1f022ed	d2b3df06	reanimator.zip/RV40NEW2.XM
dd6e9da19a9313f163c6d4694745f378	1	265103	player	uade	Protracker	0	238716	66ee59a3	b1845db1	universalintensity.zip/UNIVERSA.MOD
ddfebb1cc1695cff8e7df938fc406c1e	1	141162	player	st3play	Scream Tracker 3.00 (GUS)	8	42594	12837c7e	0ce5d599	billgforce.zip/CLX_BGFR.S3M
de264f325e7ab9f4f6ef3b4cb41760a4	1	184445	player	uade	Protracker	0	47948	b721bf84	4576e35e	vanity&apathy.zip/V&A.MOD
de8e44816a25f802abe6b515bc2ff0dd	1	202570	player	uade	Protracker	0	139878	a14f8075	d00d5e83	asm94preinv.zip/ASSEMBLY.MOD
dea443ec4f26511ba6a5b2bd9fd79089	1	280103	player+silence	uade	Protracker	0	199118	a90b2947	ed076c2a	extension.zip/cyberace.mod
dfb7a10cce73a1ae416b88c37e60d000	1	221177	player	uade	Protracker	0	114108	3fd89bea	7dfd486e	dos.zip/dostheme.mod
e0016605b17a80ca8360527a3b9abe25	1	130345	player	ft2play	FastTracker v2.00	8	19924	c46bd615	1da03ed2	synergistic.zip/JUMP.XM
e111efba94811dd359661b373ff80859	1	227544	player+silence	ft2play	FastTracker v2.00	32	1355995	8df023ec	0068aca6	plastik.zip/SYSTEM.XM
e1405c82b47adb6d384d046fe122bc02	1	218606	player	ft2play	FastTracker v2.00	16	562865	07ce0246	102ab38c	xtal.zip/XTAL.XM
e162067802d04a4905689b263bd36c7a	1	248071	player+silence	uade	Protracker	0	140678	1c6c64da	05dfc8c6	mobiledu.zip/CANALGRE.MOD
e1eb0c3485a3bb25e5a044d50f65563e	1	444284	player	uade	Protracker	0	167150	40b92d5e	2d47eec1	digitalinnovation.zip/kings_of.mod
e23a44a81b47c850c6a47f0dab9255cc	1	327172	player	ft2play	Fasttracker	6	234940	7c0eff9a	67336894	hexappeal.zip/LIBERTIN.MOD
e26e07d9cedf16b769c9583b8e1bfa04	1	102983	player	uade	Protracker	0	170412	50c373bb	bea1388c	jesusone's.zip/jesus5.mod
e2d2d92eb5dd224d28d9b910f6831368	1	241353	player+silence	ft2play	Fasttracker	8	372744	ffbe868d	a7d3f184	demonic.zip/DEMONIC.MOD
e317f80f195248de7576d01a1d5cada5	1	266587	player+silence	ft2play	Fasttracker	8	374784	27d21146	7ac55306	heartquake.zip/SKY.MOD
e33d511b3332c32edb9872f92728e099	1	239041	player	uade	Protracker	0	216614	e78a2def	45257709	groovy.zip/GROOVY.MOD
e39657a3e931201a22d46f04527c3399	1	133166	player	ft2play	FastTracker v2.00	12	999890	6352757e	76b78a14	shad.zip/SHAD-1.XM
e4672ef3451621c5ef16efebdf328131	0	251584	player	libopenmpt	ModPlug Tracker	8	256592	38d157fb	a1a64bfd	deadonarrival.zip/aap.s3m
e504816d23bf091e2a7c3b4ae87f54b7	1	310782	player+silence	it2play	Impulse Tracker 2.14+	22	527590	963249f3	e7d73965	node.zip/perinode.it
e55d5041c2c047e42ae2576c9ba193c0	1	199503	player+silence	uade	Protracker	0	197982	132147b5	8065f0b1	highanxiety.zip/high_anxiety.mod
e578d45081c2608a64c19bbccd2395af	1	247660	player+silence	uade	Protracker	0	191134	3b85b00d	b2d485d6	guardiandragon2.zip/drgnjive.mod
e6b79dcb131b54e1e5516bf19a304598	1	282907	player	uade	Protracker	0	308500	2bb4dd73	61cf03bc	fruitkitchen.zip/FRUIT_KITCHEN.MOD
e732ec5ebd4a26c2c90ead7f44da24a1	1	331917	player	uade	Protracker	0	285004	ed2dd9fc	96b42ea1	love.zip/physical.mod
e77fa863edcc3f11ef471db978e85db4	1	119632	player+silence	uade	Protracker	0	109410	7aa3e0c3	300eb8dd	divine.zip/lost.mod
e7a979a648e75d817955efb503c6dd17	1	502879	player	uade	Protracker	0	1146748	8e295273	1b1d4144	spellbound.zip/spellbound.mod
e81977d9f70c982c4d73cb30772269f2	1	135702	player+silence	ft2play	Fasttracker	8	327496	4565dc4d	57d026ab	crystaldream2.zip/AMBIENTP.MOD
e8c447b09d425e4606424f1cce4902d2	1	282903	player+silence	st3play	Scream Tracker 3.00 (SB)	8	469730	41ee4138	23b932b0	control-coma.zip/CONTROL.S3M
e90c26a9984620868d951b8dcd556816	1	331294	player	uade	Protracker	0	168076	d8e8dcec	92ef4f08	eurocharts15.zip/EUROCHARTS-15.MOD
e96f214098f74fc1cb1671d2c9244257	1	233839	player+silence	uade	Protracker	0	153676	f5005d55	d994f00b	worldofcommodore.zip/STARDMEM.MOD
e998012c700eb43af0321711305829b2	1	637350	player	uade	Protracker (vblank)	0	224288	947eb4e3	100c8746	huntfor7thoct.zip/KLISJE.MOD
e9b5604986bcba7744d9fdef9a949638	1	266382	player+silence	st3play	Scream Tracker 3.01 (GUS)	16	350852	c23ced7a	81085214	visionsoflight.zip/VOL2.S3M
e9d8093266d6f0948eaf8dfa80e57459	1	200039	player	ft2play	Fasttracker	8	213808	ef2ee702	1a65d1c9	uneatable.zip/UNEAT018.MOD
ea026ae25d31eb17344f82c8b82bb39e	1	353418	player	uade	Protracker compatible	0	124980	4beccaf0	e6a5e44d	comademo.zip/COMADEMO.MOD
ea1541f7081d474812d625a7ff1cd996	1	257545	player+silence	uade	Protracker	0	400006	13cf8f60	d8b04b74	absoluteinebriation.zip/biomech.mod
ead3d770e7a985c810a707c166a1f232	1	407922	player+volume	st3play	Scream Tracker 3.2x (GUS)	13	576140	b300490e	d3b2f18c	caero.zip/caero.s3m
eb1ef696b37458b0a335a1d34d641e06	1	148384	player+volume	ft2play	FastTracker v2.00	8	646302	12e91a16	c51a68ef	invitationnone.zip/maintune.xm
ecd9603e87a91052c0f7a382a611720e	1	281442	player	ft2play	FastTracker v2.00	16	893536	bf82c7dd	f7f9eb33	boost.zip/BOOST.XM
ed0b768ea028c9c4ce688f01b7ec9de2	1	109955	player	uade	Protracker	0	391640	03f96632	8e59bc01	deep.zip/DEEP-1.MOD
ed2915422d131b3d73081091b845d626	1	116687	player	uade	Protracker	0	145350	44e64026	f4c8d657	jesusone's.zip/jesus8.mod
ed2f9d65205de6658793ef7af528c795	1	182126	player+volume	uade	Protracker	0	726922	ca2e26bd	a98ec03a	rise-trsi.zip/Rise Main.mod
ed7883989f1f6413d48d2b908dde690b	1	435804	player	uade	Protracker	0	476248	941a40d9	2ea9fd56	glow.zip/glow.mod
ee34970d7ee53177d595b6680f98d65e	1	245893	player	uade	Protracker	0	119054	6cdfc5d6	53707889	wish.zip/FANTASY.MOD
ee6f02db24c992fd2f50c0d42cbbcd0d	1	292029	player+silence	uade	Noisetracker 1.x	0	75070	2dd0d131	9d23abd3	cronologia.zip/DARKDAYS.MOD
eeba15f85170929af3872f587f908f79	1	155485	player+volume	uade	Protracker	0	38308	633922e2	b0c8e1ac	dawn.zip/Jamm_Dawn.mod
eef764b00ed3272af92e1a32d631c873	1	554842	player	st3play	Scream Tracker 3.2x (GUS)	16	561394	c4aa1b82	f069a2ce	luminati.zip/ZENGARDN.S3M
ef04930869fad0ec03a05b893578315a	1	171322	player+silence	ft2play	Fasttracker	8	297708	4bf09bd1	e2c14cb8	crystaldream2.zip/THEDECAL.MOD
ef8b7c79307c977255c8f04a7fdb80e0	1	156112	player	uade	Protracker	0	139608	6a1b9fc7	1a9ad868	mindriot.zip/MINDRIOT.MOD
ef8b7c79307c977255c8f04a7fdb80e0	2	118194	player
ef8b7c79307c977255c8f04a7fdb80e0	3	159186	player
efa0af36e0e371fe250f740d4d9e4b48	1	61328	player	ft2play	Fasttracker	8	134970	98e41508	8ea733d0	elements.zip/THEEND.MOD
effcb35e37fdd42857159c1ee7c7584e	1	160682	player+silence	ft2play	FastTracker v2.00	6	44317	f970952e	294018db	fresnel.zip/kolor - looza and dipswitch - fresnel final (soundtrack from fresnel final).xm
f00964065c9dedf290d2b7728ad3f646	1	115321	player	uade	Protracker	0	18090	98885285	80fd6ac9	corrosive.zip/almost_real_#2.mod
f03f48cfd0ecac0e34a58e66a3a27b20	1	253569	player	uade	Protracker	0	162878	79a5dac5	bfc6f990	vectordemo.zip/vectdemo.mod
f0804cf27b4cde42f0348771ed8597f8	1	306618	player	uade	Protracker	0	135752	9ed37f2f	7c647104	upstream7.zip/FOUNDATI.MOD
f091256798bfb61a7dca2f11d32e2da7	1	38520	player	uade	Noisetracker 1.x	0	72980	8cb3e7d8	d8011014	junglykitchen.zip/bodysnat.mod
f0ef7b9544e36adb69e64e770d287f25	1	76920	player	uade	Protracker compatible	0	26784	7e4f825d	87bf3949	sogroovy.zip/MINIMUM1.MOD
f113b2a82cf5f92506f74f5a543a38cb	1	30824	player	uade	Protracker compatible	0	22652	bb8b68f5	88bf901f	mentality.zip/MENTAL3.MOD
f1b887b3f607e02cd6825c319191b9aa	1	120123	player	uade	Protracker	0	136660	77db1344	a240b9b9	odyssey.zip/odyssey3.mod
f25ccfa9d28ab55a37a2f5722c706728	1	102520	player	uade	Protracker	0	196354	35c604f5	fb0de6ea	dane.zip/bythecoa.mod
f2b9f2eab82296d46d9ee30dd7ce76cd	1	93422	player	ft2play	FastTracker v2.00	16	350392	c46b7fe6	03959ff6	mentaldebug.zip/mental_debug-3.xm
f3a58e31caf7f6c7446387bc65d14375	1	94064	player+volume	ft2play	Fasttracker	12	335260	b60abf00	204fbb04	silence.zip/silence-part2.mod
f3be07a572430a23aa55b97a66facf99	1	165568	player+volume	uade	Protracker	0	578140	eeffb831	323c51cc	beats.zip/BEATS1.MOD
f3d23aea569e581a4c7d9b95131c6c63	1	234317	player+volume	uade	Protracker	0	606898	c2ed0b33	3c7741f5	carbon.zip/CARBON.MOD
f4778eb5a57f0c1400dc2d6302cc0c92	1	130693	player	uade	Protracker	0	213986	8a211c72	d63a4c62	vaginalmassacre.zip/VAGINAL.MOD
f5ba16647a6fb04ec72b35010c2dd590	1	333966	player	uade	Protracker	0	187012	95b086c2	67af2689	enigma.zip/ENIGMA.MOD
f5e8eba26c80443ab5113b632630f1f8	1	170309	player	ft2play	FastTracker v2.00	8	52487	cf2c9ac2	1a24c90e	solex.zip/ODDITY.XM
f5ea2e1aac2884ca0cc382f6f9f6f86c	1	22525	player	uade	Protracker	0	266184	28556c8d	925d57d5	rabies.zip/244.MOD
f5eace786c6475d26a2ffe13268cb63a	1	248164	player	st3play	Scream Tracker 3.01 (GUS)	8	336042	d942ddae	6215e819	cyanide.zip/CYANIDE.S3M
f66d06151faf273712facc3660706fcb	1	210078	player+silence	ft2play	FastTracker v2.00	14	123896	e1f7f9a3	e535a951	bakkslide7.zip/svbSLIDE.xm
f6a41325a51921d3940e6cd4448e5148	1	279882	player	ft2play	Fasttracker	8	611306	135a4bc7	c024e0c6	holistic.zip/SHELTER.MOD
f6c72a48f54b1768f3e30a3438e025e1	1	211667	player+silence	uade	Protracker	0	108434	09ac12f6	4600207b	deformations.zip/YU4.MOD
f73def5bea3c79e41c499507771770e5	1	169093	player	uade	Protracker	0	92592	e38519b4	5be98af9	jesusone's.zip/jesus_end.mod
f8181f77a57a3280599891fe8fe8a8c4	1	202484	player+silence	ft2play	FastTracker v2.00	16	934835	a496f63c	21c8f717	doubt.zip/doubt_-_illusion_muffler_-_Ambie22.xm
f8251bd523294daeeefc0285df62f535	1	288111	player	uade	Protracker	0	545548	3e954931	2bf7d388	tint.zip/fracture.mod
f86e2faea1d86f71b1947eab03ecca4c	1	225960	player	uade	Protracker	0	240106	688edef1	2bf6ec15	humantarget.zip/HUMAN001.MOD
f8a2d68674bffc95395f1b7050540df8	1	317851	player	uade	Protracker	0	123914	dacecf17	cd173466	multica.zip/MULTICA.MOD
f92dcfd6c79901cc501a29b2661d3f55	1	46216	player	uade	Protracker	0	169794	f0a79c80	987325d5	digitalmatrix.zip/DM1.MOD
f958eb50415e3c70f12d826ed7b28e6a	1	230842	player	uade	Protracker	0	119250	a549cc0a	08262edc	hotdots.zip/HIGHDEN.MOD
f98dc61691262b3d3ce8c58df5593aa8	1	185358	player	ft2play	FastTracker v2.00	20	53450	2125f34d	b6db6cc1	spacetravel.zip/spaceage.xm
f9936293a45a9ae38284986810152bdc	1	253569	player	uade	Protracker compatible	0	210266	c92fb51d	d605ff8a	followme.zip/1989.mod
f9dd80f3791f54a4aa13e7678a007bf3	1	222845	player	uade	Protracker	0	130048	ad2a0a24	aa3f8076	elysium.zip/ELYSIUM.MOD
f9ebb6606266f0d8e604022258702b21	1	233515	player	uade	Protracker	0	204096	6ac7a8a6	1cae22b1	exile.zip/EXILE001.MOD
fb2d766dd3fe6ab8f0c0ce7e7fd3e6f5	1	477114	player+silence	uade	Protracker	0	192778	49ae6832	b2433943	eurocharts17.zip/EUROCHARTS-17.MOD
fbc810d0a0c067c50309047455704a95	1	215149	player	uade	Protracker	0	99942	aeb7165e	6d1f1908	crystaldream.zip/CD_SOFTB.MOD
fc0f11ed3d8aeb1df99edf0c1a16559a	1	184445	player	uade	Protracker	0	234622	c6401f87	ee71fa00	mindwarp.zip/DSJ.MOD
fc3f2836d8fd26e9c9302f0cdcd32110	1	125368	player	st3play	Scream Tracker 3.01 (GUS)	16	162067	3a21617a	88f27901	visionsoflight.zip/VOL3.S3M
fc7c65a08eedcc98795b225ff1c06b2a	1	114798	player	uade	Protracker	0	852520	87b26e5d	38d36937	electroluxus.zip/treat_special2_e81.mod
fce2611d6577cb7a7f78ebd21c00b9f7	1	177493	player+silence	ft2play	FastTracker v2.00	12	679535	22efc6c2	14635c31	generationzero.zip/generation_zero_-_muffler_jazz_-_toilet.xm
fd2a9c0a577ed025580645f34677413e	1	257736	player+volume	uade	Protracker	0	262144	cc660bac	425614c3	dreamsteal.zip/UNREAL.MOD
fd69f5299e54059ad274c56eff3472fa	1	389158	player+volume	uade	Protracker	0	199354	e3da9f33	5bb91192	fullmoon.zip/nearly.mod
fe11801d007c1683a4d05fce75f199b3	1	85983	player	uade	Protracker compatible	0	155300	5599494c	7483a204	budbrainmegademo2.zip/spooky.mod
fe5b6f548deefb655fad2bff2b07b149	1	362279	player	st3play	Scream Tracker 3.00 (SB)	9	197290	0c45c9fd	f1581d6c	unreal.zip/REALMOFC.S3M
fe8b6a10ee354571e66baca752337d46	1	199362	player	ft2play	Fasttracker	8	41972	e1a74a35	4b360fdc	velvet2.zip/VELVET2.MOD
fef594f6d086ba01865f7eb63e2c752b	1	187859	player	ft2play	Fasttracker	8	275470	4a85c0fe	cb8b8570	elements.zip/SPHERE.MOD
ff0c6ce4e2fccb99595c9958bc587f28	1	140077	player	uade	Protracker	0	136920	9961115c	52047553	resolution.zip/resolut.mod
ff9b6b5cdb25b7f7fb599263dfa56c45	1	252206	player+silence	st3play	Scream Tracker 3.2x (GUS)	14	553730	2626627b	812ef4ea	panic.zip/PANIC.S3M
ffa76335f0549b6164fdd69e72122880	1	531011	player	uade	Protracker compatible	0	107616	53c4d49f	dd60a8dd	cat.zip/cat.mod
ffe67a92588ae107db38ba1ac113bfb3	1	126292	player	uade	Protracker	0	348904	369a1c03	29612b80	no-polkabros.zip/SPRITZSTUNDEN_5.MOD
