002649bc9b38fee4f273143a2b3feac3	1	202570	player	uade	Protracker	0	141897	d88e81da	c09d0659	Purple_Motion/mod.assembly94
0027feea792134e291a5ad4c1856bbc9	1	328099	player	uade	Protracker compatible	0	129325	518e93a4	9d616551	Zodiak/mod.time
00cce71d457e1cfa0edb1c7868b38ebb	1	109855	player	uade	Protracker	0	165392	3ec28d43	f8f26883	Echo/mod.jesus_on_es_04
0159be6b638d405cf633856d41148618	1	220907	player+silence	ft2play	FastTracker v2.00	22	435882	84c33df6	10666360	Rage/deliverance.xm
015e28433c302c5e4d03773f16e93dd7	1	73082	player	uade	Protracker	0	196696	83e97a9f	92398970	Heatbeat/mod.rakkorules
017b7231886415a968e5beac6a7e2bc5	1	197343	player+silence	ft2play	FastTracker v2.00	30	975466	3e6b7a13	5ccf6f7c	Limbo_Duck/bream.xm
01d30530cf9e54609987c2ef45c5064c	1	288688	player+silence	ft2play	FastTracker v2.00	20	800382	b6f0d125	68891901	Laxity/live_at_stage_9.xm
0356666e4508ae0e3721520995aff662	1	169093	player	uade	Protracker	0	176198	6d1371a8	5a8c1818	Vogue/mod.axel_f
03ee163a5ae038c434c2ef18bbd49949	1	221398	player	uade	Protracker	0	181834	6f718477	e88ca7bf	Nightshade/mod.decimation
03ee163a5ae038c434c2ef18bbd49949	2	7796	player
03ee163a5ae038c434c2ef18bbd49949	3	127437	player
04215575972a9a5b1fb417d16752beff	1	190096	player	ft2play	FastTracker v2.00	14	354326	b3c55bf5	a88cece0	Laxity/static_motion.xm
04671ba3e0de39eaecfd1dc8b2f3d218	1	333966	player	uade	Protracker	0	184964	b5e74fe1	2f377370	Tip_and_Firefox/mod.enigma
05041256f55acfe7bb4d10722702a183	1	256424	player+silence	st3play	Scream Tracker 3.2x (GUS)	10	201836	73b0c662	45805ab9	Distance/00progi.s3m
0574e4d53e8e997c3b8c6f31fe99ad46	1	69350	player+silence	uade	Protracker compatible	0	22474	9ea143bd	d5a35d5e	Jester/mod.spice_it_up
059f6f2eb88adb643f508d7221af62c5	1	236199	player+silence	uade	Protracker	0	196532	befd90d6	8d2848b1	Vesuri/mod.marmeladi
05b7d9c1c420a8d6b4a224fc26858bb1	1	233839	player+silence	uade	Protracker	0	153676	6fd3700c	f42f66ea	Jester/mod.stardustmemories
05d878c55aa6b8317bfc8595256bbd8e	1	243156	player+silence	uade	Protracker	0	190698	13adde51	33b48c9c	Raato_Mestari/mod.how_sex-perience
05e4399e3f86878e649a63cdd56f8302	1	120324	player	uade	Protracker compatible	0	27410	8654c9aa	82b092c1	Mantronix/mod.fireballs
065aa7560ce0d6c03d1662742855c53d	1	53129	player	st3play	Scream Tracker 3.2x (GUS)	12	32576	66c556ae	82cac8a5	Distance/kasviaika.s3m
06b7127e6000718dca5465bfe34aeb2a	1	218525	player	st3play	Scream Tracker 3.2x (GUS)	13	221588	51558ed2	1a4492e4	Distance/pop_on_cereal.s3m
06b7127e6000718dca5465bfe34aeb2a	2	16597	player
06de1ba0ba4019e081340ad7f095b990	1	10368	player	uade	Protracker compatible	0	46768	e537bca5	9b17fbc9	Jogeir_Liljedahl/mod.a_rambo_rules
0761be616f5a1542ca81212c566c6a5a	1	150158	player+silence	uade	Protracker	0	249180	24258274	ccf28ce6	Jon_Hare_and_Richard_Joseph/mod.cannon_fodder
085ea38da49f4c4d2c2690d8804ac862	1	51099	player	st3play	Scream Tracker 3.2x (GUS)	16	121041	4fee52cb	ef0fe28f	Distance/seejoo.s3m
092116048288198eb52bd5b29261cd8d	1	128121	player	uade	Protracker compatible	0	15106	83ce5c61	4cb873e2	Nugget/mod.kinesisk
093023a89481e01408e8ffc2c5aca245	1	219349	player	uade	Protracker	0	317592	b2568bf2	1f3dc3f8	Mellow_D/mod.fast_charger
0936fecf31b7489a1d74646a917753af	1	283040	player+silence	st3play	Scream Tracker 3.2x (GUS)	15	395940	507523d2	e1209b07	Distance/i_ll_never_be_abducted.s3m
0b178b63891e0f50fda80979197ba028	1	212697	player	uade	Protracker	0	147932	e44f450e	fce3bafd	Lizardking/mod.elimination
0b1c1a309dea1cee69d3d8e06faf4753	1	245752	player	it2play	Impulse Tracker 2.10	16	551163	f4b6c180	cd91a0e0	Necros/wired96_report.s3m
0d3bef757a9b188bc42f7e9bce696e4d	1	397612	player+silence	st3play	Scream Tracker 3.2x (GUS)	14	182810	b0c75336	96aec180	Dune/_k.s3m
0d5e2f4559fb1e75d2a748b2cdfb4133	1	327172	player	ft2play	Fasttracker	6	234940	a090b26e	280efaa5	Zodiak/mod.libertine
0d75b4543c34d5a5ec33d77bc68adb0e	1	235645	player	uade	Protracker	0	32526	7da88ca6	575e4563	Mike_Clarke/mod.lastninja2-3
0dd8426685101e01d439840387117cc8	1	271714	player	it2play	Impulse Tracker 2.05	16	547320	2387622c	57f2b7d5	Necros/babylon.s3m
0ddeea1b5aef5a500f33efa6f5a7dc0f	1	399032	player	st3play	Scream Tracker 3.2x (GUS)	16	437914	9074b475	0f1d004e	Necros/energia.s3m
0e51479f2d03af82774a5688c6ed74d0	1	138369	player	uade	Protracker	0	28822	9c4c95b5	f7d1e4fa	Heatbeat/mod.awakening_later
0e813e943746fe2fe77093234bc2ccaf	1	183280	player+silence	ft2play	FastTracker v2.00	20	391865	96a1355b	4be17433	Swallow/vivid_experiment_2.xm
0ea27e815cbf3d3e124388a57004d3bd	1	319756	player+silence	ft2play	FastTracker v2.00	22	670598	dcaf2f4c	b3d6949a	Laxity/confuzed_generation.xm
0eb8b238f537d8fdf6fe4c0c9932e012	1	221626	player+silence	ft2play	FastTracker v2.00	14	915805	4790e1d2	e596aa16	Swallow_and_Illusion/oat_meal.xm
0ed90275f75a514a26dcbda56e09d62a	1	141523	player	uade	Protracker	0	191618	74ee52d8	d38f7062	Pattis/mod.nasty_priority
0f1699c9dcf604347468df46d35085f9	1	193783	player+volume	ft2play	FastTracker v2.00	32	605539	26ada14b	8a8cecb3	Laxity/half_a_circle.xm
10004531fe6c9d832b6eb74aadd4b101	1	233614	player+silence	uade	Protracker	0	412976	db1580d7	5d35271f	Strobo/mod.nac_does_prodigy
10255dc9f008ef481b429ee585949a45	1	101877	player	uade	Protracker	0	33912	66c9a186	fdc3c939	Lizardking/mod.over_the_fields
1086f7855f64f8e335908ec6e4e0d892	1	144454	player+silence	st3play	Scream Tracker 3.2x (GUS)	16	34520	807474af	b29a053f	Distance/antti.s3m
115c95cf7fd3524f3c5a7e8d6c9bf1ba	1	285808	player+silence	uade	Protracker	0	380798	932d8c90	75fdf786	Mortimer_Twang/mod.closest_dream
115f46140241596e375e88f7540bb553	1	256824	player	uade	Protracker compatible	0	198662	278e772c	6078e763	NHP_and_BKH/mod.epsonic
11b4e0f7dfa8232e98c5afece7684e1d	1	257909	player	uade	Protracker	0	256302	b5b365cf	e447047a	NHP_and_BKH/mod.eliptical
12161146a158e43de6296d06330048fa	1	353317	player	uade	Protracker	0	245602	450a70b5	0a3976c2	Interphace/mod.nexus7
12622235331bdedccfc13ea616a2ceee	1	322693	player	uade	Protracker compatible	0	39862	c3ba80da	b011f1f9	Mike_Clarke/mod.lastninja2-2
12de60750d0116c37409a315e4be8057	1	92002	player	ft2play	FastTracker v2.00	6	22835	437f0c9c	222614f5	Hunz/flower6.xm
13c9c7933446dffcc9929c39003d3deb	1	30362	player	uade	Protracker	0	11736	0a39088e	1c2c97c9	Heatbeat/mod.tuomiomies
153adf78fc9ea31817578989c146ecfa	1	67397	player+silence	ft2play	FastTracker v2.00	16	68610	9c9f7af9	6db968fa	Keyg/seventh.xm
155103ef1adac4fd0de9ba29f4a54952	1	314844	player	ft2play	FastTracker v2.00	14	727988	6a19adc5	cd8b6594	Mordicus/dream_signal_zero.xm
1553b02f1cebba742c2f52395dd1cf8e	1	191324	player+silence	ft2play	FastTracker v2.00	32	715233	1db4f8e1	02394b96	Elwood/homecoming.xm
15a8552fe03ec3a3ffd546ae48fdf3b6	1	122997	player	uade	Protracker compatible	0	39068	5446b778	14ac9d96	Dr_Awesome/mod.loader
15c40322f643bc0289895fa78c5145d2	1	242055	player	uade	Protracker	0	129460	8161ffd7	065469d1	Legend/mod.ode_to_808
16ace63e8f6f238acb4ca7a89e8a6b7d	1	218660	player+silence	uade	Protracker	0	39646	597d6e70	390e3063	Mike_Clarke/mod.lastninja2-5
16da4721a73868a6fa397d2b79cb8822	1	161305	player+silence	uade	Protracker compatible	0	89422	c66d81c3	6655fc46	Bruno/mod.stor_och_liten
1737c132366ddf75437a68b04bd6313c	1	153721	player	uade	Protracker compatible	0	72966	dec0643c	fa7207d2	Patrick_Phelan/l3_cd4-spaceninja.mod
1737c132366ddf75437a68b04bd6313c	2	219007	player
17bb3ad8736800dcedfe61907b55092a	1	102983	player	uade	Protracker	0	169966	73c2c865	f6c1b56d	Echo/mod.jesus_on_es_02
1831ebec1eb30c80e4640bca0ef8e22d	1	63558	player	uade	Protracker compatible	0	89406	bb2678f7	ee172a6b	Eightbitbubsy/mod.tom_johnsons_show
18e4e385b5951e1f4dc12a4968c795a2	1	147331	player	uade	Protracker	0	80450	efdd0aeb	80beaa67	Deathjester/mod.voltrunner
1ab809a4dd1c8741acbd1d288f8a0a5d	1	38520	player	uade	Protracker	0	95926	e538e46d	70d14655	Stephane_Picq/mod.kgb_paradise
1be67ece23c08c315af701a9aa22303b	1	177231	player	uade	Protracker	0	277280	fc9d0f29	0fe3774c	Deathjester/mod.orgasmod
1c3a1346f2e611612da546b0899f8c15	1	282302	player+volume	uade	Protracker	0	514320	e419c519	08273d34	Skope/mod.lowerintentions
1d017ef7f6a306b6a31f4623833ed282	1	80336	player	uade	Protracker	0	200302	558f54ec	c1d969bc	Vogue/mod.crystal_starlight
1d03a5ba9aa3acd8c9d07005c67e1006	1	148909	player	ft2play	FastTracker v2.00	18	325651	7c6c70eb	74bf0625	Hunz/wrong_way_home.xm
1d3a2c75dd907b9ecaf3094defdd31d4	1	396781	player	uade	Protracker	0	191754	512737e2	fc839e30	Heatbeat/mod.shining
1de161c994b93dec6b419722ca66e789	1	175110	player+silence	uade	Protracker	0	443400	0ff7531c	9ae63003	Alien/mod.sumea
1e1c0978defc086a0f497d4da39378b8	1	176387	player	uade	Protracker	0	317764	58a73e37	e2652594	TJM/mod.drive-in_japskidise
20421c807d52f076d513f79552786b89	1	156936	player	uade	Protracker	0	77688	b727d7be	b70952fd	Patrick_Phelan/l3_cd3_lotus3.mod
2078fcac7cabe651dfd115f6faf10832	1	61568	player	uade	Protracker	0	9456	87bfe30a	d0b468c7	Heatbeat/mod.matkamies
209c5fc9d6001ce417dd62799c0a91b7	1	214464	player+silence	ft2play	FastTracker v2.00	24	548161	31c4cf3a	f5bf56aa	Laxity/red_on_the_road.xm
20c38126375b8d8daf8cb2f668317d0b	1	144015	player	uade	Protracker	0	118440	b57e39b5	19bcde74	Pattis/mod.blue_weenie
21dc0721b0a2c90d50a0daf5aecf1b94	1	171144	player	ft2play	FastTracker v2.00	22	518405	64c99b7d	f6f5542a	Laxity/ambitech.xm
21eeea396c42e8337552bd733765786e	1	330450	player	st3play	Scream Tracker 3.2x (GUS)	15	469848	ded62575	c54f547d	Necros/isotoxin.s3m
220145fc4d68c81eb4bd84c463d578d1	1	129085	player	st3play	Scream Tracker 3.00 (GUS)	8	291073	19e18e2f	f6e801f7	Dime_and_Groo/chainreaction.s3m
2397230342ee14e7f2a168cad1bc8d35	1	199294	player+volume	uade	Protracker compatible	0	470100	671c26f1	2924b790	Yolk_and_Legend/mod.temple_of_sun_remix
243827f36e26cdd8d1f59e8c1e80bc6d	1	165235	player	uade	Protracker compatible	0	135616	38ad7ab1	243dafa7	Jellybean/mod.firepower
2489afa6251ac4dd5a16ecc0745bff79	1	230037	player	ft2play	FastTracker v2.00	32	609616	7c0cfec3	b3603d8b	Laxity/static_ii.xm
24c72b145a05a36233422442400788bd	1	181294	player+silence	uade	Protracker	0	183492	ab5c09b8	1d96d1f3	Nightshade/mod.doyatrustme
2623ab3d69a1b05f68a51544af4bf168	1	161397	player	uade	Protracker compatible	0	66074	b6a60a25	a9310f12	Dr_Awesome/mod.la_by_night
26653b6b45e08bf6e217f0bec9693b93	1	68702	player	uade	Protracker compatible	0	22874	92ea4b35	0ba812ed	Nao/mod.gabbr_astro
267f64c861ee33e5ba1043517e2fd10b	1	198993	player	uade	Protracker	0	150744	7bdf4a39	7034ea80	Echo/mod.jesus_on_es_10
2900b594da50ddf8fb911cfc1d228763	1	301567	player+volume	st3play	Scream Tracker 3.2x (GUS)	11	63856	795ec5d7	7b8e532b	Distance/for_zd3n.s3m
2929038be65e90858427ef975db4f45e	1	302691	player	ft2play	FastTracker v2.00	26	729035	51fc6f09	35505bdc	Elwood/unknown_phuture.xm
2a0102597fa36650471bf2a3ff845d6b	1	31045	player	st3play	Scream Tracker 3.2x (GUS)	16	6422	8b3eb782	cf5fbdb4	Distance/e-mies.s3m
2a21b4be5fb7ffcff5f96c123d5e94b4	1	82406	player	uade	Protracker	0	156028	5c020f69	f947ecc5	Echo/mod.jesus_on_es_11
2a9823e91771d8709b1eb2623f9892a1	1	92112	player	st3play	Scream Tracker 3.01 (GUS)	6	46798	305b3cae	476d2f8f	Edge/space_camel.s3m
2ac18bb4a274a34c54e3b7e69044f0d5	1	257683	player+silence	ft2play	FastTracker v2.00	18	775799	45cbc0e5	17ef4729	Rage/yellow_movement.xm
2ba9286a4d9ad5d080567ed50b7f7db6	1	178518	player+silence	ft2play	FastTracker v2.00	22	620874	143393f4	8b778a77	Elwood/fall_from_sky.xm
2c3ca05210fc66c3c7f786b85a3e5136	1	237741	player+silence	ft2play	FastTracker v2.00	20	1408977	ed1cdbd2	3c584669	Radix/i_realize.xm
2cc7984bf29c06457fde9e604dfef8f5	1	211694	player+silence	uade	Protracker	0	830512	cb3be727	aafed3c1	Manwe/mod.to_a_far_away_friend
2cdd7978b5929c26b527ae12930af410	1	149999	player+silence	st3play	Scream Tracker 3.2x (GUS)	16	240886	69315a2b	13e5eb01	Dune/southern_pacific.s3m
2d3750adf5486e8af6cfd16c9f12d06c	1	20429	player	ft2play	FastTracker v2.00	8	43644	35e678ec	bf7cf7ff	Laxity/g_o_y_n.xm
2dc533f43ecb0399e52e7b82abd7b8cd	1	96671	player+silence	it2play	Impulse Tracker 2.14+	4	7660	04630cf9	b03c9144	Croaker/hypnoman2.s3m
2dcce40cc69d16f8a0121fe4f394fd26	1	301006	player+volume	ft2play	FastTracker v2.00	24	803601	aedb56d7	d6a30b11	Elwood/one_fine_day.xm
2e9632f09929a1cb5184f91a6f5b1bdf	1	249691	player	uade	Protracker	0	300786	5e52374a	b4ddb68c	DeLorean/mod.soulfree
2ea250e95375c8e086a0e80d6613bd92	1	233093	player	uade	Protracker compatible	0	72304	b646c947	7d5cc89f	Reyn_Ouwehand/mod.lastninja3-2
2ff3f80ac600de86f06ce7165b90e478	1	322490	player+silence	uade	Protracker compatible	0	315418	d3a4e6d4	17b8d59d	Lizardking/mod.trans_atlantic
30a83ecca4324d778d0276eaf29e0704	1	68501	player	uade	Protracker	0	364396	bdad2782	4048927f	Jazz/mod.mykingdom2
30ac20c3405dca26c776ba7adff92067	1	241533	player	st3play	Scream Tracker 3.01 (GUS)	8	157584	12529665	5b5ce68d	Purple_Motion/insideout.s3m
3136484a39fa6cc2b8de8c225e3e3f31	1	347843	player+silence	st3play	Scream Tracker 3.2x (SB)	13	431376	9a3558e2	cd753e76	BeaT/celestial_fantasia.s3m
31a47c2c5181d7f97012cd01b2a71a21	1	210366	player	uade	Soundtracker II (31 instr.)	0	123734	1d79861d	fb281d6f	Stefan_Winterstein/mod.AceOnASpring
32112d1a62503401f1e73d7c84cf6ed9	1	131640	player+silence	st3play	Scream Tracker 3.01 (SB)	7	31892	e631c12e	063d2106	Purple_Motion/kermavaahto.s3m
32a04ee5c0019be02085ec49dbd20009	1	280103	player+silence	uade	Protracker	0	199118	ec3a78aa	335aba4c	Jester/mod.cyberride
330c3688c614956ba7b0d83ce5d8f74f	1	310757	player	ft2play	Fasttracker	8	459284	0dbc7f1a	1253209d	Necros/mod.vision
333f127358ed52622938f331999761e5	1	202871	player	st3play	Scream Tracker 3.2x (GUS)	14	23008	288e0f87	a0c7e0f2	Distance/mini4.s3m
345fac0a5e4380db5b5220519d3c4579	1	453246	player	uade	Protracker compatible	0	143136	74e3e6ff	68c554ae	Uncle_Tom/mod.madness_took_me
346d5f1d32f44c915f8fa9ff618d22aa	1	145682	player	ft2play	FastTracker v2.00	16	692677	13bab6bd	481289ad	Kaiowa/underworld.xm
34d14fa1cc696be0fee747eb3186282a	1	238545	player+silence	uade	Protracker compatible	0	252806	7ed52c87	c5f42142	Med/mod.funkamodchip
352a9b88fd84130b8c7d434568fe5df1	1	135776	player	uade	Protracker	0	108656	48ebcc0a	24351698	Dizzy/mod.camomile
35f60e4ff8098aaf26e8b1b553a904e8	1	184984	player	ft2play	Fasttracker	8	104448	1c109a4a	c3ee0761	Dune/mod.searobot
377aa9370e9031edeb1e4b20c320ead3	1	22985	player	ft2play	FastTracker v2.00	2	1943	339c4f6c	110beb01	Laxity/sine_song_no_2.xm
378221082c71018cc778ac317e83d80b	1	170161	player+silence	ft2play	FastTracker v2.00	24	424649	4ac337a7	317ecd0c	Rage/dont_give_up.xm
3789b5df444d9fa7b4a84933dbfb0b62	1	175083	player+silence	ft2play	FastTracker v2.00	22	729359	4169f016	97d8bebe	Rage/guild_of_sounds.xm
37996a8c9d65909ad9f7da8925b07285	1	163430	player+silence	ft2play	FastTracker v2.00	16	531373	330f9578	5bd3b745	Rage/under_pressure.xm
37aaad505393a8ec78d070d47cf84f3e	1	106700	player	uade	Protracker	0	23734	bd1522b3	73828a8f	Strobo/mod.kana
37dbd739ada6fec4f99b0a6f7ca591ae	1	116687	player	uade	Protracker	0	141438	86691892	14898c56	Echo/mod.jesus_on_es_09
37dd08f6c904d0d4a356614510f2533f	1	279586	player+silence	st3play	Scream Tracker 3.00 (SB)	9	299411	193e7379	9877f6f3	Purple_Motion/starshine.s3m
38410838f51eb909d17e3a03ab6aaad4	1	96693	player	uade	Protracker	0	55586	e0bbb04a	35c108f4	Zyx/mod.hypnautic-ii
3997f1ed7e6846a8c00790771a0c8489	1	179207	player+silence	uade	Protracker	0	315546	27b8bacc	8b934758	Lizardking/mod.compulsion_to_obey
3abbee77abbb921ed46d558ad5f81a37	1	41072	player	uade	Protracker	0	3368	71abb3cd	96993c31	Pattis/mod.beepmachine
3b1472fb81a8bc7895bba78c818a39df	1	194693	player	uade	Protracker	0	82110	7c93a1fd	5647424c	Zapper/mod.riffraff
3b1dce62ddf582c68c6499e695956994	1	278955	player+silence	ft2play	FastTracker v2.00	24	429806	7659bc56	52f4c10e	Laxity/rocket_life.xm
3b9517147d79eecfd9886b57eb45dd5d	1	378971	player+silence	st3play	Scream Tracker 3.2x (GUS)	16	546340	089f71b7	dadf69e5	Groo/oolah.s3m
3bddf5abbf7669adb9105c23ca1c1e90	1	245411	player	it2play	Impulse Tracker 2.12	8	177094	9d935cc7	43ba5470	Skaven/data_jack.s3m
3bddf5abbf7669adb9105c23ca1c1e90	2	3596	player
3bddf5abbf7669adb9105c23ca1c1e90	3	7213	player
3bddf5abbf7669adb9105c23ca1c1e90	4	28855	player
3d83d8ba5be8605fd9d30e9dd0513fe0	1	152915	player+silence	st3play	Scream Tracker 3.2x (GUS)	4	293536	31a19582	e2d2e92f	Distance/uda_talks_to_me.s3m
3dca6c2a6276f0f3a47d57a9f560e77a	1	181864	player	ft2play	FastTracker v2.00	28	507847	0c401db6	243d818d	Laxity/private_prisoner.xm
3e580037127cb7e5f836e543a420712e	1	239256	player+silence	st3play	Scream Tracker 3.2x (GUS)	15	117932	543da1a7	6c0ef098	Dune/nang.s3m
3ed82197460da000cff84581d38d6d8d	1	189141	player+silence	ft2play	FastTracker v2.00	24	861814	d67863af	c393e700	Rage/orbiting.xm
3fc9605be9dd91c0021626492ad707b1	1	407290	player	uade	Protracker	0	193820	c9b8acc3	0d150056	U4ia/mod.take_a_trip_from_me
3ffbff18ca7c7dabde9d2ac2f26615a4	1	76659	player	st3play	Scream Tracker 3.2x (GUS)	12	22454	b1ae2f13	d14abd89	Distance/tanks.s3m
4094983ec01373e0baaf50c7d3548229	1	247802	player	uade	Protracker	0	40672	fb710010	856a2e1e	Mike_Clarke/mod.lastninja2-1
4150c6b16e1cb5b811b67cad07bc57fb	1	269410	player+silence	uade	Protracker	0	151698	e28133d1	1322b710	Jogeir_Liljedahl/mod.overture
41c16bfe50ab653f9bf514202cf98fd4	1	229697	player+silence	ft2play	Fasttracker	8	526818	7ba65b52	61f1833c	Dune/mod.baska
42166bf3333653f14c1876eab6a44396	1	379283	player+silence	st3play	Scream Tracker 3.2x (GUS)	16	745436	9025c487	2992615a	Necros/mechanism_eight.s3m
42166bf3333653f14c1876eab6a44396	2	28694	player
4270cb0e258259aa720d0e6f350e4c97	1	307321	player	uade	Protracker	0	181936	085e7221	114053d2	Stephane_Picq/mod.kgb_exxolove
42c5382b3c8704561836612c0a9d8090	1	207536	player+volume	uade	Protracker	0	606986	4a074392	b3053cc7	Skope/mod.aprilinparis
43745884f70828f9fd43b577cd451882	1	130693	player	uade	Noisetracker 1.x	0	153724	f458a4e4	ed9dfad1	Bruno/mod.uralvolgafine
437efc7f1acbaf67102b2753e1aafa62	1	313804	player+volume	st3play	Scream Tracker 3.2x (GUS)	16	443136	8c379b98	85e93346	Necros/point_of_departure.s3m
43af01c8a9b71f4d07387cf81db06803	1	116642	player+silence	uade	Protracker compatible	0	253766	b63caf2a	572bfaf0	Dr_Awesome/mod.basketball
44252d964a6214b4e41b6862d6f02201	1	261245	player	uade	Noisetracker 1.x	0	69348	cffc4da8	7560ba5d	Karsten_Obarski/mod.amegas
44c81e432dcf5d8acfe779e3b3af97e1	1	193506	player+silence	ft2play	FastTracker v2.00	14	467138	f2c2ba4c	8f8a4c5a	Laxity/pop_thing_no._1.xm
4503447269a47f6d683a8285a7b29a36	1	241492	player	uade	Protracker	0	1029706	303325b8	095d24e3	Manwe/mod.song_of_peace
45b0b1f510482f762f4086508605218c	1	142187	player	uade	Protracker compatible	0	42856	0df029a7	c963b726	Xyce/mod.ruine
45be4a7e0eda70b9c690c8a3b066ea65	1	161397	player	uade	Soundtracker II (31 instr.)	0	44416	45295a4c	48063bbf	Banana/mod.echoing
46dcf2a6aeab90121a68331268c576e6	1	211331	player	uade	Protracker	0	747518	cb1d9405	a7055313	Qwan/mod.gbg2
473d2ef03601dea4ceb5a478635c8bc8	1	176357	player	ft2play	Fasttracker	8	260982	e1a20e5e	c5e11a6e	The_REW/mod.the_birds_garden
47a465d902538e2e8eb13f01acefaf46	1	98912	player	ft2play	FastTracker v2.00	16	309803	6c86a551	6d01300e	Teque/ctrl-alt-terminate.xm
47f508b0f95c1d801b5e545469fee276	1	320572	player+silence	st3play	Scream Tracker 3.03 (GUS)	13	846302	152e567e	3b865b9e	Purple_Motion/when_the_heavens_fall.s3m
47f508b0f95c1d801b5e545469fee276	2	36893	player
47f508b0f95c1d801b5e545469fee276	3	22143	player
47f508b0f95c1d801b5e545469fee276	4	22204	player
497d45bfd5c7136141b351bad0e037f9	1	146366	player	uade	Protracker	0	166768	67a6b86b	0c73f84d	Lizardking/mod.doskpop
4993611aca1474535d6396e01f86cca8	1	107323	player	st3play	Scream Tracker 3.00 (GUS)	8	39778	1cf646d7	94dae863	Purple_Motion/satellite_one.s3m
49d08c5b8a8a9ed698e8774a88638507	1	169093	player	uade	Protracker	0	83302	efb1a4fd	c360ad6f	Barry_Leitch/mod.lotus2_bootup
4a518fc8e89708871488810f73747b4f	1	122421	player+volume	ft2play	Fasttracker	8	52180	00b65acc	66f454cf	Dune/mod.air
4a70e3e6b06c11850d83ad7c2988ab90	1	163969	player	uade	Protracker compatible	0	27598	4e69abf0	eef09987	4Mat/mod.lff
4b009f91401eedda16b83bb23d8e45f5	1	76659	player	st3play	Scream Tracker 3.2x (SB)	4	2216	cfb5d5fe	4395488e	Distance/so_happy.s3m
4b9cee450140e92cd95f26eee4b5eab7	1	246629	player+silence	ft2play	FastTracker v2.00	22	706895	b67759e0	b8d52319	Elwood/feats_of_valor.xm
4c25cd8f1cf1ec60a3369360943c35e1	1	186876	player	uade	Protracker	0	141322	8d2d2fc3	d38deafa	Moby/mod.livin_insanity
4c6c44e6e928755824daa88a9804b0cf	1	368148	player+volume	ft2play	FastTracker v2.00	30	736906	b1465109	d98e954c	Laxity/the_broken_carousel.xm
4ce0595a3f94189cdea9951db354fe94	1	233555	player	uade	Protracker	0	201008	f1f42545	92a34eb8	Groo/mod.towards_immortality
4cfc12b815d1e98776b2c5801bd5c214	1	163683	player	ft2play	FastTracker v2.00	14	271310	376ad836	96499780	Laxity/groovy.xm
4d56d701c0e367b5d116111b59a46455	1	183382	player+silence	ft2play	FastTracker v2.00	26	996570	8903a48f	6728b6cd	Elwood/experience.xm
4e7887bcd4495e8ad2147a17057fb94e	1	140253	player	ft2play	FastTracker v2.00	10	51355	c4ee46b4	6a3ad06e	Quazar/funky_stars.xm
503da79541ab64dae15177d5a480b610	1	107323	player	st3play	Scream Tracker 3.2x (GUS)	8	27924	ff85fb76	2c27b658	Prism/porno.s3m
50de4118b9eb1bd5df531f5077b11314	1	173578	player+silence	ft2play	FastTracker v2.00	18	938377	0f9f936e	d59079b4	Lizardking/world_of_unicorns.xm
50fae15c25aa0fa62ed12e91de0d078d	1	175554	player	ft2play	FastTracker v2.00	24	700313	bc867670	9c78b47b	Elwood/sweet_dreams.xm
51805ce4f2b48522dfc80c0ac867ce26	1	237949	player+silence	uade	Protracker	0	724134	27fdc6df	f0232a10	Yolk_and_Legend/mod.psilocybin
52682d79f8a93ac9630037d40b27a678	1	112924	player+silence	st3play	Scream Tracker 3.2x (GUS)	9	401291	d4ca13ff	29e647fb	Viinikala/sinewaves.s3m
5268870c91802079b9f04310302b9d15	1	190714	player	it2play	Impulse Tracker 2.12	12	200811	bbde2c1a	ecfb0bf6	Skaven/he_has_no_face.s3m
5268870c91802079b9f04310302b9d15	2	17903	player
534a07a74585a1e07293f002c63dce33	1	143352	player	it2play	Impulse Tracker 2.12	5	251086	ae3fbdb9	dd326af2	Skaven/id.s3m
534a07a74585a1e07293f002c63dce33	2	4600	player+volume
53b3b475a83325032c9a3088db662d0e	1	125589	player	uade	Protracker	0	826852	56339199	e1e093a0	Dizzy/mod.tuulenvire
542c2745a5e6e268cfb05a0e76f1150a	1	328305	player+silence	uade	Noisetracker 1.x	0	113884	81b6b278	38fae16a	Jugi/mod.astrogate_jugi
54c0131f042d547b06c9224d1197d671	1	242488	player+volume	ft2play	FastTracker v2.00	24	932347	2d9296c7	6ac433e4	Kaiowa_and_Snoopy/human_evolution.xm
5546040f232c41dd20cd09a4611492b7	1	249731	player	uade	Protracker compatible	0	50052	c76275a1	44a6b9a0	TUSC/mod.crying_spy
55b4f7143a29f958d0153e3b2ffa6666	1	148239	player	ft2play	FastTracker v2.00	18	205605	9ba16caa	456077aa	Laxity/part_of_me.xm
55bb8d301288f7951245c7a04bcc9ed1	1	130115	player+volume	ft2play	FastTracker v2.00	22	538762	f8632f9a	bf3fe08d	Laxity/prince_of_voice.xm
56136bf5f56504f8f22cd7fbce5794b6	1	122675	player	st3play	Scream Tracker 3.10 (GUS)	5	17554	63c74a42	2e5e5d51	Edge/armani_showers.s3m
56ecb7d375f56f035bfa252c99c7cb3f	1	213919	player+volume	uade	Protracker	0	974946	2c80e8a3	c4f32c09	Manwe/mod.this_bamboo_is_longer
570533bda514f0dbbe7a29f138a3dbab	1	118676	player	uade	Protracker	0	60524	512a18a3	6b3b0466	TJM/mod.koomasukka
57916e7c7f13365ebddb45a5c228be40	1	140157	player	st3play	Scream Tracker 3.00 (GUS)	2	54194	7025fee6	9f9b93eb	Purple_Motion/minimum_velocity.s3m
57af0cfca6a8fc8bef315c15858cea1a	1	132762	player	uade	Protracker	0	379170	b4e098d1	d618742e	Supernao/mod.smoke
57f89abca90a3c840339303a7ae3a387	1	605132	player+silence	ft2play	FastTracker v2.00	16	1612715	20dd607e	7f6bfdc3	Purple_Motion_and_Teque/final_reality.xm
583250bfa95fff1079244457a100ca82	1	183159	player	uade	Protracker compatible	0	41260	1f4ade49	c16fc230	Xyce/mod.grecque
58881836de3e16b467608761d09d71cd	1	384122	player	uade	Protracker	0	264890	27edc148	b27a723d	Vesuri/mod.kysymys
59717ff0f83170a045ddcf2259f7a649	1	180506	player	uade	Protracker	0	407396	2cd787ee	a8d5f0fc	Legend/mod.temple_of_sun
5b4bf3125e53df0d05089f0d4116a72b	1	238197	player	uade	Protracker	0	582156	6c317aac	3b0357d9	Vesuri/mod.contraception
5b4d7b9d724d6e341c3503822bcf76a4	1	327598	player+silence	uade	Protracker	0	572724	b2f3df60	363cb2d9	Hoffman/mod.eon
5b70fc53716f28511822de44cfb861c6	1	207987	player+silence	uade	Protracker	0	299474	35cb5ffb	a0aaebf0	TJM/mod.radion-tappo-videot
5bc5af10460a8e505a22a711dacc6432	1	224808	player	ft2play	FastTracker v2.00	32	935127	59b3056d	c34768e5	Hunz/you_go_ahead.xm
5bebeb06dd7ccd2aabaf78d35021031c	1	155047	player	uade	Protracker	0	225620	be1ea576	dc4dbb98	Aegis_and_Legend/mod.multicolour
5d1abe5986ad4882ff7a2b4158122c76	1	255551	player+silence	ft2play	FastTracker v2.00	20	698048	f7966428	a080d344	Rage/space_and_time.xm
5d7a648a6db178382df7c711502296da	1	417151	player	ft2play	FastTracker v2.00	18	972366	0724aaf5	98054608	Nitro/machines_of_madness.xm
5f7afae4d4ce9c6b7c8793bb555c538a	1	158041	player	uade	Protracker compatible	0	128604	0fe4ac27	9f784dac	Dr_Awesome/mod.lisbon
5f8fa6f3ac9d9e01d4ef57118d23a7e4	1	167451	player+silence	ft2play	FastTracker v2.00	18	447984	1fcfd8ce	4a993dd7	Muffler/drop_pop.xm
60bb80349386e28669b7851c65b135af	1	182303	player+silence	ft2play	FastTracker v2.00	16	994965	6ad92e7e	ca75f41b	Muffler/kaikal_pop.xm
617c5d016d855d30d3239fa0a6edb31e	1	107645	player	uade	Protracker	0	18114	8fbc1cb9	d6509e41	4Mat/mod.starworx
61d5b8b091da2b79da3048bf302f4145	1	30824	player	uade	Protracker	0	30338	f90aac36	4cf576c1	Lizardking/mod.flying_world
61fb779a693422f551e96e3568c8e853	1	253355	player+volume	ft2play	FastTracker v2.00	28	692356	d6aec78c	4ca7dee5	Laxity/mixed_frases.xm
620b61d989456c0ceea2045d496c5dcd	1	119329	player+silence	uade	Protracker	0	444060	40909e79	effe0819	Manwe/mod.sinsonido_bass_etude
625ff03875e4e7e556d97ab92cf01473	1	83303	player+volume	uade	Protracker	0	82546	5ea3f1dd	0ebeadf7	Audiomonster/mod.flashback_options_2
63667380b18b05a67ec5d2fc5d774ccb	1	102983	player	uade	Protracker	0	170412	98749cdd	718108bd	Echo/mod.jesus_on_es_05
6396969ee6b3ca827e008ee8ff829d85	1	274323	player+silence	ft2play	FastTracker v2.00	24	802116	814f0200	3c97e6a2	Elwood/sick_on_monday.xm
63a99862b27877814123255ec0802599	1	135527	player+silence	uade	Protracker	0	514428	218e3865	5312d900	Rage/mod.shred_with_me
648f3f1b0e85f1a7696da1faad9e4c3b	1	412555	player	it2play	Impulse Tracker 2.12	8	159330	2321798b	e047454f	Skaven/network.s3m
649eb041b266a6bd69c00731239e2168	1	31447	player	uade	Protracker compatible	0	10464	f7cc9ca0	fb4b35a2	Groo/mod.suomalainen_jylhyys
64b95e3989a752f8e852f225e6224b19	1	208697	player+silence	uade	Protracker compatible	0	101376	84ee01a9	e7fa1f01	Dr_Awesome/mod.niagara
65a6b7d582a4890aa92b8fcdd7fdca3c	1	44830	player	st3play	Scream Tracker 3.2x (GUS)	14	197656	8b1f42ab	ceb43adf	Distance/saavi2.s3m
6662db7ff9256fdac5925ec37ecabb88	1	156713	player+silence	uade	Protracker compatible	0	50312	c57afaf9	86262c93	Reyn_Ouwehand/mod.lastninja3-hiscore
6743e0de85198fb0baa4d56f21ea5b3b	1	176769	player	uade	Protracker	0	80000	c0b325d8	07c08c86	IQ/mod.starbase_commander
68991721a50cf0e025e80819afb2d686	1	333404	player	uade	Protracker	0	40688	5bf29620	26412ca6	Mike_Clarke/mod.lastninja2-6
6911747da890e679756bddb39fc0f3ec	1	248887	player	uade	Protracker compatible	0	62434	9adc78a8	94ca9731	Reyn_Ouwehand/mod.lastninja3-5
6968d42ddead02efaaa34533082da3e7	1	594830	player+silence	st3play	Scream Tracker 3.2x (GUS)	16	157374	69cfc547	24e289bf	Distance/murti2.s3m
6c31ddf7449afd0b4f9b2e8b43f55441	1	239985	player	uade	Protracker compatible	0	148960	da3b8f60	beebd3aa	NHP/mod.stolen_data
6c88519ba89806da01b068539aee913e	1	153721	player	uade	Protracker compatible	0	145978	cfc935ec	9cd15d42	Luxor/mod.cousinssong
6cc690b56177c4176fe6a1c87da2d16f	1	115321	player	uade	Protracker compatible	0	16782	9769db9d	95bd30f6	Bass/mod.its_ram_hot
6cc82948ac141917cc4eddd36f6d46ba	1	80417	player	st3play	Scream Tracker 3.2x (GUS)	13	95170	1f3a50a9	26b28865	Salomon/asteroid_einstein.s3m
6d213c5bae090681d131473fcdf3632a	1	178417	player	uade	Protracker compatible	0	23942	5502eb91	5acfbb10	Nao/mod.gabbercut
6d3476d4ed48f7d3ef43747f8373f362	1	186884	player+silence	ft2play	FastTracker v2.00	6	1009022	bc7ad064	01e44222	Yolk_and_Legend/hyperventilation.xm
6db17d27ef25a01174551590ca24cb1d	1	89753	player+volume	ft2play	FastTracker v2.00	8	29421	1d7cd265	09ff38b6	Radix/peachykeen.xm
6edd72be606ca5293aa73f4e30270075	1	23168	player	uade	Protracker compatible	0	10096	6b164bf4	fd22216f	Deadbeat/mod.pukkis
6f5d27b15fac354368d3bc8b0f15d255	1	118194	player	uade	Protracker	0	162448	02b7e2b6	73f43605	Echo/mod.jesus_on_es_13
6fa026c02dfb082c7cfe5415c5575b5f	1	157775	player+volume	ft2play	FastTracker v2.00	12	368691	b8297cb5	dc0768de	Radix/donovans_moonbike.xm
6fde9aa711790849f0d9ef8bd44112ad	1	384322	player	uade	Protracker compatible	0	119198	9ce6cb90	b5e64ff7	Fleshbrain/mod.polarchase
7022f83ff4c60420d81888f354850f92	1	146045	player	uade	Noisetracker 1.x	0	55862	120f02a1	146cce43	Starbuck/mod.tennis
70830082c352d8880578632a76b2244d	1	82044	player	uade	Protracker	0	12497	57b95ef9	4a9f54a6	Groo/mod.groochip
709f727bdef91068d41e52fc20c4e594	1	237032	player+silence	st3play	Scream Tracker 3.2x (GUS)	11	244510	76b939c6	24c95290	Dune/control_e.s3m
71a329a8faa109224cd423d5ecfabe4d	1	267839	player	ft2play	FastTracker v2.00	18	970472	cad6bc56	1dffc262	Laxity/edge_of_the_world.xm
726d156aa7dff9fd41958d2ebc9917d7	1	222001	player	uade	Protracker	0	244044	b3bd3eb2	f75f72f3	Groo/mod.electrification
7309c632ec7dfe045502b8a716b6e97a	1	115248	player	ft2play	FastTracker v2.00	16	14622	5a60804a	da1d5dd8	Jeroen_Tel/stranglehold.xm
734191ae9d6d7f0c95e8f09b0a65f0bb	1	249490	player	uade	Protracker	0	212870	67d5c499	b8803f99	Romeo_Knight/mod.7rsi_rise_up
734e14ed83ff8b2190b1d1d41b039b68	1	222845	player	uade	Protracker	0	130006	47597cd8	b8525a47	Jester/mod.elysium
742afc81578ddb1fc3ec5f8eb9f11d52	1	170057	player	uade	Protracker compatible	0	260064	4a3a5dd8	f3f3761c	Lizardking/mod.desert_dawn
7474d640dfdd233a3bf6a2aac71e1df2	1	545679	player	st3play	Scream Tracker 3.03 (GUS)	15	814205	a8e201ad	5ef652b3	Dune/blue.s3m
74cc2d4a67cf9ffb842cc8c42d9ffd55	1	198439	player+silence	uade	Protracker	0	224342	05920ba8	8d9cbab5	Moby/mod.elekfunk
75adc785cd047538bea484349c9d1493	1	272201	player	ft2play	FastTracker v2.00	22	482148	931528d5	980432d5	Elwood/into_the_shadow.xm
763fe67f773bfe8c3419a7160e2d2c01	1	177578	player+silence	ft2play	FastTracker v2.00	12	432562	9af1c854	ba3029a4	Rage/logic.xm
76eb6b9605cfed39da314308a3b6c78a	1	219932	player+silence	ft2play	FastTracker v2.00	28	842948	fb663557	ea6af8c3	Stanley/farewell_reality.xm
76ee5b047656199c69e7bc159944864f	1	300491	player+silence	ft2play	FastTracker v2.00	32	964359	0487d407	d486eaf6	Mellow_D/te-2rx.xm
76ff86142b99b094a5209bb2c3054a97	1	474824	player+silence	ft2play	FastTracker v2.00	32	2409920	c3263d35	ae617650	Falcon/sofa_surfin.xm
774c4cf53e670141df92778500a12774	1	313104	player+silence	ft2play	FastTracker v2.00	22	547111	e2d2cc82	cd000c82	Elwood/neutral_zone.xm
77b43bb9f13230c4d4afee34180344b2	1	320565	player+silence	ft2play	FastTracker v2.00	8	23728	f6388a70	c2faa598	Laxity/floating_point.xm
7864d163734c7e1c68a28c9f515709b9	1	252206	player+silence	st3play	Scream Tracker 3.00 (SB)	16	593106	d08f2368	eb751a1d	Purple_Motion/panic.s3m
789739f0ff12c2df10dbf4cf6af49d0b	1	96130	player	uade	Protracker	0	142834	82ac9ea0	2ad3e5ea	Echo/mod.jesus_on_es_01
78d14a560d9eac8c33c19665b64dbd81	1	125227	player	st3play	Scream Tracker 3.00 (GUS)	8	64784	e0e95934	7b1ec5a2	Purple_Motion/world_of_plastic.s3m
78df15b9d144d50daf1877096945d2d8	1	262112	player	ft2play	FastTracker v2.00	18	999999	1adf17bf	9aa6efe5	Kaiowa/aliensex.xm
78e562caa37412b128b9cd30184ab64c	1	184023	player	st3play	Scream Tracker 3.00 (SB)	16	154924	734e6a8e	82b125a4	Purple_Motion/pinball.s3m
78e562caa37412b128b9cd30184ab64c	2	45392	player
7999b436541171dfaedb5776c8e2a0a0	1	127607	player+silence	st3play	Scream Tracker 3.2x (GUS)	8	41764	fc36c380	bc88c771	Distance/silly2.s3m
7a332251b36ea733537f2901592e25a2	1	182502	player+silence	ft2play	FastTracker v2.00	22	1057185	7318b01d	5ca5c973	Carebear/rocketspeed_risin.xm
7b298bd57a296a2be647ebab5db11ce3	1	30824	player	uade	Protracker	0	84810	54289924	ab9e12a2	Dizzy/mod.lompakko
7b4a9b9785dccbb4cc8b40ce138bf2f6	1	15472	player	uade	Protracker	0	7424	7a4f8f97	0339ba2f	Groo/mod.kukko
7c8fc43feabca81b7b30a1cedd84ca95	1	30643	player	st3play	Scream Tracker 3.2x (GUS)	7	14544	85b09eac	da78ef6a	Distance/klise.s3m
7d3e55d5c8f82b3d0f0c7d0539a20091	1	35908	player	uade	Protracker	0	296922	ee8839be	f2ba6742	TJM/mod.maentsalae
7daba1193c15e4d09554ddbf18749387	1	207534	player	ft2play	FastTracker v2.00	24	972805	f5841871	5d969c0b	Carebear/aqualogy.xm
7e499a960ea9563b2057066040998322	1	119563	player+silence	it2play	Impulse Tracker 2.12	8	237089	117acec9	f810e141	Skaven/ice_frontier.s3m
7e9e28b06bc2ae1ab8eb57c6310df019	1	132923	player	uade	Protracker	0	334308	d703fbe6	f29fe03f	Groo/mod.oolah
7ec076182031698b2e468ca9a731a7da	1	207493	player	uade	Noisetracker 1.x	0	99280	96497382	901e59d3	Bit_Arts/mod.ba1
7f1fd23ca0607d9e2ea8e27c11765d40	1	178891	player+silence	ft2play	FastTracker v2.00	22	858566	c9ccda8c	8504d67c	Rage/over_the_mountains.xm
7f2266d62fffce08d15b4b5d8d37d3e2	1	117029	player	uade	Protracker	0	155740	0041637e	70717883	Dreamer/mod.black_queen
7f4ebfea81d67572eb4f55fb478a9725	1	179211	player+silence	uade	Protracker	0	339236	f326bedb	5ffd0014	Misty_and_Daeron/mod.iridium
7f614959089599a7e564cb59a0dc1e05	1	23168	player	uade	Protracker	0	5592	3e2f3a25	ca4b4b64	Heatbeat/mod.osakemies
800292ce411c1baf6b78075cbe2f9d3b	1	123439	player	ft2play	FastTracker v2.00	8	19414	6887e401	854739c3	Dune/asia_mist_garden.xm
8143f87018e8a8591dd976ee1ad5a548	1	188544	player	uade	Protracker	0	421178	ae8dc262	2fe47a89	Manwe/mod.from_long_distance
81961c989e8a3a322146d4091ee7651d	1	245392	player+silence	uade	Protracker	0	951780	43b04bf9	a1dced57	Muffler/mod.aphrodisiae
824c0fb2c4f3206b1aaf04cb7095b4b0	1	227306	player	uade	Protracker	0	280086	30367822	633636cc	Stargazer/mod.rubicon
825bed1e9f2bbd92209e6c051598ce73	1	174626	player+silence	st3play	Scream Tracker 3.2x (GUS)	4	21032	1de8b154	a7df41d5	Distance/inrto.s3m
828f2406593c03f8c6bc4da07da13c59	1	178712	player+silence	uade	Protracker	0	484480	3f53701c	a25f7f91	Groo/mod.pophuora
82a17109f5942b8a9a1d3cba63ecedb9	1	207169	player+silence	uade	Protracker	0	221204	982cea5f	ed05f875	Travolta/mod.condom_corruption
830afd83a66db263e15d412f9bdae62d	0	259530	player+silence	libopenmpt	Scream Tracker 3.20 - 3.21 (GUS)	25	719904	90ead228	5d35d624	Purple_Motion/astraying_voyages.s3m
830afd83a66db263e15d412f9bdae62d	1	95968	player
83219ddc72d2a2795824c22f9b8c9ada	1	186755	player	ft2play	Fasttracker	8	276432	761f493d	d9a2bbb7	Necros/mod.santurian_dreaming
83550f625a373684f09413701a46f39c	1	201850	player+silence	ft2play	FastTracker v2.00	32	766760	738f9e4c	ddad5eed	Laxity/a_question_of_luck.xm
8397493afc1699f7190dc3ed36c1ee8c	1	223272	player+silence	uade	Protracker	0	197754	07cec80b	b5c9cbe8	Vesuri/mod.traktor
844a34682ba3f7794c92e5366022ed0b	1	354871	player+silence	uade	Protracker	0	834958	504d4e02	bb573cf1	Azazel/mod.goa
84d09a89de4998aad278ef8dbb9be982	1	252464	player+silence	ft2play	FastTracker v2.00	24	505489	867709a1	c23b77e4	Elwood/dead_lock.xm
84d91b13b83fe9447131dfc0e8e7f463	1	314599	player+silence	uade	Protracker	0	364414	e9f3cbb9	dff54279	Vesuri/mod.major_release
84dde6a6760aa45f599d9296b90674e9	1	237705	player	ft2play	FastTracker v2.00	24	636335	049e768f	d049f041	Laxity/bells_in_shells.xm
85003124bc0a62229fcf330d766f554b	1	188343	player	uade	Protracker	0	616030	ca85c7b9	d3ddb230	Deelite/mod.whaler
85064674dde9837a3ab16f5f81398621	1	304152	player+silence	st3play	Scream Tracker 3.2x (GUS)	15	816204	0c811258	e6356198	Dune/blak_scpek.s3m
85781c6f0ffff8e2ff1357a7a256f51a	1	223343	player+silence	uade	Protracker	0	30578	e2715f12	31a13488	Mike_Clarke/mod.lastninja2-4
8717752a42888e24ef1985931b559548	1	336357	player	uade	Protracker	0	109986	3ff1354e	7ba9b9af	Stephane_Picq/mod.kgb_gorbi
875353a7c55e20c4299e04ebfd79ad0d	1	236167	player	st3play	Scream Tracker 3.2x (GUS)	10	205888	3e94fc3b	d832b45a	Dune/vote1.s3m
88411e9a51837dbd26ad934fdc1e63d8	1	176769	player	uade	Protracker	0	30284	169e6b92	e35d2d5b	DJ_Joge/mod.chiprise_chiprise
88655781e6654ed94436dd85b30d52a0	1	343354	player+silence	uade	Protracker	0	133694	39111326	be6fb3c4	Naks/mod.dab_itch
88e043654cb81927f02544bee5856f01	1	184445	player	uade	Protracker	0	80000	0be63ffb	388cdc3d	IQ/mod.hyperspace
890eb329c3bb6e33e99af7670f3852f7	1	103806	player	uade	Protracker	0	24740	0071dd31	36e64f17	Stargazer/mod.maaorava_b
891cb8bfec7ed757af336079991044de	0	171035	player+silence	libopenmpt	Unknown	10	64496	fff1c1b8	e8377df5	Vic/paper.s3m
89356e87963e3a36de8d548c6ea1309a	1	62513	player	uade	Protracker compatible	0	17538	75e6ced1	39ae2a49	Travolta/mod.kaukasus_karosseri
897cc36e490886383ac9e1c4dc0a8ed2	1	303941	player+silence	uade	Protracker	0	101212	5d21a572	f165d5c8	Naks/mod.re-erazor
8a00d71a779a9a04768ab6e2d7a1d223	1	115501	player	it2play	Impulse Tracker 2.12	8	29432	470debf3	75ee9e7f	Skaven/mosquito.s3m
8a19a2cebf0e7ae3dcae38a6633bebb6	1	368940	player+silence	st3play	Scream Tracker 3.00 (GUS)	8	600860	195aa76a	d01ff28f	Purple_Motion/2nd_pm.s3m
8b093e754931a917115087723bf256b1	1	176769	player	uade	Protracker compatible	0	69232	cf175a31	4745f6d5	Reyn_Ouwehand/mod.lastninja3-3
8b7ecc245e6c981107ff307b0d35da4b	1	514249	player	ft2play	Fasttracker	28	957334	d52ca736	a9f1aba7	Jugi/mod.dope
8ba07ab1131f5bf151ee5314dac4f6f6	1	194050	player	uade	Protracker	0	152964	956004b4	e52807e8	Naks/mod.an_cientik
8bc3c4a085ff05bf8f5912c39085fa4f	1	221090	player	ft2play	FastTracker v2.00	16	315060	253a8afd	6c48acb4	Laxity/super_market.xm
8c10b3cff09eebee94a2947dea9d8ce6	1	107339	player	ft2play	FastTracker v2.00	30	96922	7b005ab5	73f557c0	Drax/tears_of_my_heart.xm
8c76bd78c5fc4f05b4ea08e64902d009	1	265823	player	ft2play	FastTracker v2.00	32	15421279	309e1a20	6e17a039	Radix/yuki_satellites.xm
8c8f29dbe3eb8ea2c23c939c4c93d2a5	1	388070	player+silence	uade	Protracker	0	229998	0a8dd623	815c9cd3	Dreamfish/mod.unreal
8cae6fd19fd584f6597ae098f47080ce	1	75011	player	uade	Protracker	0	63154	b30b9d97	83a14ef0	Svetlana/mod.tumble
8cb81b0101251792c6867d0fa664f664	1	341240	player	uade	Protracker	0	127380	6ff949a0	b6452fe3	Lizardking/mod.a_piece_of_magic_2
8cca23633e7d53362b7ca143fd82599f	1	211808	player+silence	ft2play	FastTracker v2.00	14	34159	eed3504c	02401997	Laxity/hyponetic.xm
8d24b1d9c785edfd4bdaaef7ab51fd52	1	166159	player	uade	Protracker	0	223986	aa0c80c7	b33b78c6	Mad_Freak/mod.3ddemo_ii
8d3b82162fb6d57c2521f534d6748e6a	1	253115	player+silence	uade	Protracker compatible	0	159840	7561a03b	a6ca6c70	Mad_Max/mod.chrushing
8d40dba03d19e3da7e1ffb4bbda3eb7a	1	232456	player+silence	st3play	Scream Tracker 3.03 (GUS)	14	507900	3ba64a59	5be27c45	Dune/x14.s3m
8d50ece577d444cc54666e827ac43dca	1	130011	player+silence	st3play	Scream Tracker 3.00 (SB)	8	20742	a2b31476	949b314a	Purple_Motion/charts_overdrive.s3m
8d68f0c5c199bcb3825e3f66779d5e21	1	347932	player	st3play	Scream Tracker 3.00 (SB)	9	241088	7152d84d	9b3020ad	Purple_Motion/global_motion.s3m
8d7880c86b2648438a9d4fec5e1f5e65	1	206207	player	uade	Protracker compatible	0	71280	2f8c7904	0b15f05f	Reyn_Ouwehand/mod.lastninja3-4
8d979baf8fc5b43a07397a3751d59cb9	1	121399	player	ft2play	FastTracker v2.00	16	181176	97d5b7e3	c7581a5c	Laxity/reason_for_doin_dn.xm
8ec395661c6f8a44f89df980673e29ac	1	172931	player	uade	Protracker	0	52102	0e4cbba3	dd5df438	RM/mod.wessyde
8eddd38e36e5dc537563492fedce4149	1	359325	player+silence	st3play	Scream Tracker 3.2x (GUS)	14	376000	812361f9	40a45f7b	Distance/0damuus.s3m
8f39177b7255c304cc5de0e989edd1f7	1	84745	silence	uade	Protracker	0	409742	795d3a35	73feacfc	Dizzy/mod.suuntaviivat
926783cd34fd966cea818e8b111ccd14	1	68983	player	st3play	Scream Tracker 3.2x (GUS)	8	24098	1b7faf96	7ce6b38a	Pattis/yx23.s3m
926e125c329da5889731204dc687d00a	1	190269	player+silence	ft2play	FastTracker v2.00	16	416784	8861c81a	e79f5cac	Elwood/inferiority_complex.xm
9309600f34779532913131e5d3c52dc7	1	239861	player	ft2play	FastTracker v2.00	16	442317	55d0f9a4	60412b9f	Laxity/forward_backwards.xm
934ac0d7048f3526a02c6fea24547b2b	1	304769	player	uade	Protracker	0	182982	d43002db	9edf46f3	Pattis/mod.deep_sleep
940fe1d626d7ee6adda31b2304c5e02b	1	130693	player	uade	Protracker compatible	0	71050	46030838	03c5fa7c	Tomas_Danko/mod.complications
956837f6073b248015ed935e7314f025	1	216936	player	ft2play	FastTracker v2.00	16	385129	3f7083d1	c9c21c84	Laxity/the_gee.xm
9581c60089b83c50e8c9eeee84dfa382	1	174197	player	uade	Protracker	0	153424	99437a04	dc5af507	Stephane_Picq/mod.dune_ecolove
95f75a673e747844fe9c08160730bf56	1	215924	player+silence	uade	Protracker	0	241396	a319de9c	c30d558a	Vogue/mod.crystal_orbit
966541f828a2c51ab802ab8d11129c19	1	115180	player	it2play	Impulse Tracker 2.13	14	57944	63cb6907	daebe3a4	Skaven/autonomous.s3m
96a3e2fc8077184ce7b4b32b767b95eb	1	95568	player	uade	Protracker	0	328106	e6a2f62c	0cbdad42	Groo/mod.rockhopper
9720c7ef2a48fce48ecb845e33464536	1	18044	player	uade	Protracker	0	2222	f4474900	f66841aa	Pattis/mod.crybaby
9792496c18515c75170f2e941d8723ab	1	198068	player+silence	ft2play	FastTracker v2.00	18	365113	a9c7345f	48536cd3	Elwood/shooting_star.xm
9891e831ef67a4044a979c0a5f77b285	1	178678	player	uade	Protracker compatible	0	73328	606d97e8	cb52741d	Reyn_Ouwehand/mod.lastninja3-1
98d0e483f89eda35a609227417f859c0	1	340689	player+silence	uade	Protracker compatible	0	114550	ec7988f3	8afbd558	Fleshbrain/mod.whoknows
98f033a48aaa573c1faec63aab14113f	1	295807	player	uade	Protracker compatible	0	67934	63d9945b	d7df1ebe	Reyn_Ouwehand/mod.lastninja3-end
996b670af73390ad53b24ecf41e7e4b1	1	200494	player	ft2play	FastTracker v2.00	20	467113	0fb44921	31bcbcb3	Laxity/reggie.xm
9987a9a613c6d4e7d631c027c68d4e23	1	216617	player	ft2play	Fasttracker	8	342598	3228221b	b6577ead	Shad/mod.veena_semerville
9a338da24b672bbf8df82f68fb476539	1	239861	player	ft2play	FastTracker v2.00	16	435920	3fef2f3a	06ab21b4	Laxity/forward_backwards_ii.xm
9a88d58be4273cee82a57215009b75a5	1	107645	player	uade	Protracker	0	281230	79c8de9e	503fbf30	U4ia/mod.u4ia
9b8b20fa9924cbf858ab841cf44f007e	1	286865	player	uade	Protracker	0	159726	f30bef56	8de6b8f8	Laxity/mod.desert-dream-3
9bfdc9e086137d829e3e7e036f961ec4	1	185309	player	uade	Protracker	0	494238	8e95e2e4	7161e762	Groo/mod.dream_tripper
9c0ae0b360c03b9f446abb4a42581c21	1	182194	player+silence	ft2play	FastTracker v2.00	16	850343	225f71b0	ef133acb	Wave/flow.xm
9c3fc9a00077c76046b8667f9ee0a910	1	166737	player+silence	ft2play	FastTracker v2.00	16	971880	43ec8b51	a4646a82	Muffler/me_and_my_kaikal.xm
9c4d7e94a462f95ec0dc5cba32f7c1e1	1	138007	player	st3play	Scream Tracker 3.00 (GUS)	16	221406	4182bc68	6f1e7465	Purple_Motion/exploration.s3m
9d2de772f607dfa27e24b0b2e5009c8c	1	322271	player	uade	Protracker compatible	0	133200	ed7b612d	f3d133c2	Reyn_Ouwehand/mod.lastninja3-intro
9d7bee37275dc03f1ac2c38bfe10b411	1	147974	player	uade	Protracker compatible	0	14636	18ef65e6	ce30243d	4Mat/mod.anarchymenu1
9d9bd53e4d11ba20ac802424b5363c05	1	185741	player	ft2play	FastTracker v2.00	8	868932	2195f618	d5bb4126	Yolk_and_Legend/the_origo_gardeners.xm
9db3f3eab8287276c0e9c1a52f399da8	1	184746	player+silence	st3play	Scream Tracker 3.2x (GUS)	8	65168	f88c39ee	cd458934	Distance/kone_mylvii.s3m
9e7c5d0721eae944c33c16f40071c1bf	1	183986	player+silence	uade	Protracker	0	830810	e64bf7a9	8bebb529	Nork/mod.contradiction
9ed6f901eb1b35b031bb51e5cb3c4bd7	1	134531	player	uade	Startrekker (4ch)	0	210278	c156b5a5	5d1e54fb	Uncle_Tom/mod.crusade_alt
9ed98adb710e58caf2832bf465a71169	1	115321	player	uade	Protracker compatible	0	27540	17d09b13	ec88b2fa	Mike_Clarke/mod.lastninja2-0
a06f8b368a54dd780c88210e598ec51c	1	258894	player	uade	Protracker	0	290442	96a17089	2857ec5f	Bass/mod.hardcoreheaven
a07a0e19adc8c529e31478f23c47c985	1	325509	player	ft2play	FastTracker v2.00	16	968517	71ff40d1	8ad7b210	Azazel/koffie_shop.xm
a0944784218d10d28ce2bfeedd73d582	1	163576	player	ft2play	FastTracker v2.00	18	329918	2bd38db7	8946d79a	Laxity/capital_rhunes.xm
a0cc4d2881ca978d3ae3aa5c8da92715	1	138891	player	st3play	Scream Tracker 3.2x (GUS)	10	75356	91b48100	3396a913	Distance/qarf.s3m
a1d46854e878aae05b2db06c09f7364a	1	71696	player	uade	Protracker	0	160166	b976b210	4ce35483	Echo/mod.jesus_on_es_00
a22ee5aa5652747e977e10eb56434d04	1	231666	player+silence	uade	Protracker	0	1720420	81189357	5304a8df	Hoffman/mod.pattern_skank
a2f0a42a9c24254301f1cef836a2d19a	1	218282	player+silence	ft2play	FastTracker v2.00	16	364358	60c90db7	6d4a6907	Laxity/80s_are_90s.xm
a3c37c2b276f4fc0771d367c1da0bea9	1	238185	player+silence	ft2play	FastTracker v2.00	26	1976858	30e8258f	4cf184af	Hunz/promise_me.xm
a41d01371e2dd68f7e4ff92062ff00a0	1	181481	player+silence	ft2play	FastTracker v2.00	16	916762	117b9610	07fa27e8	Rage/far_away.xm
a42cefe9cda97cacfda99892c064f803	1	311487	player+silence	ft2play	FastTracker v2.00	32	1057445	d740046a	ce9b4482	Xerxes/karina.xm
a45454f81782789612f559c61d610d48	1	220133	player+silence	st3play	Scream Tracker 3.2x (SB)	16	713010	3e786508	03812736	Siren/rhythm.s3m
a46d76a6cc416f9e9c85b4eb708200d3	1	76920	player	uade	Protracker	0	23302	911dc52b	cdb0f0ed	Jason/mod.factory
a4dc737484e4c8de2f89bdfc6b66d733	1	263266	player+silence	st3play	Scream Tracker 3.2x (GUS)	12	505166	af852106	8bcf6c91	Distance/sweets.s3m
a4f7d2fa4b149c33cfbfe0421a4c5c50	1	225960	player	uade	Protracker	0	241640	e73697ea	3bdda754	Static/mod.humantarget
a530c952c13c79b9b25fcbe625f7c494	1	116687	player	uade	Protracker	0	145350	bf0e8d1d	23b5f246	Echo/mod.jesus_on_es_08
a67d870ec7c9969c9702d978ac9d575f	1	133345	player	st3play	Scream Tracker 3.2x (GUS)	11	119978	b4ed89dd	c17ab3b9	Salomon/the_voyeur.s3m
a9daf5450f9aabd37e2f33d80af36e83	1	184023	player	st3play	Scream Tracker 3.2x (GUS)	10	47314	0aefe7e9	0ed3d5b7	Distance/_n_.s3m
a9e715cfcbb0b625404529bc0e0cec40	1	153721	player	uade	Protracker compatible	0	320044	2474fc55	e375e505	Nation_XII/mod.gods
aac06fe4fb29cb5743eb732f32861dd5	1	177487	player+silence	uade	Protracker	0	503028	75402547	a6ae08a9	Lizardking/mod.crayfish_party
aaf878cb5b4000b64165e6a5f987b6bf	1	212614	player+silence	ft2play	FastTracker v2.00	26	577841	766585d9	5b7f611e	Laxity/911_still_ringing.xm
ab6221f9f0de171e417efc01a106d047	1	103806	player	uade	Protracker compatible	0	15960	3243221c	4049372e	Nugget/mod.highspeed
ab6417a0138580946de17af2c8dcc2a6	1	218506	player+silence	st3play	Scream Tracker 3.2x (GUS)	8	54818	debc8cd8	6415b92b	Distance/hasbeens.s3m
ab794ae7c97f3118f4f636ba0d3e2d10	1	94543	player	uade	Protracker	0	58008	ca5b49ba	e3b09700	Mortimer_Twang/mod.tyson
abace83a3755de86a35568376e3ec93f	1	138369	player	uade	Protracker compatible	0	59062	49995e19	fc09a78b	Dr_Awesome/mod.hitsquad
ace4caa18f59537549025abc86ee4ae4	1	143493	player	uade	Protracker	0	59036	fb7b8900	5481c71d	Maruku_Buranu/mod.sc2.marucombat1
ad2b8836cdce9629895a85ca63db9d90	1	113689	player+silence	st3play	Scream Tracker 3.2x (GUS)	12	517572	a675bc85	036d4050	Dune/world_of_saracens.s3m
ad6fc8c67de578769545ef7a6bc58e5b	1	197271	player+silence	uade	Protracker compatible	0	29290	7b5f13fe	13e9212c	Xyce/mod.ombres
adb0aec924e0dacf4e89166cbf45d873	1	274427	player	uade	Protracker compatible	0	193408	e81504c9	c8e22005	Evelred/mod.midnight_run
ae5d2889d4643cba70857546d3e36c6c	1	134179	player	ft2play	FastTracker v2.00	16	331128	2be7debb	9d0313c7	Laxity/a_wonderfull_world.xm
aefd0acf9308dfcfdfd8a08859ffc592	1	15311	player	st3play	Scream Tracker 3.2x (GUS)	16	150758	d01449f7	5efa2c27	Distance/rekei.s3m
aeffe2c0d6a99f048b2b72b0e3037adc	1	245893	player	uade	Protracker	0	89470	3c0b5653	3544b007	Echo/mod.jesus_on_es_end
af7b0d76a0c6b6e235c729d4a479f7de	1	141162	player	st3play	Scream Tracker 3.2x (GUS)	8	37618	87c4257b	90c11dbe	Jugi/bill_g_force.s3m
af89d63f1516c35f3f733c1f03eda32e	1	192282	player	st3play	Scream Tracker 3.2x (GUS)	16	129154	807eec87	db2295ba	Distance/surplus.s3m
af89d63f1516c35f3f733c1f03eda32e	2	15412	player
afb75520ca473722f6124191020c635c	1	71872	player	ft2play	FastTracker v2.00	12	201559	ac15d028	9a204666	Laxity/organ_blues.xm
b0acc5fdad98adf972424212bf3b399c	1	243904	player+silence	ft2play	FastTracker v2.00	26	549762	72c4d48f	8533b24e	Elwood/little_man.xm
b0d61ebb1b7089a1cc4a2937f5ac5b4f	1	125233	player	ft2play	FastTracker v2.00	16	123456	af231892	e36430ef	Laxity/flying.xm
b1183426af316b1134201553cb8b389b	1	149883	player	uade	Protracker	0	59834	fc5f6a77	627665a6	Patrick_Phelan/l3_cd6-shamrip.mod
b14b843425259cdaa9effa6abbdd0a3e	1	439361	player	uade	Protracker	0	199936	1cf762e6	0fff16de	Mantronix_and_Tip/mod.overload
b17132f97c1df23390c211bf89c59c4b	1	263573	player+silence	ft2play	FastTracker v2.00	16	485647	c6a08e10	7ed634c7	Rage/enigmatic_hatred.xm
b21a2fcf1b6deb7cf1825498ee04c613	1	150121	player+silence	uade	Protracker compatible	0	249180	11591553	38c20efa	VectorDean/mod.cannon_fodder
b2904330fdfaac8fcbc6ccf182a5f99f	1	240469	player	ft2play	FastTracker v2.00	14	50830	e1de3a15	3e83f51b	Jugi/we_go.xm
b3610aded94eb8e310911f707293b43d	1	199797	player	uade	Protracker	0	62048	88585239	77de387a	Patrick_Phelan/l3_cd2-metalmachine.mod
b392ab22d97cb1106fd9b24cc47cc411	1	296048	player	uade	Protracker	0	130662	93c552d4	37f4b9b2	4Mat/mod.phantasmagoria
b3db54fb9d46e3f7c6c8cbce0499fe1c	1	530468	player	uade	Protracker	0	192194	4425c8f9	ba20ce85	U4ia/mod.1993
b43cee72da289a26b4f7536c6fc55fb1	1	347096	player+silence	uade	Protracker	0	268184	c2c840b4	f8fb5dc6	Deathjester/mod.wankery_episode_i
b456b456c56d06e0dfd49b18c7bfb60b	1	268921	player	uade	Noisetracker 1.x	0	65984	fd4dd015	5508b2bc	Nightlight/mod.fletch
b45e658cb800cbb02dee237f3bfb65dc	1	165688	player+volume	uade	Protracker	0	578140	c6f8ed25	b97e51d7	Bay_Tremore/mod.beats_2
b69ce7047c3a4e85ad741047ca2d68df	0	301630	player	libopenmpt	ModPlug Tracker 1.0 alpha	16	1999627	a82e0fd7	d59377c4	Teque/3dmark99.xm
b6d48141d570a4c19a1c581cb9f4c299	1	222845	player	uade	Noisetracker 1.x	0	94546	70214a6a	54276c5b	Starbuck/mod.countdown
b6f19efaf4e162795ea98c4e756848c7	1	310737	player	uade	Protracker	0	131218	ed521d84	8a74b9e9	Dr_Awesome/mod.moongazer
b7a2a786c067df4a84eb184ca69eb2fa	1	161397	player	uade	Protracker	0	80000	dfa356b0	4f701421	IQ/mod.yehat
b7c29ac34471d3bd55e75a15bdf40e02	1	76659	player	st3play	Scream Tracker 3.00 (SB)	16	141956	15e9b37f	ddfd7a56	Purple_Motion/neardark.s3m
b7e45e9b40967ecead0ae35d3f53d799	1	245371	player	st3play	Scream Tracker 3.2x (GUS)	15	251432	c575b20e	c543f11c	Distance/timeout.s3m
b7eacbb81fe9b06316242b6024ecc82e	1	106550	player+silence	ft2play	Fasttracker (M.K.)	4	600118	8fc45ccd	c7e78bca	Longjam_Productions/mod.opetusta_kerrakseen
b8d475d1f699e5842255cd25d3c8b455	1	153311	player+volume	ft2play	FastTracker v2.00	14	408940	5525d8a0	fd67d3c4	Laxity/yielding_part_ii.xm
b968cdaee9c6c68c760b0d2c49f5c0b8	1	30824	player	uade	Protracker	0	6672	7751a81d	2206ec1d	Heatbeat/mod.haikeamies
b9b9dba99c13e3503f32489884439ad1	1	291969	player	uade	Protracker	0	379134	8f05c745	f5a0def1	Mindfuck/mod.mindkickers
b9d7219c06117d49aed28bb2e8eee760	1	204172	player+volume	st3play	Scream Tracker 3.2x (GUS)	9	356745	b8e7d7c5	be2dd67e	Viinikala/scythe.s3m
ba4f6d6fecbd02a99ea6dcdd59ec9b85	1	204895	player+volume	st3play	Scream Tracker 3.2x (GUS)	10	86368	c4dabdc8	4667b3d3	1in10/transgression_2.s3m
bab589529c0f865971fb8a5d016e225a	1	148648	player+silence	uade	Protracker compatible	0	299870	96517715	ef18beba	Dune/mod.toilet
bb27a790246d622a2afdaa2508721dfb	1	218007	player+silence	ft2play	FastTracker v2.00	30	835483	42faf68a	a9177316	Elwood/after_hours.xm
bbb2f8e9031e94338788acdf4899b280	1	201043	player+silence	uade	Protracker	0	277394	04d3c31b	cda93763	HTD/mod.fake_u96
bd41ba8db53b858f1bbb0fc8d73c12d2	1	236623	player+silence	st3play	Scream Tracker 3.03 (GUS)	16	703718	15ec6232	0c8f5d9d	Dune/not_blue.s3m
be22e2a80b7e346a994b9f8286adf154	1	199634	player	ft2play	FastTracker v2.00	24	1310488	2bf0ea5b	eec28409	Hunz/clone_it.xm
be6a0adf8abdf66817aee7684cc33897	1	119285	player+silence	ft2play	FastTracker v2.00	14	233165	748c083c	eb72c2d3	Laxity/flying_blades.xm
bf6c54f3ea76f7992335f5f3b77be2a6	1	107504	player	it2play	Impulse Tracker 2.12	5	91476	fdfc033d	c91d2c52	Skaven/party_1992_intromusic.s3m
bf6c54f3ea76f7992335f5f3b77be2a6	2	12779	player
c099430b25ebf0ef65a532afdb57bfaf	1	346306	player+silence	uade	Protracker	0	233120	cb9b4c43	2ceb5088	Neurodancer/mod.warp69
c09ab3db264814c2e1e1e8e3e76df6c6	1	180493	player+silence	ft2play	FastTracker v2.00	18	714025	6698a477	0c936046	Vic/spaceman.xm
c0b3d8f4b151329977ae4bf90e24fd3e	1	158196	player+silence	ft2play	FastTracker v2.00	18	578487	d0e6c69a	4683fc6a	Laxity/it_will_never_stop_2.xm
c13a01a6eef95e044016b3b080b676ea	1	229577	player	uade	Protracker compatible	0	115260	551fcd57	64bfa13c	Watchman_and_Trixal/mod.unveiled
c201e6e87c4277b8d445717f31149230	1	169093	player	uade	Protracker	0	65184	bd65d982	d2552512	Patrick_Phelan/l3_cd1-breathless.mod
c2cba5f319e138819f60b67f311c1ce2	1	245672	player	uade	Protracker	0	197572	c476e08b	4d4a405f	Laxity/mod.desert-dream-1
c2cf94f841863dc16ce10f3fabf7c91b	1	255317	player	uade	Noisetracker 1.x	0	143030	767d7518	731ac76d	Dr_Awesome/mod.12th_warrior
c31730013ec8c9939401cafc49d8f8e7	1	380284	player	uade	Protracker	0	149356	64c77c5e	46a31011	Fleshbrain/mod.classifiedcrusader
c326b61f98fea8d2336999415fa70cb4	1	322693	player	uade	Protracker compatible	0	176664	710a08a9	28577b9a	Jesper_Kyd/mod.globaltrash3
c330cb3e147192cf880d2f76aaba0c36	1	109855	player	uade	Protracker	0	168754	e70035be	6adb78b9	Echo/mod.jesus_on_es_12
c39d0f22382cca1cfab87318a18fdb1f	1	172931	player	uade	Protracker	0	96738	a1614331	a477ea4a	Pattis/mod.a_votese
c3a7ab80063c9eac8b78bfcecfdfa4d5	1	230184	player	ft2play	FastTracker v2.00	18	1106774	5af7642e	f624d539	Hunz/whiplash.xm
c407c65afc295b975b3e38fc0d914802	1	52470	player	ft2play	FastTracker v2.00	20	28691	e4a67c2b	2151db7e	Keyg/simplicity.xm
c421c9c3bd8e9877c72bd0017fd3b8ee	1	334834	player+silence	uade	Protracker	0	338016	eacfd4ca	cf60a2b5	Deathjester/mod.argle
c48606ee108ddece39fe8d8bb111bee2	1	207493	player	uade	Noisetracker 1.x	0	189684	faf08134	d904c34a	Static/mod.coma
c48606ee108ddece39fe8d8bb111bee2	2	146708	player
c48606ee108ddece39fe8d8bb111bee2	3	134531	player
c4aa5a0d4c95820f9c4eca684e312b5f	1	80899	player	uade	Protracker	0	56170	90e7f723	e4e93842	Oo/mod.in_st-01_we_trust
c6a32f10ba264316a25ecfb0e520c1ab	1	107339	player	ft2play	FastTracker v2.00	12	153834	171a14bf	f540e8f7	Laxity/pop_thing_no._2.xm
c7a700b0fcbaf9d1215170c77576f235	1	132646	player+silence	uade	Protracker	0	900324	79fd78e6	184a56f5	Cueder/mod.smoke-bomb!
c7b1367004f34fd1732fc406940cdfb1	1	119337	player+silence	ft2play	FastTracker v2.00	12	668839	73a5f439	7eae27fd	Curl_and_Beathawk/breaking_the_sky.xm
c80eb99b68d0bbd4e644fb54ce3aac6d	1	144698	player	uade	Protracker	0	896004	cd756c4e	8f3f7bc9	Manwe/mod.piggie_walking_to_the_shop
c81bc29d3cbfe28eb495212b77ca36ad	1	89439	player	uade	Protracker	0	168806	59b06670	b8c7f0fb	Echo/mod.jesus_on_es_07
c8e69f2d9591e3437f6b64ea8e3834b3	1	189629	player	st3play	Scream Tracker 3.01 (GUS)	8	295008	6291fd70	f6550466	Necros/click.s3m
c918e2ed9a8e3826918adfc586129951	1	213401	player+silence	uade	Protracker compatible	0	520192	6104f82b	eedfe697	Groo/mod.closer
c9a2840f0005cafa2b4dc4125cda66fd	1	268564	player+volume	uade	Protracker	0	400118	19ffcf5f	d45a87f2	Captain/mod.beyond_music
c9e62ce830840dbd6e5fb92ef9cdeee2	1	584441	player	uade	Protracker	0	171719	9c8b51de	da1f99e8	Stargazer/mod.doxmopolitan_ii
c9f07ad539a479b5bf5e8e97b8af620a	1	279993	player	it2play	Impulse Tracker 2.08	16	484505	c675fe35	e394b48a	Necros/metroplex.s3m
cad498ec18ad30164c23c7824c4b681e	1	190674	player	uade	Protracker	0	362342	8a2f0587	115c6ccc	Misty_and_Daeron/mod.reverie_of_truth
cae2499bc545255b03fce887179ba882	1	52566	player+silence	uade	Protracker compatible	0	171192	68ba53a2	beb3276b	Vesuri/mod.vakavanha
cb0c24c3c62ad206dc35b1fe656ea97f	1	96090	player	uade	Protracker	0	361510	e71f8dc7	2c47cf36	Yolk_and_Legend/mod.deep_2
cb98d80f41e90d87e48788a674e9208d	1	198531	player	uade	Protracker	0	301528	5ffa4601	b94bbbd2	C-Quence/mod.emphutured
cdba2c98bbca0e7f5d7d908fc85aff09	1	171544	player	uade	Protracker	0	174798	131027de	e3201d24	Echo/mod.jesus_on_es_03
ce51615e41252fbece2d460c03766728	1	157740	player	uade	Protracker	0	146886	8485cbef	de2f6e3f	Moby/mod.mobyle
cf96c758f9bdb75e1840775913f30d1a	1	202667	player+silence	ft2play	FastTracker v2.00	16	663228	35652684	6038d3e2	Wode/vivid_experiment_1.xm
d0e61283309c5d72a050d14fcb2e6704	1	299993	player+silence	uade	Protracker	0	347582	a5cbd2fd	8b8ac39f	Captain/mod.space_debris
d13e9ee528668956867f0589c68ed1b5	1	275177	player+silence	st3play	Scream Tracker 3.2x (GUS)	16	668007	2ce94565	5f4841af	Necros/gateway.s3m
d147a45b375cdf52241ab70cf9655bb4	1	253629	player	uade	Protracker	0	149156	3c6bb73e	28f79773	Laxity/mod.checknobanckh
d1670171c6f4b7397184d7e37f05b505	1	215149	player	uade	Protracker compatible	0	71280	770bcc90	856de47d	Reyn_Ouwehand/mod.lastninja3-6
d202f11e06be71906fec41bc076b745f	1	214699	player	ft2play	FastTracker v2.00	16	390573	2ebf189a	133f095a	Rage/planets_of_euphoria.xm
d21d1ddc9943de73412c8c00fe2b60f6	1	276436	player+silence	uade	Protracker compatible	0	232298	3702d5f1	a581ef3e	Uncle_Tom/mod.occ-san-geen
d32f0840cc9f187945b5033c22cf8ecc	1	119621	player	st3play	Scream Tracker 3.2x (GUS)	8	25602	c08d470c	747dddf4	Distance/olemme_kone.s3m
d3431488cf17987d99a2170566b691f9	1	271799	player+silence	st3play	Scream Tracker 3.2x (GUS)	13	433650	9984b639	a3f04a62	Distance/tiffany.s3m
d3e0eb948d30f50f49e18dc027b43e1c	1	53872	player	uade	Protracker	0	46028	a71defaa	dbdf5da7	Karsten_Obarski/mod.telephone
d4a930cb7e8121c9a21bb580e44f7806	1	168688	player	ft2play	FastTracker v2.00	12	536439	70e64e0c	5545bd6f	Laxity/declaration_of_ahh.xm
d4e282bba20b7562ede2fbd2ec3b3130	1	61568	player	uade	Protracker	0	11782	bbcf3807	a7c6a3bb	Daddy_Freddy/mod.under_the_bridge
d515990d40fe0a5541c93f461b83debe	1	253870	player	uade	Protracker	0	529602	da0dafa0	e5f366d9	Yolk_and_Supernao/mod.fern-pollen
d59e039ff219b3e6f007c38681296b00	1	667000	player+silence	st3play	Scream Tracker 3.2x (SB)	16	425904	65f40509	046b6f93	Basehead_and_ChuckB/chiba_city_lights_96.s3m
d59e039ff219b3e6f007c38681296b00	2	203177	player+silence
d6350c029149fe2164120d9f2a8f5150	1	195233	player	ft2play	FastTracker v2.00	24	502932	854d1764	a8a3577e	Laxity/progressive_jodling.xm
d65d2f2556b193a5aba168e284328e2b	1	197976	player+silence	st3play	Scream Tracker 3.2x (GUS)	16	105349	0fc30a8e	c9abbaa4	Distance/lazier_than_ever.s3m
d8ab22ae6e2a0a100335bf2d595a5899	1	82848	player	uade	Protracker	0	213352	84ccded4	041b777f	Groo/mod.lakeuksien_urho
d8c6139d2ba4c5c7e037d8e46c22fa8b	1	186120	player+silence	ft2play	FastTracker v2.00	28	417833	0a976c22	0a50d692	Laxity/intermission.xm
d902cd5c6c2d34dc268d719cee7b7ddf	1	176882	player+silence	uade	Protracker	0	367880	ea51bf54	5faa47b9	Emax/mod.spalter
d9076511bbaddbaefca584840c17d933	1	217098	player	uade	Protracker	0	152817	886f0d93	ca7689e5	Jester/mod.molecule
d95138756f18d3899450a41a07778640	1	119621	player	st3play	Scream Tracker 3.01 (GUS)	8	16530	495d0c7f	3cae57a6	Dune/harmitus_painaa_mieltani.s3m
d98a9a60cd57755d05eff3d2b79c744b	1	236429	player	uade	Protracker	0	708176	19ac3d7a	221ce45b	Yolk_and_Legend/mod.eyegaboom
d9e8619d424e99a16dc22734e58dc1ae	1	62412	player	uade	Protracker	0	14366	1857d996	2c15d3f7	Heatbeat/mod.seikkailumies
da0a3925c48f2b1b7303dc84d5109ae5	1	98878	silence	uade	Protracker	0	304552	ca6f5f7d	44183ca6	Dizzy/mod.bananasplit
da16151e8a28fdc196c891a1ca239cce	1	115008	player	ft2play	FastTracker v2.00	8	18365	7f5c8031	bf843df1	Laxity/sine_song_1.xm
da2f679f4381c3b4bf7d14259f2356fe	1	199958	player	uade	Protracker	0	47482	db71bfe2	f1198d60	Audiomonster/mod.flashback_options_1
da32355ded417440e8c8c6b1be948a72	1	247437	player+silence	uade	Protracker	0	69792	a4987016	26630475	Piirakka_Munalla/mod.marginal
dc02d518835c1b85a0ff4689ae5ab6f8	1	271432	player+silence	st3play	Scream Tracker 3.2x (GUS)	10	47435	b4129a29	79f86fdd	Distance/grasshopper.s3m
dcae864faeeffa4800adeb97ecebdc08	1	227004	player	uade	Protracker	0	175758	c0c2f623	f5796259	Romeo_Knight/mod.im_gonna_be_infectious
dd9c173df81b8451eba25e09e8b7994e	1	171625	player	uade	Protracker	0	59540	0a4d265c	0b53f467	Patrick_Phelan/l3_cd5-miamiice.mod
dfb3d6c151470ae43c558db998fd1872	1	141436	player+silence	ft2play	FastTracker v2.00	20	631504	2d323ced	ee603d6b	Swallow_and_Illusion/i_wish_i_was_a_skijumper.xm
e111efba94811dd359661b373ff80859	1	227544	player+silence	ft2play	FastTracker v2.00	32	1355995	8df023ec	0068aca6	Mystical/system_override.xm
e11fd5a140c43df40e45b45b6613e3fe	1	270795	player+silence	uade	Protracker	0	377636	448cf67a	dedf7e44	Emax/mod.phaser_7_inch_mix
e1405c82b47adb6d384d046fe122bc02	1	218606	player	ft2play	FastTracker v2.00	16	562865	07ce0246	102ab38c	Jugi/gates_of_ixtlan.xm
e1e0c2763bb03c31be3e752eab7c0683	1	196643	player+volume	st3play	Scream Tracker 3.2x (GUS)	9	37968	b4d73ab1	3a6bc44f	Distance/huhzrr2.s3m
e2131df504d0ca626ca081624ef96e39	1	115521	player	uade	Protracker compatible	0	214268	53225de1	80a77b8d	Tip_and_Mantronix/mod.cerebral_beres
e36ded756043b179aba510fb3aa2570d	1	116124	player	uade	Protracker compatible	0	58398	3777ecee	53e0cac5	RIB/mod.stardust
e3be9a52468c1c5ec5d4cc922bc33cd5	1	169615	player	uade	Protracker	0	706522	1741818a	464f8561	Muffler/mod.pneumatic
e40a6825f88fd235a0fdd551bf9f6251	1	411281	player+volume	it2play	Impulse Tracker 2.14+	13	576140	f95a40f3	c80efb94	Dune/caero.s3m
e45cd39adfc22bedec7585f3c84e4059	1	272065	player+volume	uade	Protracker	0	342582	f8a42014	6fa2e653	Dreamfish/mod.warm
e486d77aabc2a3555b947bae80cd24e2	1	234359	player	uade	Protracker compatible	0	72126	dfd1a1cb	2e62bb2d	Frederik_Andersen/mod.leave_the_brain
e4dc72e6f37164b4b4f68a66cb436a24	1	175246	player	ft2play	FastTracker v2.00	16	678267	1be398e4	e6a0052f	Laxity/it_will_never_stop.xm
e53e9dc0fe92b193614064c4e0f28279	1	50034	player	uade	Protracker	0	271820	ed9633ec	e3b3ebc5	Heatbeat/mod.talouselama
e578d45081c2608a64c19bbccd2395af	1	247660	player+silence	uade	Protracker	0	191134	3b85b00d	b2d485d6	SLL/mod.dragon_jive
e6f1aa6a455a68f04e756d2a0217b4c3	1	253569	player	uade	Protracker compatible	0	178776	f1bfd40a	7dae9379	Romeo_Knight/mod.1989-a_number
e7403a70409d3a3310ba9d55b4c2b68d	1	43504	player	uade	Protracker	0	377826	5e6a3def	4b405977	TJM/mod.kantri_helena
e7751bae9d0d60b94392979136b2ac0d	1	119896	player+silence	uade	Protracker	0	654692	2f149f3f	7b4825b8	Manwe/mod.okay_lets_track_it
e7b6ab0534f009ee61dc7f5dc6662192	1	263507	player+silence	uade	Protracker	0	346608	130023b0	a9b0ea8d	Vesuri/mod.Monocle
e81977d9f70c982c4d73cb30772269f2	1	135702	player+silence	ft2play	Fasttracker	8	327496	4565dc4d	57d026ab	Vogue/mod.ambient_power
e8b2d983c40e28ac2b60fdde2e6b7d60	1	223408	player	uade	Protracker compatible	0	20010	a7e179be	9665f93a	Nao/mod.microscopix
e8c5a8487d0b0ff9e36bb6b1daaa46e5	1	288955	player	it2play	Impulse Tracker 2.12	9	281878	52d7ea33	f363958d	Skaven/war_in_the_middle_earth.s3m
ea1be21dd2a9e4c42de81fe0c0ff1e23	1	210506	player	ft2play	FastTracker v2.00	16	341363	e3dd1cca	ab8c4787	Laxity/moderate_circle.xm
eae019d318493ea0691b970890b38032	1	183380	player	uade	Protracker compatible	0	398312	a678bf71	3ec9cc21	Groo/mod.c42
eb34a82b57f0fc060cc8d632fae16903	1	93919	player	ft2play	FastTracker v2.00	14	232264	3bafb679	108b5ce3	Laxity/crying_for_coffeh.xm
eb54350156dd7b964dd05abe76bd740f	1	180848	player	uade	Protracker	0	203078	b8c8a55b	93f14aed	TJM/mod.vesikauhu
ebc14e92eea6861ec9a48312cf41b921	1	98326	player+silence	st3play	Scream Tracker 3.2x (GUS)	16	25254	7d98cd7c	93ce2c89	Distance/myohast3.s3m
ec1752807913ef5f92509723d1200f6c	1	159557	player+silence	ft2play	FastTracker v2.00	8	275283	95abb1dc	92c28aa7	Lizardking/world_of_fantasy.xm
eca299e5ce075a4e50e9db6b4378b781	1	335694	player	uade	Protracker	0	153194	65bc7259	f8a0161a	Stephane_Picq/mod.dune_fremens
ecb7fe610d3e65b95a34520f727a318b	1	92272	player	uade	Protracker	0	24608	55f032ce	2f1ae73c	Stargazer/mod.syfuid_long
ecc87a3516c588ecd1e09ca219316397	1	163547	player	uade	Protracker	0	240242	689da4e5	6b5d47b9	Travolta/mod.9fingers
ecd9603e87a91052c0f7a382a611720e	1	281442	player	ft2play	FastTracker v2.00	16	893536	bf82c7dd	f7f9eb33	Swallow_and_Illusion/boost.xm
ed0b768ea028c9c4ce688f01b7ec9de2	1	109955	player	uade	Protracker	0	391640	03f96632	8e59bc01	Yolk_and_Legend/mod.deep_1
ed3a72b732652499f6d40cc51189e3a7	1	26444	player	uade	Protracker	0	326594	2a05133c	bfbcbaa0	TJM/mod.jagjobbar_varje_dag
ed50b66440458484289d6c8c6459a29a	1	189321	player+silence	ft2play	Fasttracker (M.K.)	4	184291	a98546a5	4e5954c4	Purple_Motion/mod.shadowrun
ee1d75c48ace012521733ab1edeb750b	1	241997	player+silence	st3play	Scream Tracker 3.2x (GUS)	8	142728	c7149215	c1f60288	Nobody/haiku.s3m
eeaa36f22df411fe6146b39f843bee01	1	258693	player	uade	Protracker	0	89524	73d669e3	ea6a426e	Stephane_Picq/mod.kgb_kursk
eedd62cf2dde268042f192d1f3897fb5	1	172931	player	uade	Protracker compatible	0	87444	1b0cd5b1	2ddd8781	Pacman/mod.2nd_desert_division
ef04930869fad0ec03a05b893578315a	1	171322	player+silence	ft2play	Fasttracker	8	297708	4bf09bd1	e2c14cb8	Vogue/mod.the_decalogue
f018db0cbfba053f326645bda63d7c1b	1	268077	player	it2play	Impulse Tracker 2.12	8	144457	869d09e3	38d852a0	Skaven/omniphilia.s3m
f108ff081c0cf01e8b76579719d3b8e0	1	116687	player	uade	Protracker	0	167360	f8efc1b9	6415ae73	Echo/mod.jesus_on_es_06
f1359fddf33aae023e3da15ce421ec8c	1	206698	player	ft2play	FastTracker v2.00	16	338646	e0a41b1f	ad61e795	Lizardking/world_of_mages.xm
f16c23db5e1845cd49d52fc8f7e3bc3d	1	176627	player+volume	ft2play	FastTracker v2.00	16	636483	e1dabe23	58d5bf9b	Lizardking/world_of_dragons.xm
f1a70c88a78e2d6e2c068a758d2d98d4	1	180455	player+volume	st3play	Scream Tracker 3.2x (GUS)	16	356504	66aab5e1	f883bbab	Croaker/yhdyslinkki_5_b.s3m
f25f90cb76fe5e514d8ff1bc82c28436	1	38520	player	uade	Protracker	0	16872	20a6cc2c	a06ddca9	Deathjester/mod.spud2
f29e053f25c0096ec06a4b81ca321faf	1	371369	player+volume	uade	Protracker	0	339546	2aadb756	fc42f0ef	Jogeir_Liljedahl/mod.oro_incenso
f2b0febe434e32414b3b4a01c39d6430	1	258593	player	uade	Protracker	0	302750	c440e6f4	c3bb5b06	Vesuri/mod.juno_monk
f2e6e054a773791dd995f5b6214ee590	1	179088	player	ft2play	FastTracker v2.00	16	750111	f71cd7cb	4d7a0104	Zodiak/respirator.xm
f4b3d2ac6b7f7dab9532e1c9107ea35c	1	170580	player	uade	Protracker	0	197674	2345988a	f58aa2c3	Diablo/mod.yo_africa
f68f8fc10ed5b645cf5a5c34406c14c8	1	271400	player+silence	st3play	Scream Tracker 3.2x (GUS)	14	149442	cdd65592	3d6d0c0b	Distance/vague_baggage_v2.s3m
f7cf3f1bb98b56898cf9431673b76393	1	198175	player+silence	ft2play	FastTracker v2.00	12	369736	6759a259	e4401df7	Rage/dice.xm
f8251bd523294daeeefc0285df62f535	1	288111	player	uade	Protracker	0	545548	3e954931	2bf7d388	Azazel/mod.fractured
f8764f7d79355da6f1d969c551692ba7	1	257545	player+silence	uade	Protracker	0	400006	eeca5131	0e079f0d	Groo/mod.biomechanoid
f87e7b2ccbccab348fce7a439b5bccb2	1	148995	player+silence	uade	Protracker	0	224384	3eb3733a	fd334f78	Yolk/mod.tkpupu
f8fa1e47b34af257147223577dcffda6	1	57730	player	uade	Protracker	0	17594	4ee94a09	e99dd5e4	Mad_Freak/mod.fuckfuckfuckfuck
f95e3a2877e3d79bd656b5f18e475b77	1	331917	player	uade	Protracker	0	285004	456595f4	c20b3d34	Jogeir_Liljedahl/mod.physical_presence
f96c702bb671d1a3a32e4e216aaa4f8d	1	205785	player+silence	ft2play	FastTracker v2.00	20	1022876	beb1f904	4ba72f52	Limbo_Duck/transglobal.xm
f9a44cd508a7f4e8b2d780819ea3cc10	1	299645	player	uade	Protracker compatible	0	140650	b6a8b63f	cfb88a59	Uncle_Tom/mod.poseidon
fb8f677570b75a7b92527a6bb4404d23	1	202498	player+silence	uade	Protracker	0	162096	3dc3c165	29161c5b	Pattis/mod.through_the_unknown
fbc810d0a0c067c50309047455704a95	1	215149	player	uade	Protracker	0	99942	aeb7165e	6d1f1908	Vogue/mod.soft_brilliance
fc8c4e12f61f158fc1e2ce23a9408354	1	111583	player	it2play	Impulse Tracker 2.12	5	84516	21074e26	10b36a19	Skaven/intromusic_ii.s3m
fcb16e38e81938991106a049d4fca5f3	1	230541	player	uade	Protracker	0	95712	ed2d6887	e7b25294	Deathjester/mod.symbiaht
fd6129e246b0296caf74c85c3c530e75	1	298122	player+silence	ft2play	FastTracker v2.00	24	597008	f64e3470	127edb0d	Laxity/yielding_part_i.xm
fe5860a3c7db2896684f5320730f0bc2	1	267388	player+volume	ft2play	FastTracker v2.00	32	1504269	6fa4345c	3a9c4b63	Anvil/path_to_nowhere.xm
fe8244d4e3f62e4b1f48f2cf6e68e359	1	84315	player	st3play	Scream Tracker 3.2x (GUS)	16	178180	0b3009a4	5fd5a679	Distance/katti.s3m
fe8244d4e3f62e4b1f48f2cf6e68e359	2	38339	player
febaa29fe90abd1ee25b709f24d1759b	1	209141	player+silence	st3play	Scream Tracker 3.2x (GUS)	12	532094	9d048060	d2b9ca99	Croaker/haloo_kuuluuko.s3m
ff081abc8b023b651be3df7da97c92b4	1	150027	player+silence	ft2play	FastTracker v2.00	20	610347	467f9dcc	bf991158	Rage/no_truth.xm
ff0be026c631b59b948394997e247cdd	1	432681	player+silence	uade	Protracker compatible	0	62932	fa5bb646	5db1c2f2	Dolphin/mod.aquapool
ff27b80eebe16b6a51310393aeb71fc3	1	165168	player	ft2play	FastTracker v2.00	24	768323	22d69e39	3dafe0e7	Radix/rivendell.xm
ff28d9dc82b7248cc6aaab6d2823273c	1	191694	player	ft2play	Fasttracker	8	256176	4b690d99	5b8c093a	Zodiak/mod.tellement
ff4e62b452605f7493cbf6b5e9722928	1	201879	player+silence	uade	Protracker	0	146830	b0ee50ce	d1557535	Mad_Freak/mod.3ddemo
ffa76335f0549b6164fdd69e72122880	1	531011	player	uade	Protracker compatible	0	107616	53c4d49f	dd60a8dd	Jesper_Kyd/mod.fields_of_green
