00838871b4948b34e6cce0dd5d28fece	1	245894	player+volume	ft2play	FastTracker v2.00	18	932939	aa7d4777	33705f74	modules/internac/LIVING.XM
009bc068008d21739221f586810b1bf1	1	231431	player	ft2play	FastTracker v2.00	22	816341	dc4b3e17	5a51f8c4	modules/internac/GONE_HI.XM
00bccdc977f768ef23dbd9fb0c3d80a6	1	242924	player+silence	ft2play	FastTracker v2.00	24	928624	7fa9c5c6	65556bae	modules/internac/BAS-CWM.XM
00e44e0ff57a940208716c5645ea0ca9	1	240948	player+silence	it2play	Impulse Tracker 2.15	22	777188	8115b4ce	11934036	modules/nacional/LOVE_1ST.IT
01d30530cf9e54609987c2ef45c5064c	1	288688	player+silence	ft2play	FastTracker v2.00	20	800382	b6f0d125	68891901	modules/internac/ATSTG9II.XM
01df6204fc1bbb8dc587db9ef2cf7923	1	118681	player+silence	ft2play	FastTracker v2.00	18	172314	c3bf4893	8db5aa2f	modules/internac/FF-FINAL.XM
01fc085ce74db9d58b7d61e9f8ac78ea	1	189168	player+silence	st3play	Scream Tracker 3.2x (GUS)	13	332246	a50aec85	1d798930	modules/internac/K_JOURN.S3M
021ba0e5827f31c163b4e04814b710a0	1	263184	player+silence	ft2play	FastTracker v2.00	28	1770000	67d8eb10	6f6e2797	modules/internac/Smile Sower.xm
02c375e5c0ce97e704efb7d3eb4825df	1	236991	player	it2play	Impulse Tracker 2.14+	20	428263	3b473d99	9bc21205	modules/nacional/Highway.it
02d5bd0a77a17a2d849946c2c70a1924	1	185588	player+silence	ft2play	FastTracker v2.00	22	1064954	abab22f9	ce200418	modules/internac/RDX-BLUE.XM
03456d654a2594dff57a35570bbf1198	1	186351	player+silence	ft2play	FastTracker v2.00	32	1045088	7e3c7ae3	a2473713	modules/internac/WINGS.XM
034893512f35706e9df7a4f20fb9ffb5	1	350841	player+silence	ft2play	FastTracker v2.00	32	837856	a352b27c	abfd0592	modules/internac/XR-PICT.XM
03c66cb5a8205cb8fe303cdbe2294b9d	1	190379	player+silence	ft2play	FastTracker v2.00	32	1244126	85268a24	945969b4	modules/internac/tears.xm
03cdf0ae31a5ae979ec63bfc6f7c85ad	1	211018	player+silence	it2play	Impulse Tracker 2.14+	21	1457174	9d751691	0cdcfb03	modules/internac/DRUMSTA2.IT
05499fcf974e938b8213ae04120f1978	1	349789	player	ft2play	FastTracker v2.00	32	2005709	2e494b1c	bb812b85	modules/nacional/AWS_HOFM.XM
05e6c9cadcc4fad8118b903860f624ca	1	270504	player+silence	it2play	Impulse Tracker 2.14+	18	980474	763d3a27	2ec1e063	modules/internac/AW3_2.IT
06f2fa594730f610fe2be4caf8954c8d	1	101346	player+volume	ft2play	FastTracker v2.00	26	745844	acc29138	e132c53d	modules/internac/KUNINGA.XM
0703ab75c61c3f0f16c42e14d6339027	1	168103	player+volume	ft2play	FastTracker v2.00	18	325265	9aa9342e	f254fe7f	modules/internac/SUNJAMM.XM
076ca4560c03f21f2dc66c864a3a84db	1	341403	player+silence	it2play	Impulse Tracker 2.14+	22	639608	58bb1666	2d1b0677	modules/internac/dst_shk.it
078e14f9a0878f78054058cf0a4e2ccd	1	181867	player+silence	it2play	Impulse Tracker 2.14+	11	847462	7a1064aa	83370af1	modules/internac/DEXIGUUS.IT
0816e06a70514f021133e8bfbb3f55a5	1	203794	player+silence	it2play	Impulse Tracker 2.14+	19	283263	3dee4ba5	c7188417	modules/nacional/SHAPE.IT
08d70fd7830a49949fd76d6185b537c9	1	224008	player+volume	it2play	Impulse Tracker 2.14+	15	294168	7887062f	4402e3de	modules/nacional/FUNK_EXP.IT
09bc449c7539ca02cfffbb7b553525ae	1	86385	player	it2play	Impulse Tracker 2.14+	12	251987	f83eceb9	6f9b1de4	modules/nacional/WND_M47.S3M
09d2472ffe0c5d66d8c4fa6ce21f3f01	1	202307	player+volume	st3play	Scream Tracker 3.2x (GUS)	14	51286	791ef3bd	56dd09da	modules/internac/DNE_N02.S3M
0a5fca5ff6c9de25c3d2abd7620bca6b	1	468727	player+silence	it2play	Impulse Tracker 2.14+	38	1226736	1c8d4f81	7f3ae873	modules/internac/FLOWERS.IT
0a76e6510c74d5ed7b8da64a1a9c416d	1	219324	player+silence	it2play	Impulse Tracker 2.12	9	336670	e02cf85d	4e965448	modules/internac/N-POLAR.S3M
0b2907ad4960b9dbdb068744e7876eba	1	324441	player+silence	it2play	Impulse Tracker 2.14	48	786563	43e0f9bd	1dc8f267	modules/internac/SM_TIME3.IT
0b736bb377958283069546adbc298b56	1	173232	player	it2play	Impulse Tracker 2.11	16	259874	91aff256	0b34ebe3	modules/internac/ARI-LINE.IT
0b922993f589398719df16a67cbc60b6	1	180447	player+silence	it2play	Impulse Tracker 2.14+	22	439489	c3362ac3	85b43003	modules/nacional/LONDON.IT
0bfad3be022ed00172edb8d346a888f0	1	238813	player+silence	ft2play	FastTracker v2.00	22	1757877	fb575d18	57ed9988	modules/internac/netpoet_-_i_didn't_mean_to.xm
0c447446d08aba8d5f5a4e7661078b1f	1	249968	player+silence	it2play	Impulse Tracker 2.14+	16	999988	5f508cd1	f374ff27	modules/internac/wb-2decd.it
0c4e6cd0709aa779e2d3665b1deb590b	1	231066	player+silence	ft2play	FastTracker v2.00	14	362048	9e3593ca	c514b2d6	modules/internac/TH-LACON.XM
0e3529a33fdc4af77fc2d64dccb9b20c	1	204972	player+silence	ft2play	FastTracker v2.00	24	342052	a9f5e4c5	75d1412c	modules/internac/M3-DELIL.XM
0f31118e0f75067193b1ab8febbab254	1	134711	player+silence	ft2play	FastTracker v2.00	14	540960	ca6d59c2	e95adeab	modules/internac/DEFINITI.XM
0f9f3d8fc4191cb8c494563bac87da66	1	368896	player+silence	ft2play	FastTracker v2.00	32	373903	ca2aa364	ac85a375	modules/internac/X-4.XM
0fa9b7a05352387d2962130b3a788fd4	1	399151	player	ft2play	FastTracker v2.00	12	370817	6234c81b	ab79d53c	modules/internac/VG-BEVIL.XM
106370438e9ecb5d91567f14ec362a16	1	476326	player+silence	it2play	Impulse Tracker 2.14+	23	283737	6843f3bc	1ae51ec6	modules/internac/K_2.IT
1076983d2343f1e3022887e15b30765b	1	325915	player+volume	it2play	Impulse Tracker 2.14+	48	1286268	9fef2998	03ebd189	modules/internac/TNK_ASFC.IT
1076e7fabdef36590be65aab24feec34	1	323431	player+volume	it2play	Impulse Tracker 2.14+	27	1293507	326bf0e1	0cf12190	modules/internac/AUTUMNLA.IT
10f08ab70147d435dd4cb6cd047eab2c	1	505674	player+silence	it2play	Impulse Tracker 2.11	30	1013654	9f9135e5	4e1c39fe	modules/internac/GLASS1.IT
118629fd3704898cdcaa2760f595281d	1	103666	player	it2play	Impulse Tracker 2.14+	16	571104	88c3efbe	0d87365d	modules/nacional/WND_M8.S3M
11d455d1927b0a522eb1cb3132aea467	1	184025	player	ft2play	FastTracker v2.00	16	692247	5b72abfd	c96c0cfe	modules/internac/EARLY.XM
11fe90cf0a96fbbd3b3c01cbf2a3f665	1	318644	player+silence	ft2play	FastTracker v2.00	30	984775	b5b75170	4814456d	modules/internac/UNTOUCH.XM
1243bdad2a98362cdda8acba5cf5a19b	1	257079	player+silence	it2play	Impulse Tracker 2.14+	20	401047	08b74961	cad62085	modules/nacional/Dsp_fr29.it
1432b036294f2c11cd01f22d1c1cb8ed	1	397580	player+silence	it2play	Impulse Tracker 2.12	12	362204	4d19c6fb	08346c7e	modules/internac/7.S3M
1456051070b9add74250dd298d56a525	1	243156	player+silence	it2play	Impulse Tracker 2.14+	30	1120832	847c4d5e	b306870f	modules/internac/2steps.it
14750c8ce852297d90fe25c58da42f70	1	226202	player	ft2play	FastTracker v2.00	26	2270024	8867a078	c9c0ebfe	modules/internac/GRANDPA.XM
1499d9aeeb98afdfc3576b159fdc8126	1	103184	player	it2play	Impulse Tracker 2.14+	14	433970	0a748892	63001c9a	modules/nacional/WND_M14.S3M
15e3c42c101b8a4a09d582de70a9fa97	1	502271	player	ft2play	FastTracker v2.00	32	1741921	6ec8f85d	f41c5ce6	modules/internac/PD-TRUTH.XM
15f893033869bf22f40af316bf1b24ff	1	337472	player+silence	ft2play	FastTracker v2.00	32	959509	4a622dca	b819b69e	modules/internac/J1N.XM
15fa5eb07d2131d841914ca3af8792f4	1	293490	player+silence	ft2play	FastTracker v2.00	32	2333235	95fffaf6	a27194df	modules/nacional/THA_TANG.XM
16b9ad7e612c5849988f3a6d163a352e	1	187532	player+silence	ft2play	FastTracker v2.00	30	1270326	a50b2bac	e0a9f273	modules/nacional/aws_anc2.xm
16f6fa2497ba12e1d33b1e06dbcb710d	1	475363	player+silence	st3play	Scream Tracker 3.2x (GUS)	16	937716	e0cd31dd	c8ee4347	modules/internac/FREEDOM.S3M
174818aa4c5ff90b5df68f1b712658d5	1	243316	player+silence	it2play	Impulse Tracker 2.14	15	34618	f48a138f	75416ede	modules/internac/BATHTUB.IT
176ae7909cb61acd37b61d399e65101f	1	298631	player+silence	it2play	Impulse Tracker 2.14+	20	99970	14cd8395	aeb24ee5	modules/internac/SUNRA061.IT
1779e5baaaccb2dd56b53fab1053458d	1	230573	player+silence	it2play	Impulse Tracker 2.14+	20	517751	cc75a445	59981d65	modules/internac/kosmos7.it
17859e07f73046a0f5f3cfc83967b1c5	1	139257	player	ft2play	FastTracker v2.00	30	1606325	b3db3ffe	74c8d2ef	modules/nacional/FX!-REFL.XM
18339d84b4c23d9e0cecec8dbd76def7	1	187603	player	ft2play	FastTracker v2.00	12	1000808	0791fe1b	cb29d75a	modules/internac/106MILES.XM
1945c7839379111e4ade927139d6eaa6	1	265436	player	ft2play	FastTracker v2.00	22	1166661	0b7246a0	b648e3e3	modules/internac/GENIOUS.XM
19ca782b76860e1c10c305e30a509134	1	112186	player	it2play	Impulse Tracker 2.14+	13	303518	d0ebbdb9	44c3655f	modules/nacional/WND_M34.S3M
19e0ba2ac2c7b11a892dd2a9317e07c2	1	660415	player+silence	ft2play	FastTracker v2.00	16	761607	d18b4e1f	8aded8bc	modules/internac/PULSERMX.XM
19f379bf9ec0c8400e11dff44534d33c	1	167370	player	ft2play	FastTracker v2.00	14	955877	f797a638	c2213093	modules/internac/BLNDFISH.XM
1a0fedc4545b65a878de5f21381ae99a	1	189254	player+silence	it2play	Impulse Tracker 2.11	19	282161	657262c2	12dc6265	modules/internac/ANOTHER.IT
1a5c7819575e0a8ad2d766acf7fc182c	1	420538	player+silence	ft2play	FastTracker v2.00	20	1045657	f329f140	a16a10bd	modules/internac/LAB3.XM
1a7ee401f71de9207aea086c75323849	1	302912	player	ft2play	FastTracker v2.00	20	498526	bba294cd	4c181678	modules/internac/kraftwerk__computer_love_bogdan_rosu_remix.xm
1b2c6f9d79133c72c62b553972672492	1	138007	player	st3play	Scream Tracker 3.2x (GUS)	7	318204	719f5076	90bfe89c	modules/nacional/HEAT.S3M
1b760f05a3f4e685b5f06761d06504c2	1	240350	player+silence	ft2play	FastTracker v2.00	16	853822	3236ebd9	c11241f5	modules/internac/TCN-GR.XM
1b7a49488dc42f1ec2516b843aac63c5	1	232591	player+silence	ft2play	FastTracker v2.00	26	913843	9792780d	bafbc1f8	modules/internac/ARTBABE.XM
1ba5ac81d56fd0b3887dc43620aec9e5	1	95990	player	it2play	Impulse Tracker 2.14+	12	242098	c12c9e8f	a2f10344	modules/nacional/WND_M44.S3M
1c0548ebce51ce530cd35e1149276261	1	262262	player+silence	ft2play	FastTracker v2.00	22	720574	92a51b74	0ce14f9f	modules/internac/GL-PSYCH.XM
1c32b0e76f905cadff500106c0c56560	1	578785	player+silence	it2play	Impulse Tracker 2.03	32	768102	7258eaf6	d0a314c2	modules/internac/EARTHRIS.IT
1ce65c868487e23486481cb2f516067f	1	192141	player	uade	Protracker	0	296324	c02ca8f5	4c914ac3	modules/nacional/forest of silence.mod
1d03a5ba9aa3acd8c9d07005c67e1006	1	148909	player	ft2play	FastTracker v2.00	18	325651	7c6c70eb	74bf0625	modules/internac/WRONG.XM
1ee031acf4b78ee09ac7de32c9cfbe5c	1	159019	player	ft2play	FastTracker v2.00	14	21038	6905f1ec	9b0a12c8	modules/internac/DERAX4.XM
1ef7a9d6698b864eb71aa6ff1723b8b1	1	248841	player+silence	ft2play	FastTracker v2.00	16	267137	3e58e33b	db3536ee	modules/internac/WELBEING.XM
1f5b7a21b11b58d05175c96ce49e6338	1	207744	player+silence	ft2play	FastTracker v2.00	12	540582	6e4da519	296d9bf1	modules/internac/700GOOD.XM
1fa166995850d3a5555188e47615029c	1	217505	player+silence	ft2play	FastTracker v2.00	16	511111	594e33fe	4a5a3ddf	modules/internac/STORIES2.XM
209613689c989793130cce7175886d85	1	239011	player+silence	it2play	Impulse Tracker 2.14	24	457176	d91e6c3b	984c17f6	modules/internac/CJ-STAIR.IT
211a5bbe9ab2e8caaf3b0463b58a146b	1	211682	player+silence	it2play	Impulse Tracker 2.11	31	402114	68f401ba	1a45c081	modules/internac/G_AQUA.IT
21c47427bda454c95f4404a166c3eb0a	1	390062	player+silence	ft2play	FastTracker v2.00	32	2060909	d3753fa5	bea6902c	modules/internac/IINOY.XM
21df77efb405b9557652cb531cc50962	1	243542	player	it2play	Impulse Tracker 2.14+	19	368925	1921cad0	f8602e0a	modules/nacional/RELAX.IT
229273ac7fc730bc6a395a29a21ccdef	1	215670	player+silence	ft2play	FastTracker v2.00	30	932147	318e64bc	bdeeb029	modules/internac/AQUALOG.XM
22bbd5cfd8aa50468e05848a5f6828d0	1	108569	player	it2play	Impulse Tracker 2.14+	10	459365	ae0508e0	a094305e	modules/nacional/WND_M12.S3M
230903d5cfa60b329c4998192f8ca7f2	1	248403	player+silence	ft2play	FastTracker v2.00	32	1897953	80a28b13	db3bc795	modules/internac/APPEL8.XM
233572d88c526ec8dcd1ad72c62bce49	1	195513	player+silence	ft2play	FastTracker v2.00	8	336780	b1a0979d	3c182c1c	modules/internac/808_THE_.XM
236b3a20e865c0bbf409b99fd97ab586	1	309278	player	ft2play	FastTracker v2.00	10	718494	58491f8f	9deeac7a	modules/internac/DAWNCH.XM
236fc7e6b2b0cd739ac184813084897b	1	367386	player+silence	ft2play	FastTracker v2.00	16	889963	2bb6b00d	f581f123	modules/internac/BELIEVE.XM
2425f83e7c77d8b7baedd416428155d2	1	461316	player+silence	it2play	Impulse Tracker 2.14	9	143166	c2d19789	6ee5e8fd	modules/internac/GUMMY2.IT
2425f83e7c77d8b7baedd416428155d2	2	7676	player
244b21f6374c75e87dfda2b9ff0fa1ce	1	240609	player+silence	ft2play	FastTracker v2.00	16	300258	e1054a26	e48a9369	modules/internac/3740.XM
24ec6a42e4020fd6a0014687367f74ce	1	134082	player	ft2play	FastTracker v2.00	14	1000000	80b7f372	d0069847	modules/internac/loonie-hillbilly_billyboy.xm
261e64049768404237839cb2ccde3fcf	1	176849	player	it2play	Impulse Tracker 2.11	32	417517	07f50e7b	37a60394	modules/nacional/NF-SNDAY.IT
266b137e6de304df9f9f40c7f2c6774b	1	369410	player+silence	it2play	Impulse Tracker 2.14+	15	343918	dbd775ab	15e46b42	modules/internac/CUMULUS2.IT
26793f37c2324bfa4b54f08af011b879	1	221246	player+silence	ft2play	FastTracker v2.00	32	968405	5c8ec717	f5f0d4f0	modules/internac/GSD8X.XM
2735d001f9f7c02463c65905bb01768c	1	816094	player+silence	it2play	Impulse Tracker 2.03	24	1094191	c03428a9	672d5831	modules/internac/LUMINOUS.IT
278761d10b77433c9d828aaecb80c3dd	1	206365	player+silence	ft2play	FastTracker v2.00	16	718631	31f694e4	b409c5e0	modules/internac/POISON_.XM
27a0d934698f325e6c885a66300ab22a	1	132901	player	ft2play	FastTracker v2.00	16	392211	badcc1de	649f28c7	modules/internac/ARABIAN.XM
27cb6be59ce5abcce95b9240b64e66c7	1	1190829	player+silence	st3play	Scream Tracker 3.2x (GUS)	16	690096	7c779ae2	8fc80363	modules/internac/K_SUNSET.S3M
2981efc61d239e2ab822c544fac70ead	1	176137	player+volume	ft2play	FastTracker v2.00	20	69027	f2468f47	2bc931a9	modules/internac/CAN_BE_.XM
29a4b3ca46e8cd9fb09f5b6ffbec57b9	1	48090	player+silence	ft2play	FastTracker v2.00	4	506523	700e859d	3aa39668	modules/internac/MUSIC2.XM
29d6d7e3c766f1023649516de8aaad66	1	247882	player	it2play	Impulse Tracker 2.10	24	843274	a51abffb	aa54ebff	modules/internac/AMBER.IT
2a798cda1cf5834791e2375a8db0dfb7	1	689862	player+silence	st3play	Scream Tracker 3.2x (GUS)	16	572296	e437cacd	c459c057	modules/internac/NIGHT4.S3M
2b00d1e8c08a89cd91ef21afb6fc4c0d	1	220570	player+volume	ft2play	FastTracker v2.00	16	872754	90b2fdc8	92e001b9	modules/internac/FLUID.XM
2b0d3d48b25592d916211a43c00d2b3e	1	379139	player+silence	ft2play	FastTracker v2.00	20	724848	0a955b30	8ca49e14	modules/internac/LEAVING.XM
2b6a77d868ab92944bc362c7997218e2	1	212032	player	ft2play	FastTracker v2.00	20	699982	85e7ebac	3156faca	modules/internac/SUNRA005.XM
2b9d36f93ed252f61768c0d579d2e19f	1	123175	player+silence	ft2play	FastTracker v2.00	24	2000006	71f50b98	23ffe620	modules/nacional/SOUNDTR2.XM
2baf19fa344e0003ca44a20fb9d1bfa3	1	149463	player	ft2play	FastTracker v2.00	32	1133857	db4e758f	4d07018f	modules/nacional/FX!-SHAD.XM
2bd2decfd701a2e9128f9c1672088db7	1	55297	player	ft2play	FastTracker v2.00	14	10192	86007f14	ea93ea6b	modules/internac/SUNRA038.XM
2c3ca05210fc66c3c7f786b85a3e5136	1	237741	player+silence	ft2play	FastTracker v2.00	20	1408977	ed1cdbd2	3c584669	modules/internac/irealize.xm
2d17b5a14c12414f561542549ffbfe0b	1	181099	player+silence	it2play	Impulse Tracker 2.14+	32	1347631	22b72dde	3bb1d02f	modules/nacional/IBERIKA.IT
2dd53b695d30300f121ce34a63764304	1	439380	player+silence	ft2play	FastTracker v2.00	18	1340466	392e51a5	8c36b62c	modules/internac/SURNAT_.XM
2ddc694fddd64a3c07be59612922c07b	1	169657	player+silence	it2play	Impulse Tracker 2.14+	30	1311795	297036af	19977f53	modules/nacional/contrast.IT
2ddf3fa28b5cb9e3a2228c16f9c5b2bb	1	154982	player+volume	st3play	Scream Tracker 3.2x (GUS)	12	818516	d84e77d9	4d6a7617	modules/internac/SEASONOM.S3M
2ddf3fa28b5cb9e3a2228c16f9c5b2bb	2	81783	player
2ddf3fa28b5cb9e3a2228c16f9c5b2bb	3	17863	player
2e8d5c85342749eb55bd6ca3f5327e04	1	184679	player+silence	ft2play	FastTracker v2.00	30	942076	7f55f60d	98007795	modules/internac/sometime.xm
2ffe04e3b979ca90f03c1c6ac3a5a6b8	1	388586	player+silence	ft2play	FastTracker v2.00	16	2061451	1e565293	18d7637d	modules/internac/DARKNESS.xm
3066dcb68da8f7695271a2c7d7a99896	1	215587	player+silence	st3play	Scream Tracker 3.01 (GUS)	9	239228	9f0fee92	fe210c9e	modules/internac/V-GUARD.S3M
313af4f7e2b5b8f795bab7ce9625167d	1	398251	player+volume	it2play	Impulse Tracker 2.15	12	258274	23d0e968	8992241e	modules/internac/ek-depth.it
313af4f7e2b5b8f795bab7ce9625167d	2	35611	player+silence
313af4f7e2b5b8f795bab7ce9625167d	3	97699	player+silence
3162465cecf8e0120bd73b7b985891da	1	357696	player+silence	it2play	Impulse Tracker 2.02	16	413958	1d199c82	c7a9838d	modules/internac/KX-THESY.IT
31c23fa2ef322b99fd153c7d6cc12361	1	245032	player+silence	it2play	Impulse Tracker 2.14+	36	1191743	7c5d7332	6d6fbe63	modules/internac/RAP-EMO.IT
320a3747254f72c99eac74e9a56ea692	1	240003	player+silence	ft2play	FastTracker v2.00	20	1613636	ae759ce6	d136c413	modules/internac/JATEK.XM
322b57669ae0285fdd0f54f7c9cef9d1	1	264822	player	it2play	Impulse Tracker 2.14+	16	326837	ddc8e71e	410f7098	modules/nacional/autumnal.it
324e8e96e559f58e35c0034ccb6a0275	1	284437	player+silence	uade	Protracker	0	282154	45d615f8	3d6bf7cf	modules/internac/TMP_4AM.MOD
3340164e547d66c284e638015f565a84	1	130563	player	ft2play	FastTracker v2.00	16	699430	1538a7ff	70062bff	modules/nacional/EXPEDITION_TO_PARADISE.XM
33eeba4a151ccad11256a82245822dc8	1	102219	player	st3play	Scream Tracker 3.2x (GUS)	16	67982	fda0ce39	7ea7df07	modules/internac/MULTIPLIES.S3M
34005ce1c2cf7339f683ea75182e59ee	1	171782	player+silence	ft2play	FastTracker v2.00	12	552728	528c1d3f	165871ba	modules/internac/CAT_CLUB.XM
340745bbe25f4ddb16ef738709c85d65	1	202495	player+silence	it2play	Impulse Tracker 2.14+	8	215128	eb5591bc	6d8435db	modules/nacional/WND_WAST.S3M
345416261b88b72974db45161a586857	1	390997	player	ft2play	FastTracker v2.00	32	1578919	cdea61fe	3bb355f2	modules/nacional/AWS_MAGI.XM
34abf35a6c3735ae8ad92b567b9a173b	1	188007	player+volume	ft2play	FastTracker v2.00	26	377448	ec98e497	df8fd60e	modules/internac/_ERI.XM
34c62542b08e492f10426ec9bf02d346	1	498568	player+silence	ft2play	FastTracker v2.00	10	1505493	78ff442e	06921920	modules/internac/DEATH.XM
34d4b2c10f48b79fb7c1389d1660047d	1	303346	player+silence	it2play	Impulse Tracker 2.14+	11	652448	b0c0a8a0	9de85bde	modules/internac/wb-bsdor.it
357ffec42b5209ec89de1c20d8adde8d	1	236444	player+silence	ft2play	FastTracker v2.00	24	1123235	d6745932	80f630ad	modules/internac/SUBOT001.XM
359ee5e470c3cacf2fb91b876da2cf7c	1	171439	player+silence	ft2play	FastTracker v2.00	18	565165	2a641685	924d750d	modules/internac/PANORAMA.XM
35a0434804712cbd44d55d6f2c9e99f6	1	356552	player	st3play	Scream Tracker 3.2x (GUS)	14	447023	c7f94a43	756f552f	modules/internac/DEEPMIND.S3M
36151f4c36a9d1dc41375c3b86ac0bb3	1	274417	player+silence	ft2play	FastTracker v2.00	32	1358155	7c8e890a	976fd5a7	modules/nacional/THE_EYES.XM
36aaa11174bcff311456070428de6631	1	211836	player+silence	ft2play	FastTracker v2.00	32	880315	7de4baf3	773ff380	modules/internac/SCOTCH.XM
36c142cabb96fdd3f3291d21df790d85	1	205584	player	it2play	Impulse Tracker 2.14+	13	255006	a6a87837	51130a51	modules/internac/MILK0001.IT
3709bea4275a97b6bf865146183a3216	1	222076	player	ft2play	FastTracker v2.00	32	1549267	4788f1d3	5ac52212	modules/nacional/AWS_SPAC.XM
372920a814dbba6ed6cf35574c9d1c70	1	237750	player+silence	it2play	Impulse Tracker 2.12	11	58937	91fdb1f6	bbb6eccc	modules/internac/GRIND.IT
3782456682fc7ce9709d421b6f2f99d2	1	162603	player+silence	ft2play	FastTracker v2.00	20	918202	6832755e	ed31e9b2	modules/internac/SUNRA004.XM
37b1937d42841341f686cba02cdf2b70	1	270503	player+silence	ft2play	FastTracker v2.00	32	962398	51f5fa0f	773ff0cf	modules/internac/XILO.XM
37f83c9deae9e174eeb07b3d927cd530	1	345851	player+silence	st3play	Scream Tracker 3.2x (GUS)	16	510440	cc2df4fb	c18b66be	modules/internac/LASTREQ.S3M
385804b504f380e9f47ee8f9935f1511	1	390162	player+silence	ft2play	FastTracker v2.00	32	738178	656995f0	34f47efc	modules/internac/bogdan_rosu_crossing_of_the_energizer_man.xm
3910814f37647c6b8312e8cc8637ab5a	1	235592	player+silence	it2play	Impulse Tracker 2.14+	16	493506	20866acd	afc8e449	modules/internac/00_STEP.IT
3922ad69b81fab7d06e0942d095eb520	1	188811	player+silence	ft2play	FastTracker v2.00	12	818552	5f6cb777	03b0bce0	modules/internac/UNDERTHE.XM
39f1d327d8d4a7c1440b032f998f2147	1	132396	player	ft2play	FastTracker v2.00	8	330404	536e8385	bd595008	modules/internac/ONDRUGIN.XM
3a1ac786d8137037f27540122f1fd575	1	440025	player+silence	ft2play	FastTracker v2.00	20	1578838	11109382	ed56a232	modules/internac/MDE-AMBR.XM
3a5fa6b4faec9a550dbf1203f8403eab	1	343234	player	ft2play	FastTracker v2.00	32	697568	250bb64a	7df8dfad	modules/internac/HOI.XM
3b29ea56a1f12a73423918f93e29f6c8	1	119794	player	ft2play	FastTracker v2.00	28	846613	d4516ec3	0ea80474	modules/nacional/AWS_CAVE.XM
3b478d950709d46b0291b0cfd1f5cbdf	1	160638	player+silence	ft2play	FastTracker v2.00	22	460829	75f9e90d	78a82ad5	modules/nacional/MODULA2.XM
3b89ce2dbc905f17ef2fdb18959e396b	1	290644	player+silence	ft2play	FastTracker v2.00	18	976235	909f13f4	6c30d79d	modules/internac/M4V-SURR.XM
3bbf2c7ac0956d2c56780fb5e8ed5a2c	1	301479	player+silence	ft2play	FastTracker v2.00	22	571425	a316a4e4	44d54335	modules/internac/5TH_L.XM
3bc7295bd5528f1b8504e47668d305e5	1	258569	player+silence	it2play	Impulse Tracker 2.14	13	36934	51d1aeb8	c08d182f	modules/internac/BKT.IT
3c3616155e58621f21c8ba3953bf68e6	1	123811	player+silence	ft2play	FastTracker v2.00	14	512633	f5981f19	83ef55eb	modules/internac/YELLOW.XM
3c51ae684e1071ed3662fea1660f02dd	1	269975	player+silence	it2play	Impulse Tracker 2.14+	16	226891	c1bb8f7f	e43f2154	modules/internac/av-sec.it
3d74f8e32321ee3b21deedc96cb150a5	1	193346	player+silence	ft2play	FastTracker v2.00	32	978200	6fa2fc75	21f6184c	modules/internac/KKOWBOY.XM
3df1fbec2fd3abd9652b8f422239f1cb	1	329475	player+silence	ft2play	FastTracker v2.00	18	921614	3f73a775	bdd43d19	modules/internac/KILLED.XM
3e63f4b7a97e9d061adad395d3d3e5d1	1	252725	player	it2play	Impulse Tracker 2.14+	31	635354	e04a0ee9	bd832a7e	modules/internac/JB_CHECK.IT
3e72d1e6ac8dc36acde62bb2403925c0	1	290902	player+silence	st3play	Scream Tracker 3.2x (SB)	9	819762	82b6b463	e34e7ad1	modules/internac/ASCENT.S3M
3e8468bb3f9826a0c72467e31e9add7d	1	253293	player+silence	ft2play	FastTracker v2.00	28	829578	f3b69fda	3d36c8d7	modules/internac/J9_NIGHT.XM
3ebe0bb6bdd85f53f7c053c795139a93	1	350577	player	ft2play	FastTracker v2.00	12	508558	3a4d8d33	eea2b611	modules/internac/HANDWASH.XM
3ec459cb58920eada8eb41bc048e80ce	1	318130	player+silence	ft2play	FastTracker v2.00	20	576438	4f463e15	0c610351	modules/internac/auralsunflowercompo.xm
3edccb602d570fde1fc4155967bf1eda	1	238099	player+volume	ft2play	FastTracker v2.00	18	908560	a3338f8c	9372aaa1	modules/internac/G_DARKP.XM
3f6563dc0ab82a04d9930089c31903a4	1	153188	player	ft2play	FastTracker v2.00	8	533612	7a3b4f06	71373e5b	modules/internac/ATLANTIS.XM
3f7a0c8c9ede0223bd39126f0696a88a	1	250238	player+silence	it2play	Impulse Tracker 2.14+	32	597818	28c3154f	d364020d	modules/nacional/nn-drops.it
3fdbe8c9b440b2615b5c62697152ea51	1	365232	player+silence	ft2play	FastTracker v2.00	22	1016996	f65f1836	a9341aa8	modules/internac/SM-HUMAN.XM
401fd8ca43671418221be6ae143c7f4f	1	266479	player	ft2play	FastTracker v2.00	22	298427	36343485	6da95a75	modules/internac/LUV_U.XM
417d43d8691fed57d2bc47b3607ebf89	1	225647	player+volume	ft2play	FastTracker v2.00	16	746849	e1f0e976	b1c7395a	modules/internac/EQUINOX.XM
41f3b6180db195e2513965c8af18aa0d	1	232852	player	ft2play	FastTracker v2.00	14	447602	517337ef	4f1e9596	modules/internac/FISH.XM
439065cdc6ce1dcb9d65e0491cb07692	1	327719	player+silence	ft2play	FastTracker v2.00	22	1308265	537d92a4	0280f72e	modules/internac/TRAIN.XM
4579af9f76b9a5e967489b2b7f99026d	1	235368	player+silence	ft2play	FastTracker v2.00	16	2411617	0386a0c4	83eb4be2	modules/internac/CONTR3OL.XM
45a2916a52901d7ac00a038666f96184	1	576082	player+silence	ft2play	FastTracker v2.00	22	1115056	1f91eb30	dc46343b	modules/internac/CRYBOY.XM
45dc673c743fe0acd2ef6b471488c54d	1	125991	player+silence	ft2play	FastTracker v2.00	26	365700	4f5e6722	8dcd1517	modules/internac/BROWN.XM
46059afcd3e273e2e66180ba9bec865a	1	328910	player+silence	ft2play	FastTracker v2.00	26	988896	6038b7dc	72d8ede6	modules/internac/GL-MORT.XM
4657b37823b03798eace2b6f3469cc06	1	268661	player+silence	ft2play	FastTracker v2.00	32	1513561	82f3677c	5fd3a206	modules/nacional/THA_SARI.XM
47678bbc8d114a7fd9e43de720e8baa2	1	137604	player+silence	ft2play	FastTracker v2.00	26	945882	0d8b2d69	6167360a	modules/internac/MELPOP.XM
47d3b9d383e2f8e24c73fd7b6bbddabe	1	187091	player+silence	ft2play	FastTracker v2.00	28	869277	78303669	753369e7	modules/nacional/AWS_ADWH.XM
47e78878c3f05f3a72c06264e1fc4860	1	259844	player	ft2play	FastTracker v2.00	26	1263596	46181a8a	b6a18fd4	modules/internac/ZG_LIS_9.XM
491a3a703960dd42c415c11553103b00	1	316377	player+silence	ft2play	FastTracker v2.00	28	2028623	8d47117e	cad579d1	modules/internac/COLOURS.XM
491edf6ba1d6b6fd49e485165a617d9c	1	186453	player+silence	ft2play	FastTracker v2.00	32	931808	84e51801	1dd1889d	modules/internac/XN.XM
499571048efce2dd56d5cdeab0f0c3fd	1	409596	player+silence	it2play	Impulse Tracker 2.15	48	512113	64d61452	01f77076	modules/internac/SM-QRE3.IT
49fa35d50e772e9a9b5974b72be3df18	1	712763	player+silence	ft2play	FastTracker v2.00	26	993235	db9a48b4	11d599d7	modules/internac/ALIENLIF.XM
4a9114efa75b1e7d0bd919614e52721b	1	239768	player+silence	ft2play	FastTracker v2.00	32	2181013	8c7824fe	ebe174c0	modules/internac/prt_we8.xm
4abbc272d9ed12b0162319c1eb58cc16	1	201559	player+silence	st3play	Scream Tracker 3.2x (GUS)	16	155550	c80f513e	bd57ae8d	modules/internac/NOVALIQU.S3M
4af564ef496500f76f949d6f885659bc	1	207594	player+silence	ft2play	FastTracker v2.00	26	1112591	3e2a3cb9	5a3b4c88	modules/nacional/MAV_CELT.XM
4b816131c965f83407f4eb9f32d4a9ca	1	211271	player+volume	it2play	Impulse Tracker 2.14+	7	152390	e7411ced	8f32dcd4	modules/nacional/ACOUSTIC.IT
4b91bebc540127c1a12f84ceece78bc5	1	318024	player	ft2play	FastTracker v2.00	22	329926	da2ca5e8	a58578a3	modules/internac/VT-DEUSX.XM
4bb189493c2ea349482876a2c11564fe	1	288821	player+silence	st3play	Scream Tracker 3.01 (SB)	12	231021	93a982a0	1c1a265c	modules/internac/SENSUAL.S3M
4c88c4ca8e969d6b6510967a5eab4ae6	1	313679	player+silence	ft2play	FastTracker v2.00	20	862997	c0cf8e80	11ac6d13	modules/internac/217.xm
4c9de6d0b4a7c246da9ea469d6a04819	1	275777	player+silence	it2play	Impulse Tracker 2.14+	48	2134934	06a9d22a	41c126fc	modules/internac/DXBAQUP.IT
4d40b03ad15ed924a481bef7b124372a	1	325669	player+volume	ft2play	FastTracker v2.00	4	351267	4d78b91d	45ed0a60	modules/internac/Ajazzabs.xm
4d4702b529d08198c4546c9ece379055	1	96010	player	it2play	Impulse Tracker 2.14+	10	164019	7edf5407	bd00cc33	modules/nacional/WND_M36.S3M
4d738ba4d2ea60d00270359e6c28c3bf	1	180444	player+silence	ft2play	FastTracker v2.00	32	1443020	97beeed3	25801ac5	modules/nacional/THA_TRIP.XM
4dbb597bb6f1e0edb287d6f07e5d8551	1	273750	player+silence	it2play	Impulse Tracker 2.14+	16	468332	b22e6573	bd392552	modules/nacional/HAUNTED.IT
4df4c2e4152c1d3d125e9528ff21b230	1	156334	player+silence	ft2play	FastTracker v2.00	18	623635	489b31bf	e8cd6491	modules/nacional/ONE_SEC.XM
4ea21c63e3cc1e59feaccf998ca3d86d	1	167094	player+silence	ft2play	FastTracker v2.00	32	2971393	d788a841	ba2d1b42	modules/internac/APPEL3.XM
4ea7e2619b30a92a36edc03c88b04522	1	175932	player+silence	ft2play	FastTracker v2.00	16	525433	bd423e4a	19b6fdb5	modules/nacional/THEVOICE.XM
4eaf3a24d20c10b6e39aced3b36eebb4	1	121285	player	ft2play	FastTracker v2.00	26	568947	f6f8b30d	5e81bfde	modules/nacional/FX!-BEGI.XM
4ee9afd095617e2fbc2defd1ae9dfa20	1	185712	player+silence	ft2play	FastTracker v2.00	16	834766	bd1d68cd	0fb06772	modules/nacional/BEATA.XM
4efab2fb5a7fbb94164b72e085254e5e	1	281990	player+silence	ft2play	FastTracker v2.00	32	1250716	28e6ce68	fa7aa9e5	modules/nacional/AWS_ANEW.XM
4f0e0c4176e2e374de91e6e4460b9598	1	173023	player+silence	ft2play	FastTracker v2.00	20	842455	002f3c34	66f00464	modules/internac/WATCHING.XM
4f44975c2e394eae2b7e147aaa2aea23	1	653590	player+silence	st3play	Scream Tracker 3.2x (GUS)	16	566642	65dcca87	bb6f2adc	modules/internac/ICARUS.S3M
5077060a4a2a2d949af631c10f6cf50d	0	95452	player	libopenmpt	ModPlug Tracker b3.2 - 1.09	11	417371	5c6dcf83	c9be6f1f	modules/nacional/elim2.it
50c6c862a4f999dacb2ae0b602a8ff75	1	174730	player+silence	ft2play	FastTracker v2.00	24	122095	6f3283f1	a937c0c4	modules/internac/karg.xm
512f872a60996f58d6db2a96aece90b3	1	211914	player	it2play	Impulse Tracker 2.14+	20	1020850	e16de862	6f364fd3	modules/internac/Beryluxt.it
51d9b21b25a24fd9d7d61034b1347953	1	286293	player+silence	it2play	Impulse Tracker 2.15	22	2029411	dcbbd824	b8b1ad4f	modules/internac/DOMREMIX.IT
52a021f59009619fd019ac15a19a1476	1	276581	player+silence	ft2play	FastTracker v2.00	26	1332693	0fc39ae7	9576fe9c	modules/internac/CB-ANTS.XM
52dd751fe6403a6100f3ea426fbd3cee	1	393294	player+silence	it2play	Impulse Tracker 2.14+	16	598078	6aaaaeea	c7957444	modules/internac/PERNA.IT
53cee5781945994d4ea049dbcec42767	1	447489	player+silence	ft2play	FastTracker v2.00	14	1026464	73fbe8b7	24e9350e	modules/internac/DREAMR.XM
53e23db6f2b9d3fa80ed68eddf17f912	1	183649	player+silence	ft2play	FastTracker v2.00	32	1041015	99b5cc51	06ca33ee	modules/nacional/AWS_FANW.XM
5481c24191498f21bbbc7de369af6a42	1	251360	player+volume	it2play	Impulse Tracker 2.14+	14	564882	16e3130d	7abf6a15	modules/nacional/Dsp_fr32.it
5481c24191498f21bbbc7de369af6a42	2	46076	player
54b71de5f255d473994c79792c71436a	1	115722	player	ft2play	FastTracker v2.00	26	995220	68e2bb2d	5f92e060	modules/nacional/TEMA1_2.XM
55111824a6fc23adbf7e6f44ab45ddd7	1	172087	player+silence	ft2play	FastTracker v2.00	32	1487670	58c89d44	3af44559	modules/nacional/AWS_SEEK.XM
55723277df048c88204c79e3cd80a780	1	264163	player+volume	st3play	Scream Tracker 3.00 (GUS)	8	177828	7d472789	9744e6bb	modules/internac/MERCRAIN.S3M
55e8453df7aadeb14c6121ab956255ca	1	184767	player+silence	st3play	Scream Tracker 3.03 (GUS)	9	323026	fabdda54	6a42d4fc	modules/internac/NOBODY_DREAMING.S3M
56136bf5f56504f8f22cd7fbce5794b6	1	122675	player	st3play	Scream Tracker 3.10 (GUS)	5	17554	63c74a42	2e5e5d51	modules/internac/ARMANI.S3M
562a8541c3389a2a2d64f6b0adcbbc37	1	223180	player+silence	ft2play	FastTracker v2.00	28	1068512	6f2d95d0	3909ceb0	modules/internac/SCI-PROT.XM
56388289875dc8b503d0ce349002e450	1	223585	player+silence	it2play	Impulse Tracker 2.14+	37	460086	6a7dab0a	e8880d48	modules/internac/4-JEIK.IT
57470c4ec15dba48c6ffabfdee8e3130	1	187652	player	ft2play	FastTracker v2.00	18	741108	0c397ccb	f7afe1ec	modules/internac/MONICA.XM
57588fdd0cf92b205c1e1fdb35e0ca2f	1	241586	player+silence	ft2play	FastTracker v2.00	18	953978	0cca51d3	36b0889a	modules/internac/FOREST.XM
575be8392b5b55899a2afb3eb2decdaf	1	189733	player+silence	ft2play	FastTracker v2.00	24	933332	c4da93d9	a27987b7	modules/internac/HALVANY.XM
58af3b995a83231c1cdd2d4c91d75f70	1	188636	player+silence	ft2play	FastTracker v2.00	20	655538	963eeaf4	4f3c33e1	modules/internac/FRICTION.XM
59b458c03ddd1fc69c3816a2e412b6c3	1	168563	player+silence	ft2play	FastTracker v2.00	20	690988	8ee082bf	15f0869d	modules/internac/GAIA.XM
59b6cbce15d283de358a80ca7e7d2f94	1	171678	player+silence	ft2play	FastTracker v2.00	12	539644	32549365	97da1f90	modules/internac/AMU-CALA.XM
5a60c86f97e8a8eb12b287f524f7fa26	1	320418	player+silence	ft2play	FastTracker v2.00	14	794630	a4019c0c	a0199f55	modules/internac/SKJ_AMF.XM
5b1d0e4dc84880aee667c0e20796e2e9	1	184663	player+silence	ft2play	FastTracker v2.00	14	670634	27652f55	b171641a	modules/nacional/SUBLIMIN.XM
5bc5af10460a8e505a22a711dacc6432	1	224808	player	ft2play	FastTracker v2.00	32	935127	59b3056d	c34768e5	modules/internac/YGA.XM
5be3508b16b188462233a1f080b7674d	1	147727	player+silence	ft2play	FastTracker v2.00	22	956211	a123121b	4363a49a	modules/internac/SPINDRFT.XM
5c11ca9c7f081a2d9106a4a2f61d1865	1	242685	player+silence	it2play	Impulse Tracker 2.14+	23	182539	d743a436	51506cf5	modules/internac/CHENGQAW.IT
5d5db3175d04b4b5bb2805c67ddb3d32	1	205573	player+silence	ft2play	FastTracker v2.00	32	1969461	601d3569	56df3bb4	modules/internac/nf-anxi.xm
5dc74d286a3b3411578a6f243b66cf27	1	184722	player+silence	it2play	Impulse Tracker 2.14+	50	158197	d457470e	3b117d4c	modules/nacional/sax.it
5e162d016576586d5d161ed542d1c2ff	1	448471	player+silence	it2play	Impulse Tracker 2.14	38	1010450	54099573	8a71f43c	modules/internac/NX-GRBOW.IT
5e1ac06c35bc58b1c8807437f8cbf905	1	518173	player+volume	ft2play	FastTracker v2.00	30	2116172	6614ee02	e668be3b	modules/internac/NOVATION.XM
5f23ed9be847bd6acf9623e7730b48c5	1	401465	player+silence	ft2play	FastTracker v2.00	14	762188	68be7068	0ebc2917	modules/internac/CB-RETUR.XM
5f24b28711b24562401e724ebf12ca43	1	124770	player	ft2play	FastTracker v2.00	14	253083	e5318b0a	d3211fd4	modules/internac/ICING.XM
606468c6d48fdfa2efafe3f75c763eab	1	209152	player+silence	ft2play	FastTracker v2.00	16	598057	403245a2	8f273fff	modules/internac/ADRFT2.XM
60aa660b3017d8685b3fba4e801504a9	1	188268	player+silence	ft2play	FastTracker v2.00	14	953790	82ff6205	5d653d36	modules/internac/SWAY.XM
616df5df523e8208c9ff74f04bb14d72	1	242986	player+silence	ft2play	FastTracker v2.00	28	994210	db06af94	5ff66dc0	modules/internac/m6v-scan.xm
61cb2a48dff4137016b9afa92a4384de	1	265371	player+silence	ft2play	FastTracker v2.00	20	884291	e6b7148b	6fdbde0f	modules/internac/DEMO.XM
62df3b268c72d9db215798b53652722f	1	197567	player+silence	ft2play	FastTracker v2.00	20	771050	a1c28afd	716aeede	modules/nacional/SDJ_OCLU.XM
62e5845363dd77d2881d96afffe3c28b	1	232446	player	ft2play	FastTracker v2.00	22	937681	51daaae9	3a9806b1	modules/internac/CRYSTALS.XM
6374ee3eab5a0ce8546d9a575c231ff4	1	286807	player+silence	it2play	Impulse Tracker 2.14+	19	387553	8931e560	a1835e07	modules/nacional/UNPEACE.IT
638593c820ddb98e49bd2a2bede98c7b	1	102380	player	it2play	Impulse Tracker 2.14+	16	668752	a41e4eda	ce03b8a6	modules/nacional/WND_M9.S3M
63e400ec55200d3e3594fd63bcf6e941	1	95990	player	it2play	Impulse Tracker 2.14+	10	201943	cd129c44	22af98d8	modules/nacional/WND_M42.S3M
64750e849359dd4adcf9e3bceb1582c1	1	426980	player+volume	ft2play	FastTracker v2.00	32	2240146	5312958f	fcf13d41	modules/internac/Tadf.xm
6592217f74797980da56e4afdf024378	1	235714	player	ft2play	FastTracker v2.00	14	350418	0b37c774	ae515456	modules/internac/CALLBACK.XM
66270e3dd247d8d2e7ceb0419f6cd8d0	1	165935	player+volume	ft2play	FastTracker v2.00	10	706282	47c61c6e	69055af7	modules/nacional/GDJ-BUT'.XM
66c3c12ecadb26c32e39b68ddace7e8a	1	235765	player+silence	ft2play	FastTracker v2.00	20	1104602	a4641ac7	70084df3	modules/internac/TRIBES1.XM
6899fe2cb6f9ceb27610736f1ac40a90	1	252290	player+silence	ft2play	FastTracker v2.00	22	1459804	dcdf7a61	b4a2bd0b	modules/internac/no-affair.xm
695fb23699e1ae4bfdf680b60abdfa50	1	269604	player	it2play	Impulse Tracker 2.14+	18	193006	cfc9b595	50c780cc	modules/nacional/art.it
6bd90049edbdf7be3dc214f74ddab751	1	199476	player+silence	ft2play	FastTracker v2.00	30	1121103	4463f562	7a31e4b7	modules/nacional/Fx!-spir.xm
6bde47539c96242162c70d377e5d1089	1	399437	player+silence	ft2play	FastTracker v2.00	32	1521325	3294ac7d	751a0fbb	modules/internac/falcon_-_nicollete.xm
6c2eadb4e0a60442ecb38f183b43fba4	1	194667	player+volume	ft2play	FastTracker v2.00	24	1042021	59b9e1cf	e4603455	modules/internac/ORBUS.XM
6c6e4bbd7365bc9f76cdaa39b7999457	1	497720	player+silence	it2play	Impulse Tracker 2.14+	24	562805	1ef6eb2f	893b6478	modules/internac/CJ-NORTH.IT
6cda1903e8ede25b0f4c79965e43f826	1	273263	player+silence	ft2play	FastTracker v2.00	32	959897	c2b57f1d	b92a565d	modules/internac/nogsf-enveissamtale.xm
6d0817145e3ade1c614ed9bbccb1b6ae	1	172526	player+volume	ft2play	FastTracker v2.00	24	720149	42246607	ffc6004f	modules/internac/EAGLEYE.XM
6d1640e61351b86ee834cf6542434913	1	94965	player	it2play	Impulse Tracker 2.14+	16	723902	e8fc76de	ad6ccbbc	modules/nacional/WND_M1.S3M
6df975aa3037bd8a892503b92002c4e6	1	180204	player+silence	st3play	Scream Tracker 3.2x (GUS)	16	222254	ef3258f7	249f31a4	modules/internac/0QUECTTHAL.S3M
6e8938a3b52e73dda69d25a635a2df86	1	183281	player+volume	ft2play	FastTracker v2.00	16	555129	1194f374	52cf5a48	modules/internac/J9_moon.xm
6f1c3226e61d5331c29b5350f62a9f39	1	139434	player	st3play	Scream Tracker 3.00 (SB)	16	120474	183eb81e	7dd4e0cc	modules/internac/SPRING.S3M
6f21e7d676c77beb702b1740cab136de	1	382272	player+silence	it2play	Impulse Tracker 2.14+	26	3357971	ae8eb2cd	21e4250e	modules/nacional/AB_FRTS.IT
6f55f4f8aa224a131ef39cba93c289fa	1	107339	player	ft2play	FastTracker v2.00	12	145965	9ec629a4	3a4f1ac0	modules/nacional/CEIBE.XM
6f9b7b1e0036b08e54c3ba1818d6a507	1	174121	player	ft2play	FastTracker v2.00	24	500180	dcc6d732	bf3a9621	modules/internac/XR-END.XM
70729fca747919fb54bc903a6e894b8e	1	186499	player+volume	ft2play	FastTracker v2.00	14	1046422	6cb69517	ead8b83d	modules/internac/D-MINOR.XM
709f727bdef91068d41e52fc20c4e594	1	237032	player+silence	st3play	Scream Tracker 3.2x (GUS)	11	244510	76b939c6	24c95290	modules/internac/CONTROL.S3M
70e5a45f5ede188f8571690881bc5989	1	202094	player+silence	ft2play	FastTracker v2.00	26	1015383	bc942190	fe033062	modules/internac/WO_MAGIC.XM
70fd36c03dced18fa7d4643bfb398301	1	180590	player	ft2play	FastTracker v2.00	18	500000	f932293f	52039240	modules/internac/PEEKABOO.XM
7108aae8b98b9e5905e71e3e7922df34	1	146146	player+silence	st3play	Scream Tracker 3.2x (GUS)	16	341536	f3d677bf	51fc69c1	modules/internac/FOREVER.S3M
71777767b1f59c8f17c3d515f7ce6469	1	314331	player+silence	ft2play	FastTracker v2.00	32	1779013	6ac67c3b	3a4dc254	modules/internac/TREM.XM
71d6b8f9cefebeb4a6f3de95dcecd285	1	114637	player	ft2play	FastTracker v2.00	16	196342	e15f4020	ec5430bf	modules/internac/FF-NARSH.XM
7225b472f297d1ea3d3afc7ec59b3af1	1	296307	player+silence	ft2play	FastTracker v2.00	24	485903	fc265e52	66c5583d	modules/internac/CELTIC.XM
7281ed789688bf22819579c5330fd354	1	100612	player	it2play	Impulse Tracker 2.14+	16	846692	c2e6af33	a11d60e7	modules/nacional/WND_M5.S3M
729e8ee0dd8a7f611dbd46d20de2ed1f	1	184262	player+silence	ft2play	FastTracker v2.00	26	1559511	d97e0d93	e1fec6e9	modules/internac/SPINIT.XM
72a78b2ca89fadaeb8f68fc5169fa6a0	1	390331	player+silence	it2play	Impulse Tracker 2.14+	23	709369	98aefd06	04f8f3af	modules/internac/GAME.IT
7311ad7ff3b72c2fed84bf65bfc91367	1	249719	player+silence	it2play	Impulse Tracker 2.14	19	583613	735dafa9	401564d4	modules/internac/CJ-PURG1.IT
7311ad7ff3b72c2fed84bf65bfc91367	2	13322	player
733f6b9f9612a0aab03ff1f1c3b248cf	1	184818	player+silence	ft2play	FastTracker v2.00	30	1008217	6e5e76cb	972d41dd	modules/nacional/AWS_OUT.XM
73d812a91dc1e3b06604103d5455a02f	1	215789	player+silence	ft2play	FastTracker v2.00	26	1064954	483543e7	b693f3c4	modules/internac/FUSHIGIN.XM
7446cafe4178d3cc47cd156aaf734eb7	1	151305	player+silence	ft2play	FastTracker v2.00	28	814239	ffd3fb4f	e23f01b6	modules/internac/LAZYBOY.XM
745132d5453680d1f9d7100a9de4c556	1	212213	player+silence	ft2play	FastTracker v2.00	32	990026	cc2202c5	92ad7080	modules/internac/moonsh.xm
752ac8a3c3baf94e36ed08b26f647a47	1	249630	player+silence	ft2play	FastTracker v2.00	32	1124156	0963dcee	c1a303c2	modules/nacional/AWS_HOPE.XM
75352f43d7deee10919272662f90d2f6	1	288282	player+silence	ft2play	FastTracker v2.00	24	1715326	90a22d25	3d096551	modules/internac/kingofno.xm
75db68e1b11a2831ad835ba90245302f	1	290164	player+silence	it2play	Impulse Tracker 2.12	27	745993	ab0f52dc	88c367d3	modules/internac/INMYMIND.IT
76009a0a17e101bba46053251b1e54d3	1	234612	player+silence	ft2play	FastTracker v2.00	32	2212168	d78eb264	f1be3f35	modules/internac/APPEL1.XM
7614bbf8293f127634f406188307c3eb	1	234947	player+silence	it2play	Impulse Tracker 2.14+	14	105716	94b0242e	03d658bf	modules/internac/CLAMMY.IT
761676f2bc2ddc3374fbc4f6f7586203	1	205787	player+silence	ft2play	FastTracker v2.00	16	823517	03f3d096	00919dfe	modules/internac/PHLOP.XM
7669667cd3d80022c0e6eeaca6ba2dbf	1	277015	player	ft2play	FastTracker v2.00	32	1016675	da9c6955	60afdecc	modules/internac/DRMFLOW.XM
76ff86142b99b094a5209bb2c3054a97	1	474824	player+silence	ft2play	FastTracker v2.00	32	2409920	c3263d35	ae617650	modules/internac/SOFASURF.XM
771e7d22ffd45a9f9e9ba2efabd64ce5	1	153721	player	uade	Protracker	0	28620	df14cf5d	8d2068d7	modules/nacional/abnormal states.mod
78b2ae69fe320d2ff37274803047e3c5	1	188383	player+silence	it2play	Impulse Tracker 2.14	12	15940	2fe019c8	7711d487	modules/internac/MINASNEW.IT
78e562caa37412b128b9cd30184ab64c	1	184023	player	st3play	Scream Tracker 3.00 (SB)	16	154924	734e6a8e	82b125a4	modules/internac/PINBALL.S3M
78e562caa37412b128b9cd30184ab64c	2	45392	player
791ccbd254ef0c759797b7eb4cae35ba	1	244518	player+volume	it2play	Impulse Tracker 2.14+	18	248319	f52b2369	b9b3d4f4	modules/nacional/BLUEWAVE.IT
799df0c5c2055ba0bd1ea2e098247255	1	119120	player	ft2play	FastTracker v2.00	26	951677	5ebdce05	7862e51f	modules/nacional/TEMA1_3.XM
79a5ab724c309b797b45d720f90bed64	1	214801	player+silence	ft2play	FastTracker v2.00	24	1019353	cad09dd4	1f6daa0c	modules/internac/CBR-FDAW.XM
79e4a9dd5057a5e544616aa37f64f877	1	49528	player+silence	ft2play	FastTracker v2.00	4	530412	36807e09	fb90fd24	modules/internac/MUSIC3.XM
7a8af356d4ba53ba1e61c76a7fdb8c4f	1	320662	player+silence	it2play	Impulse Tracker 2.14+	17	41356	ecea938d	afbba4e7	modules/internac/0TODAY8.IT
7a97633b3d6fc0476c62c31d36c03176	1	125589	player	it2play	Impulse Tracker 2.14+	25	870985	f2afd7c5	a5ff0979	modules/nacional/TIMEGATE.IT
7b393fd9ec1a69af3f32d648d5f592a3	1	320050	player+silence	st3play	Scream Tracker 3.01 (GUS)	16	385095	b2af1535	cb890c18	modules/internac/V-VOYAGE.S3M
7b464622caaffbb52e746a8facad16aa	1	454191	player+silence	ft2play	FastTracker v2.00	32	1105986	f320f684	cd8e5616	modules/internac/LAPETIT_.XM
7b5e9147507f0e13747e4cb27561d49a	1	326273	player+silence	it2play	Impulse Tracker 2.14+	21	1590515	003b5f60	49710351	modules/nacional/AB_HOUSE.IT
7b923e7f60d87ee6673384a318ce73c5	1	297110	player+silence	it2play	Impulse Tracker 2.14+	29	954869	2b636519	dc311c4a	modules/internac/D&K_LIFE.IT
7bf51bbecbd6d0f22b9d2e47bb77567d	1	172439	player+silence	it2play	Impulse Tracker 2.14	13	357920	0e6f853e	45116eba	modules/internac/CLUSTER.IT
7c8e5476861652c05200c3cf0a61fc3f	1	580455	player+silence	ft2play	FastTracker v2.00	18	970421	b4a405a1	a56fcc61	modules/internac/VOYAGE.XM
7cb7ed3a6e6efaa93ed0ec8fb2c1c936	1	256509	player+silence	it2play	Impulse Tracker 2.14+	17	212216	33c707f0	d0a77190	modules/internac/JY_JAZZ.IT
7da16f6c3f725ec38ba0b83cddae10d7	1	327259	player+silence	ft2play	FastTracker v2.00	28	1161423	db8da70c	53f0ad5f	modules/internac/dead flower rev2.xm
7de403f57f00a507de4224278135acff	1	219620	player+silence	it2play	Impulse Tracker 2.14+	22	469263	d364fb89	19de098f	modules/nacional/spital.it
7e35416deaef6e05d846edaac4dda1b8	1	272034	player+silence	ft2play	FastTracker v2.00	28	1020888	fc1ed3e3	a0512c13	modules/nacional/AWS_GALI.XM
7e3657834a1863a5473a6c795ff1c134	1	103092	player+silence	it2play	Impulse Tracker 2.14	10	100017	b9706f82	7d22c322	modules/internac/PJAC.IT
7e566e5107eb3f41139604429d7db318	1	410760	player+volume	ft2play	FastTracker v2.00	8	491598	2383dedd	40b27407	modules/internac/SINCER~1.XM
7f31bb31a0fc2ade4870717eb3dc763e	1	117545	player+silence	ft2play	FastTracker v2.00	8	440639	b4d02801	4418b53d	modules/nacional/STDDEMO.XM
7fe9e36d424882665a0ff737643677f5	1	214723	player+volume	ft2play	FastTracker v2.00	30	1113085	cf38ac46	729b8185	modules/internac/HARVOFSL.XM
800292ce411c1baf6b78075cbe2f9d3b	1	123439	player	ft2play	FastTracker v2.00	8	19414	6887e401	854739c3	modules/internac/ASIA_MIS.XM
81ca025c4c02c51c754a08ddd94aaa1e	1	788096	player+volume	it2play	Impulse Tracker 2.14+	17	499455	51881dd1	0dd3fb05	modules/internac/HOLYLITE.IT
821ca1c82cd4e9de5e4ecb170898a597	1	198813	player+silence	ft2play	FastTracker v2.00	32	1263604	fdda7017	62e9aa73	modules/internac/TTK_ANDD.XM
828898f41fb8ad5d69051640151badb8	1	237470	player	ft2play	FastTracker v2.00	16	429588	89193a40	cb94a516	modules/internac/EXPLORA.XM
82a83b4c28fc0b6babc8641ad081ac05	1	136258	player+silence	ft2play	FastTracker v2.00	12	201144	3e9305df	089e0899	modules/internac/GRV-ABBE.XM
83139dfe52bc230bc191bc558aeff25c	1	173039	player+volume	ft2play	FastTracker v2.00	18	92759	8e105e43	6e8d47e8	modules/internac/SPINLES_.XM
83cd313483d320675f2282016d9cd39f	1	191719	player	it2play	Impulse Tracker 2.14+	11	380761	9cae31ec	58e1a052	modules/nacional/FIN_MILK.IT
84350c9d878ecfc7705d32577f08e38c	1	237652	player+silence	it2play	Impulse Tracker 2.14+	21	460630	c284292e	83ed71d4	modules/internac/PASSINGB.IT
847bfb149b1c90447680944c11cfcf81	1	164853	player	st3play	Scream Tracker 3.2x (GUS)	9	525427	a4a333e3	1f28d2c8	modules/nacional/MAGIC!2.S3M
847c5452f05b6776f6b069b3022f12af	1	140742	player+silence	ft2play	Fasttracker	8	20188	628ae0a8	7d88a6cf	modules/internac/DNE_TRTN.MOD
857d2596b0bf2fc1461096be40e2ec5b	1	167689	player+silence	ft2play	FastTracker v2.00	32	994137	a38bd58b	56bed30b	modules/internac/SMD.XM
858bec8ef9e8bdd19526754182d85884	1	195603	player+silence	st3play	Scream Tracker 3.2x (GUS)	15	1016324	50563fd7	41db264e	modules/internac/CLOSE.S3M
85bb09c0197ee2b5a8bfa4396ce72c34	1	305206	player+silence	it2play	Impulse Tracker 2.14+	13	341277	c17fc3cb	73c22cd6	modules/internac/20333.IT
86dacc717a793d055f21c216d47ab306	0	143578	player	libopenmpt	FastTracker 2 or compatible	20	123708	4f35b68a	7f4ff470	modules/internac/EATEN_.XM
875353a7c55e20c4299e04ebfd79ad0d	1	236167	player	st3play	Scream Tracker 3.2x (GUS)	10	205888	3e94fc3b	d832b45a	modules/internac/TEMS.S3M
879ce034e664dfa036c29bbb48bbe649	1	112789	player	it2play	Impulse Tracker 2.14+	14	127479	8183550b	189d13b8	modules/nacional/WND_M17.S3M
880139cce6a913366e8d2bb6a215e31a	1	238667	player+silence	ft2play	FastTracker v2.00	20	1975090	cf7ea025	d573bf8e	modules/internac/AUTUMN.XM
883de6b0940fb666c1dbd1e52cc890aa	1	196945	player+silence	ft2play	FastTracker v2.00	8	465468	bda41937	851cdc50	modules/internac/EMASS.XM
88978cb5f895078f84768fa695f8b0a1	1	310164	player+silence	it2play	Impulse Tracker 2.14+	20	487555	61ee3a9b	63ac5841	modules/internac/DOOBA.IT
88a21298d1aac1e047cd3afbb329b698	1	242448	player+silence	ft2play	FastTracker v2.00	32	1803385	52d843a2	1d3eac09	modules/internac/LA8B.XM
892b868e6c8769dc89585f3cb613e174	1	203793	player+volume	it2play	Impulse Tracker 2.14+	24	639142	74bea4ee	617b8135	modules/nacional/WND_WISH.IT
89a4dce0677f0e88bf529aa7ef13c66b	1	153060	player+silence	ft2play	FastTracker v2.00	20	803765	47fca467	7fabb56f	modules/nacional/MIKRAINE.XM
8a4e4d84c8775e4b2cdfd6c04e51a94d	1	379986	player+silence	it2play	Impulse Tracker 2.14+	12	355355	38b515eb	a498e066	modules/internac/meanwhle.it
8a6663e7d1acf4e3125b70d06a10db8f	1	346592	player+silence	it2play	Impulse Tracker 2.14+	27	863759	210bfd87	1a682d11	modules/internac/kalapaki.it
8b62d1339f49ee05d0feb128224043d4	1	320927	player+silence	ft2play	FastTracker v2.00	16	1450150	559f7ef8	388aec6d	modules/nacional/EXEGESIS.XM
8bb99420fe46967d1da7e0004fb90cef	1	246388	player+silence	ft2play	FastTracker v2.00	26	1109733	a3b17789	31581c31	modules/nacional/AWS_LAST.XM
8bbe157bb97bf2dad49f6ca695545c46	1	238341	player+silence	it2play	Impulse Tracker 2.14+	46	644175	9a9d27b8	f5b09594	modules/internac/2-3KK.IT
8c70b22a834a20e5c8a08e186f808857	1	116608	player+silence	ft2play	FastTracker v2.00	8	144903	ce25ff96	71e5e084	modules/internac/kraftwerk__computer_love_px_remix.xm
8d043bda3d1c88ca99b58d2b73701d2c	1	311827	player+silence	it2play	Impulse Tracker 2.14+	24	1040341	0c9000c5	9baedefa	modules/internac/W-MOI.IT
8d40dba03d19e3da7e1ffb4bbda3eb7a	1	232456	player+silence	st3play	Scream Tracker 3.03 (GUS)	14	507900	3ba64a59	5be27c45	modules/internac/X14_HAISTA_POKS.S3M
8d87b06ec960e878f65ec7b82b10da8f	1	276668	player+volume	ft2play	FastTracker v2.00	32	1300378	32fd4678	7097f732	modules/nacional/AWS_FORE.XM
8d8c6a438125341cc4af567f934cbf5e	1	331166	player+silence	ft2play	FastTracker v2.00	32	964361	f4bca801	e81d5b11	modules/internac/TE-2RX.XM
8dcaf29b17013b8e24a50b5f359b8596	1	314973	player	ft2play	FastTracker v2.00	24	2383408	0ed13372	ae91060d	modules/internac/DISTFARM.XM
8e8720beead1e32db553605524373d96	1	95990	player	it2play	Impulse Tracker 2.14+	16	352466	96656d2e	217e6539	modules/nacional/WND_M4.S3M
8f3b36f979f0bd5865c239baea729e67	1	370984	player+silence	it2play	Impulse Tracker 2.15	19	1258408	b090c0ba	1b9c8dec	modules/internac/MAINTH.IT
8f3b36f979f0bd5865c239baea729e67	2	10649	player
8f3b36f979f0bd5865c239baea729e67	3	285318	player
8f64baccde3571aa48af414da7b34894	1	221837	player+silence	it2play	Impulse Tracker 2.14+	26	587772	93ff5b76	5425e5c9	modules/nacional/NF-TREND.IT
908c952aae6ae1917fe063f87fe1d7f2	1	176665	player+volume	ft2play	FastTracker v2.00	24	355345	a4788a7b	c3155471	modules/internac/TMP_ILTA.XM
90a8e9a425161c55e16999c370f6e8cb	1	154060	player	ft2play	FastTracker v2.00	32	820713	d3ea3b6b	5417e527	modules/internac/28little.xm
9144959a7682dcda9ab141181342de83	1	175693	player	ft2play	FastTracker v2.00	16	797876	c6fa7079	67fc36f7	modules/internac/BPEST.XM
917068b0d20c784125f76798de6b9916	1	116181	player+silence	ft2play	FastTracker v2.00	12	658090	8f8b2f52	3648958d	modules/internac/CHILD.XM
9197b58f210ff7043baf673c48645b6f	1	209627	player	ft2play	FastTracker v2.00	32	1401611	3bcaa1ff	724277e3	modules/internac/FMC_2NDW.XM
91d383d8508d39d7636e21def2a33a06	1	467280	player+silence	it2play	Impulse Tracker 2.14+	15	338852	bbf574f8	8a6e488a	modules/internac/TARKA.IT
91d383d8508d39d7636e21def2a33a06	2	14701	player+silence
91fe4ff432ea2ed849720aa8d0999c39	1	179114	player+silence	ft2play	FastTracker v2.00	28	5483000	5791e85c	21a0d1f9	modules/internac/APPEL7.XM
921c0ada2867760515e22f2b738e64ff	1	148239	player	ft2play	FastTracker v2.00	26	1315675	c132426c	d3c272e2	modules/nacional/FX!-PARA.XM
92275b903da7a47166a4c86885afba10	1	157565	player+silence	ft2play	FastTracker v2.00	18	161840	bcac2aab	aa76b6cb	modules/internac/STRANGE_.XM
942d2888a4021bdc410dd9f616835d3c	1	184271	player+silence	it2play	Impulse Tracker 2.14+	9	977927	8fad2d31	a412ef3c	modules/internac/Bananalq.it
9448c0d7fbc7033e64089980b5390629	1	171415	player+silence	st3play	Scream Tracker 3.2x (GUS)	10	514517	76ad28c4	4616a801	modules/internac/FM-SKYS.S3M
944c12b194ead04f2e493d8be130a2ae	1	60609	player	ft2play	FastTracker v2.00	10	24820	9e4b30af	64d532de	modules/internac/10NINA.XM
95076d0cd1f01d3684f5d67ffbedcc6b	1	156146	player+silence	it2play	Impulse Tracker 2.14+	21	44114	4cd6ffc4	1e064801	modules/internac/BELFASTU.IT
953c5d534bc0e7c939e164fc1038f1dc	1	175075	player+silence	st3play	Scream Tracker 3.2x (GUS)	12	291427	3e503961	f13634ea	modules/internac/K_AUTUMN.S3M
958ace8dea789a28dd62abf476358bd7	1	315484	player+silence	it2play	Impulse Tracker 2.14+	63	1227626	2ae0ec08	a2f095b4	modules/internac/SM-CVML.IT
95bb4c42aeb8a0f7261467eb3fc2e997	1	144899	player+silence	ft2play	FastTracker v2.00	26	1445619	55d46291	353c389e	modules/internac/end.xm
95e1004ad64f2fd2164ab415c906c012	1	124178	player	ft2play	FastTracker v2.00	20	564082	e56a5860	a3d1b6f0	modules/internac/SHAPES.XM
961c46db0ec09e15b557046cf67961f4	0	193349	player+silence	libopenmpt	MultiTracker 1.0	17	263625	c882f5c7	8939d10a	modules/internac/V-LOST.MTM
96620f16867e94d431d8cfbd4ac3a163	1	291195	player+silence	it2play	Impulse Tracker 2.14+	26	763277	05321fc2	022b8a19	modules/internac/1-LALLEE.IT
972f34e12b7e8dd13d744d65baa1afb4	1	167201	player+silence	ft2play	FastTracker v2.00	16	707263	93dcd35d	640d1c5b	modules/internac/JOYINA.XM
9864af64a13cdb0c5fd5b88176a4268b	1	137515	player	ft2play	FastTracker v2.00	32	2304831	62ce5b7e	389936e4	modules/nacional/AWS_SURP.XM
98a4bb349aa7900b6ec281898a0ed707	1	386457	player+silence	ft2play	FastTracker v2.00	32	886513	cb45884f	0b45be24	modules/internac/B.XM
98c704c9debebc5b9525e67f281dc03b	1	412535	player+silence	ft2play	FastTracker v2.00	20	577539	21167316	d71b5975	modules/internac/SUNSET.XM
98d86cea6627dbcac69b349388a774d9	1	248519	player+silence	ft2play	FastTracker v2.00	24	1829797	4f166ea6	2bb84032	modules/internac/RBI-VGRS.XM
990bb094899891a1b843bbaf46989965	1	143578	player+silence	ft2play	FastTracker v2.00	24	521362	18f0eb58	f6af40d1	modules/nacional/fx!-ring.xm
990d5e8effd939a54292cf4d89e69dfa	1	247078	player+silence	st3play	Scream Tracker 3.2x (GUS)	14	672678	7be2fd16	ed111151	modules/internac/K_EMER.S3M
9933a9e1dc828cf9809c042b248581ce	1	210042	player+volume	ft2play	FastTracker v2.00	24	315921	e8229394	d292acb4	modules/internac/M5V-EMEL.XM
993e3dafd79ee091fdb18259e146848a	1	185334	player+silence	ft2play	FastTracker v2.00	22	928388	c2fe130a	031e929e	modules/nacional/GDJ_DUCK.XM
9988018f9786325652bcdba4734ce184	1	241165	player+silence	it2play	Impulse Tracker 2.09	14	282354	19b631dc	0caa440f	modules/internac/THREATEN.IT
99c23c6ed248d03e064b366f4a67afe9	1	272198	player+silence	ft2play	FastTracker v2.00	20	1009864	b9ba0679	1a1e2912	modules/internac/ENLIGHTM.XM
99ce3b35a948a9d86161d24886346f26	1	387949	player+silence	it2play	Impulse Tracker 2.11	22	939913	a012c5bc	a8bd9a87	modules/internac/NTIMID.IT
9a060790b50c9d42d8a5a7d03bdafccf	1	229510	player	ft2play	FastTracker v2.00	30	1396087	65905709	e07f890d	modules/nacional/AWS_MAC1.XM
9a0d141a20155c77f924ae998852a823	1	237049	player+silence	it2play	Impulse Tracker 2.10	12	330046	bbcb08ca	82251f34	modules/internac/CJ-VALLE.IT
9aa22c8cef579f92a132f5ee38aefae6	1	175787	player+silence	it2play	Impulse Tracker 2.14+	24	871597	b172956e	08c24a4c	modules/nacional/AB_FURM.IT
9ad45b0cfe1b5a3c17c0493ff77ca433	1	781130	player+silence	it2play	Impulse Tracker 2.14+	31	1046555	ea09ea1c	bdfd2305	modules/internac/trch-wil.it
9af2be510027158f33cb2c3de7a50076	1	176555	player+silence	ft2play	Fasttracker (M.K.)	4	295214	5bec64b9	02d409e1	modules/nacional/CENTER_M.MOD
9b19a440f76e142ca9eb749a864bddc6	1	160050	player	uade	Protracker	0	316974	108a418d	12335cd9	modules/internac/HAZEL.MOD
9b9214229693202304dd0d9857f1f9ca	1	205371	player+silence	it2play	Impulse Tracker 2.14+	22	630354	c438855b	0b724c80	modules/nacional/ovf_22.it
9b972e24128cfbc0bb29b63886153d66	1	224486	player+silence	it2play	Impulse Tracker 2.15	20	1364227	95db3c29	ddb7579a	modules/internac/TRUITES.IT
9bd01b193fecaee5d8970b0c184259c8	1	335018	player+silence	ft2play	FastTracker v2.00	18	480357	15f64fed	0e8040da	modules/internac/5TH_KESK.XM
9c6f6496dbb4a1de1d7eddc04fd0c85a	1	89968	player+silence	ft2play	FastTracker v2.00	8	188026	2463525d	09508d8f	modules/internac/END-PART.XM
9cb1976bf1e2ad6fc0ae1cc9fecff7a6	1	220108	player+silence	it2play	Impulse Tracker 2.14+	30	265563	6510901e	0d7e498b	modules/internac/02CHINA.IT
9d208cee0d0cba69dd77f4fd92cab2c5	1	187367	player+silence	it2play	Impulse Tracker 2.14+	47	1073597	d1900722	b66d7863	modules/internac/propel.it
9d60a1558a9a6743d5ce08ec884bab57	1	201173	player	ft2play	FastTracker v2.00	18	413812	54c5eff8	acb31c6c	modules/internac/HUGI11.XM
9d8e91058c497b0c19a7dc61b26b016c	1	246234	player+silence	it2play	Impulse Tracker 2.14+	14	401975	c4851a46	646bc1d2	modules/internac/00_TIME.IT
9e521c8b55d05139b06f1448b33c94c3	1	249888	player+silence	ft2play	FastTracker v2.00	20	825099	f93c128f	5aa5bb42	modules/internac/QUARTER.XM
9ec723d412f7560d75786d6537267ee1	1	182257	player	ft2play	FastTracker v2.00	18	717709	751c4c14	d2be9a4d	modules/internac/TRUEROAD.XM
9efc1472e15394307e9480d8c8715232	1	262285	player+silence	it2play	Impulse Tracker 2.14+	32	557099	d122e3d5	69870355	modules/internac/AGUTI.IT
a022c3a070477fa117f5ba55e2cff24d	1	158989	player+silence	st3play	Scream Tracker 3.00 (GUS)	10	153648	196cf771	4f26bed1	modules/internac/AMAZONAS.S3M
a1564b8dcd41e4bb6ca73011465f7d93	1	120343	player+silence	ft2play	FastTracker v2.00	18	334831	bd98ff35	60b930df	modules/internac/CS-BRACE.XM
a2088b2cb2feeabe648c6accd61bdff0	1	280191	player+silence	st3play	Scream Tracker 3.2x (SB)	16	225152	2c8b8cd0	db2f5342	modules/internac/LEM-JOUR.S3M
a26e943e61beff2d01f6b242421a7324	1	257584	player+silence	st3play	Scream Tracker 3.2x (GUS)	11	401224	8a2e3f3e	5e452388	modules/internac/ATO.S3M
a2bf88f2d381675715a0acf3f386ec73	0	453398	player	libopenmpt	ModPlug Tracker b3.2 - 1.09	15	579086	c74eb0fa	e5a80cc7	modules/nacional/elim.it
a2c7de3772d1b5c798cbd121326ce3c9	1	235741	player+volume	ft2play	FastTracker v2.00	32	1323760	8ac6389d	50d12332	modules/internac/APPEL11.XM
a2d98df64abc1b1e4944f187790350ff	1	415439	player+silence	st3play	Scream Tracker 3.2x (GUS)	10	271408	9f3bdb7c	b7feb3e9	modules/internac/PARADISE.S3M
a2defbbd41f3b2de2337dc7b926cd130	1	249611	player	it2play	Impulse Tracker 2.14+	28	388104	296a390e	d99bfd9b	modules/internac/Noche.it
a2defbbd41f3b2de2337dc7b926cd130	2	69729	player+silence
a32ec1130e5d0e8866b4f121802323f0	1	136038	player	it2play	Impulse Tracker 2.14	14	205056	03595eeb	330c399a	modules/internac/MINASDEW.IT
a3c39d175b5f34c035c4821c517d6652	1	210042	player+volume	ft2play	FastTracker v2.00	24	316416	098bf327	25e92c95	modules/internac/EMELIE.XM
a42cefe9cda97cacfda99892c064f803	1	311487	player+silence	ft2play	FastTracker v2.00	32	1057445	d740046a	ce9b4482	modules/internac/XR-KARN.XM
a4874b0805a2ad12b78439ba0b5e5d23	1	256239	player+silence	it2play	Impulse Tracker 2.14+	19	1289380	da8cc3db	3093295d	modules/nacional/Dsp_fr25.it
a4a221de25ffae2f973fe6728735a2e7	1	231385	player	it2play	Impulse Tracker 2.14+	21	523466	f8403db5	3b71316c	modules/nacional/Ab_sp00.it
a4ccefddbbc3a53b8ff9334f27ea234c	1	259876	player+silence	it2play	Impulse Tracker 2.14+	14	166279	34a7472b	3728ea37	modules/internac/VV_4.IT
a53bf26694fc727fe9f0fc3496c611f1	1	403191	player	it2play	Impulse Tracker 2.14+	30	1330864	35923a96	7dfa0bac	modules/internac/BALSAM9.IT
a53de252e10bdd53a525ea0e7c7e732a	1	166139	player	it2play	Impulse Tracker 2.14+	10	328764	a3206520	3d4aa1f0	modules/internac/PMI.IT
a567ad5256857da6836ab4d46b6479a5	1	257084	player+silence	ft2play	FastTracker v2.00	22	1097083	511962c9	b3060472	modules/internac/SEPARATE.XM
a5abdcd3fbb7cdc70f2510865a32a414	1	176731	player+silence	it2play	Impulse Tracker 2.14+	31	1011465	4e4761ce	ef1b9677	modules/internac/MST-TIDE.IT
a5b89aa34984521ffea145a83281d407	1	216206	player+silence	ft2play	FastTracker v2.00	28	2506628	76b06e58	9eac4b9e	modules/internac/AprilSno.xm
a5ccf3d16a0d061dc10a7c272c50bc9a	1	194711	player+silence	ft2play	FastTracker v2.00	32	3372172	e6d1e0d1	53ca8023	modules/internac/APPEL4.XM
a5eb67df85941b5e690635bd1fbf4a5f	1	400415	player+silence	it2play	Impulse Tracker 2.14	28	182586	02962b10	39c5185d	modules/internac/DOUSED.IT
a67a74517ebc27f732a32da2cf9625d3	1	133094	player+silence	ft2play	FastTracker v2.00	32	697985	d997c008	77303ffd	modules/internac/everlast.xm
a6e9559d03da89eb5e42178d457eff60	1	283523	player+silence	it2play	Impulse Tracker 2.14	14	70586	14935824	8fd88f36	modules/internac/GLASS.IT
a7a742c6c6d162502211509ddc0baf80	1	722685	player+silence	ft2play	FastTracker v2.00	22	1001617	5e11879c	4697078c	modules/internac/AMBROZIA.XM
a7b3ccb1e588dbb45df8fb8c67766131	1	171064	player+silence	it2play	Impulse Tracker 2.14+	30	764357	a2c177b3	c76c7348	modules/nacional/HAUNTED2.IT
a7d5ad34ed9c9afa06daa3f35240daf1	1	255175	player+silence	ft2play	FastTracker v2.00	16	246448	cca667c2	ab01cb52	modules/internac/MOU.XM
a836bbed3ce9ca825fe2b90a78fa6960	1	299237	player+silence	it2play	Impulse Tracker 2.14+	15	160633	41fae2d9	1f0d32bb	modules/internac/WWM.IT
a87e7ba467db71e7c592cba4ea9a6ff9	1	92152	player	it2play	Impulse Tracker 2.14+	14	108707	bd899337	57489be2	modules/nacional/WND_M28.S3M
a8af55e36ec5952af8105ca3f58f8eb1	1	318450	player+silence	it2play	Impulse Tracker 2.15	10	1492055	3db035c5	c41999b5	modules/internac/KRI#DZSM.IT
a96124533d1ce9d25fdbb866ef93f352	1	188129	player+silence	it2play	Impulse Tracker 2.14+	24	1373047	31f89d9d	d8326e02	modules/nacional/NW-LIVIN.IT
aa24e4b45f983fc222930fa948f3119e	1	120652	player+volume	ft2play	FastTracker v2.00	18	273563	26f05279	3ad045e8	modules/internac/FF-CRYST.XM
aa6ffac67da3874eb9410b2399810d51	1	227272	player+silence	ft2play	FastTracker v2.00	32	970133	1b2fbb19	c5289c96	modules/internac/CXIB.XM
aa9d52298adb49051ebb832e903484c7	1	278697	player+volume	ft2play	FastTracker v2.00	24	1139341	bf7b382b	b4a770ac	modules/internac/a-move&velvet_-_splinter.xm
ab18dbf52ca1c99026df7235bc0472e6	1	265189	player	ft2play	FastTracker v2.00	32	891957	e525a098	f660d6ce	modules/internac/L6.XM
abd20289d0c2581bb9303e569211184b	1	212078	player+silence	ft2play	FastTracker v2.00	22	3145205	53327e27	16acd45f	modules/internac/MTZ_DUST.XM
ac82ecdf5ee32e5236e77aafdb99af78	1	342844	player+volume	it2play	Impulse Tracker 2.14+	41	766247	27becc4b	e55fac7b	modules/internac/ge-hmw.it
acef70a2d567ba56cf21630876abeda7	1	197497	player+silence	it2play	Impulse Tracker 2.14+	20	929338	c2e02423	75b1bb68	modules/internac/XEQ-COMP.IT
acf2c602c3338aa7e8afefff6bb7a7f9	1	236310	player+silence	st3play	Scream Tracker 3.01 (SB)	6	465774	f802731f	a9b7098a	modules/internac/AEIO.S3M
acf4af494924051512ecc1acf7829b64	1	167557	player+silence	ft2play	FastTracker v2.00	14	980559	425531ac	09ed9a7c	modules/internac/NN105.XM
ad4890cc92aeed5d18c8f67e6e92ef39	1	251220	player+silence	ft2play	FastTracker v2.00	20	296204	c7df1685	2cdbaca4	modules/internac/FIVESEA.XM
ae40e143bf3c2dfc43b8fd2dfe278a7f	1	176690	player	ft2play	FastTracker v2.00	10	542839	6286adac	1e70778a	modules/nacional/REPORT.XM
ae6028d31aa6cf2ffbaaf17371bded65	1	283276	player+silence	it2play	Impulse Tracker 2.14	26	497143	89d1120a	ac2d137d	modules/internac/ZN-SHIVE.IT
ae6028d31aa6cf2ffbaaf17371bded65	2	41273	player
aee67d341449d601f48bc4d997435ba9	1	122189	player+silence	ft2play	FastTracker v2.00	14	1568666	47a7f9f8	7021982a	modules/nacional/MERIOH'.XM
af70de64eafb430db152c00e050eb99e	1	225788	player	ft2play	FastTracker v2.00	26	977339	d95fd31b	fa82fa8e	modules/internac/SG-VISM.XM
af849a5a107145564ac146dde386ab27	1	215365	player+silence	it2play	Impulse Tracker 2.14	25	469894	64e1ebdb	cba9e632	modules/internac/Lv-sojrn.it
b05d6bb8f54c75bbaa7061c26d832f7a	1	180462	player	ft2play	FastTracker v2.00	16	349599	72df39dc	c33776b3	modules/internac/STELLAR9.XM
b1489e75457fa0e4ffdcbca4172928fd	1	389070	player+silence	it2play	Impulse Tracker 2.14+	16	544257	92ad5ed4	853b54c7	modules/internac/05CHINA.IT
b290d045bf49bf22ce179f425f06752b	1	128982	player+silence	uade	Protracker	0	460968	02278f5b	3e814997	modules/nacional/NF-GRAD8.MOD
b316c196589d31f71022229c7f6a0911	1	436269	player+silence	it2play	Impulse Tracker 2.14+	12	1054376	a6bcbfb1	d650b3e9	modules/internac/KUSTAA_2.IT
b3727adc322f4b5ee38eb998270a317d	1	278737	player+silence	ft2play	FastTracker v2.00	18	1883626	d222dc21	5d5b7a8b	modules/internac/CYBEREIA.XM
b37ce61530a221aed35fd2e79691adf9	1	292266	player+silence	it2play	Impulse Tracker 2.14+	16	648608	cbef2b13	601b7c5b	modules/internac/TMP_ANGA.IT
b4319480549380132054763b41a97705	1	198009	player+silence	ft2play	FastTracker v2.00	32	2449690	26070caa	0bfa0455	modules/internac/APPEL6.XM
b4655544074fe84d78981034eed750af	1	97838	player	it2play	Impulse Tracker 2.14+	13	372704	2fa69b8e	7485ffe0	modules/nacional/WND_M40.S3M
b57362dc474cf385ba86c0668738d655	1	178955	player+silence	ft2play	FastTracker v2.00	16	984989	4bf6d15b	5739426b	modules/internac/ANGEL.XM
b60b1b7806b3598b828e61c20c077a0f	1	239178	player+silence	ft2play	FastTracker v2.00	16	255293	8877a3df	bd3cf56d	modules/internac/WO4SIGHT.XM
b6af29bbeb7bdd656229b1a8eb212ff9	1	188994	player+silence	it2play	Impulse Tracker 2.14+	16	502634	c946b511	9b91019a	modules/internac/monument.it
b6b94a62f03d8af22fabc5fcafeab9f5	1	525195	player+silence	it2play	Impulse Tracker 2.06	28	976642	07f44261	49e48633	modules/internac/DIAMOND.IT
b722298ee5030eaae39dd8434f775384	1	232370	player	it2play	Impulse Tracker 2.14+	25	795636	863c1add	0689cd42	modules/nacional/ovf_deta.it
b7489bc0e004dab7cc4d18a493648364	1	353438	player+silence	ft2play	FastTracker v2.00	16	899777	bd566799	996aba1e	modules/internac/TRIBES2.XM
b8197d651cdc0bb56f54b03e6a00e979	1	183079	player+silence	ft2play	FastTracker v2.00	4	501060	defc092b	3c1453b9	modules/internac/ABSTRACT.XM
b82d79b08197c75ce386cde3e4cad264	1	159546	player	ft2play	FastTracker v2.00	16	286137	39921dfc	d1a55baa	modules/internac/FF-ROSA.XM
b9b12dc203350c1c674421adc8fcf596	1	473592	player+silence	ft2play	FastTracker v2.00	32	6846894	40e5d0e4	1509f79a	modules/internac/OPERA.XM
b9b65c71d4ea4aa29ad20725adf69269	1	247909	player+silence	it2play	Impulse Tracker 2.14+	15	797398	8dbffb6f	da8acf9f	modules/internac/CAFELA.IT
ba3909c1ba0188419a4964a8753b47b8	1	430399	player+silence	ft2play	FastTracker v2.00	18	1060066	6b150286	ac521d48	modules/internac/MYSTYLES.XM
ba657d89cfa6cefc4227208a0cb6ed1d	1	148686	player+silence	ft2play	FastTracker v2.00	16	333498	7dbc54dc	473456b6	modules/internac/JANGO.XM
baa8cd26de057d2d78f1a098d5551d98	1	186145	player+silence	ft2play	FastTracker v2.00	22	922583	785eff1f	b61b63cb	modules/nacional/ibetterq.XM
bae0f8483e98e3ff3ad3954b2cb6042e	1	41934	player+volume	ft2play	FastTracker v2.00	32	2137883	3ff27576	87cf6af7	modules/internac/APPEL2.XM
bafd5d5ffb305eeabbd2952435077e5c	1	333358	player+silence	it2play	Impulse Tracker 2.14+	16	291616	fc9eff3b	b09681d0	modules/internac/ANGBAND0.IT
bb19a54ed2ab8ca1623d269700cbe3ad	1	186640	player+silence	ft2play	FastTracker v2.00	18	703267	0bb666d3	d6fc6b85	modules/internac/Casual.xm
bb6e64b8f9c7b8082247b00ebc5d726d	1	84431	player	ft2play	Fasttracker	8	610270	dfc46eb4	dbe5540a	modules/internac/AMARILLO.MOD
bd3963cc8210880ef3b849451abb1ec3	1	95990	player	it2play	Impulse Tracker 2.14+	14	144918	47eb3db9	0cdc7711	modules/nacional/WND_M33.S3M
be90da13617503cca91f63f15d085850	1	433230	player+silence	it2play	Impulse Tracker 2.14+	23	299399	ae19e9be	3661e378	modules/internac/TYPICAL.IT
be973eff3eb885f04c82c6c1efed22d2	1	180366	player+silence	it2play	Impulse Tracker 2.14+	26	1099155	e6de31b8	22f7f1f2	modules/nacional/TRAVEL.IT
beb9862ff8f4a199125b568c5fa66f72	1	196065	player+silence	it2play	Impulse Tracker 2.14	14	431098	a001a290	8a7185e5	modules/nacional/NF-DAZZC.IT
beda31185294aaa28656a9851265c703	1	521667	player	st3play	Scream Tracker 3.2x (SB)	16	328504	a42521cb	413c1a73	modules/internac/CDAGAME.S3M
bf639caa4ef98d0f9839e181d6f7dabc	1	232700	player+silence	it2play	Impulse Tracker 2.14+	24	638365	552e17cb	996c325a	modules/nacional/DRIVE.IT
bfeaab9720f84e5985fd35950bb72d47	1	209307	player+silence	ft2play	FastTracker v2.00	14	271146	aa73d001	622fba21	modules/internac/DRAGULA.XM
c03f3a014afe41ff625b824adb87b45e	1	283781	player+silence	ft2play	FastTracker v2.00	18	491328	02a6635a	eded027f	modules/internac/GUMFLEX.XM
c07dd6d5261731c296dd7bff9e98bb63	1	302240	player+silence	ft2play	FastTracker v2.00	32	941744	6cbd96f1	9413b637	modules/internac/HEADROOM.XM
c08787d1a195b2f51fc8ad2bba404dae	1	390973	player+silence	ft2play	FastTracker v2.00	12	235316	d8f59685	022f023a	modules/internac/green.xm
c0ba66b78549d65419177a7389f576ab	1	212573	player+silence	ft2play	FastTracker v2.00	14	403775	cdc2dbd7	450b3be1	modules/nacional/PRUEBA19.XM
c152355b361f1c3cd88534eff5a6f2d2	1	171978	player+silence	ft2play	FastTracker v2.00	16	1052757	53714e64	9c3af071	modules/internac/TIME.XM
c17a85be1782d07b8d1bde27308af71c	1	186876	player	it2play	Impulse Tracker 2.14+	14	720260	0c3917f7	fe77c10a	modules/nacional/m6i-ruth.it
c1e155cc08141b7be9f4b8a0880407f5	1	243822	player+silence	ft2play	FastTracker v2.00	32	1380860	649ddf10	3dabe046	modules/internac/JZD_LUMI.XM
c230687c49acb49a4bae79c5f4676f7b	1	237560	player+silence	ft2play	FastTracker v2.00	22	1142425	17673e23	f8a53141	modules/internac/KITE.XM
c36ccda6668fab301bb9754e56475f5f	1	109846	player+silence	ft2play	FastTracker v2.00	14	1043721	1295c909	d65cdb50	modules/internac/HSR.XM
c3d61bb5906bf5fae5e4cc0f58ec28bb	1	297940	player+silence	it2play	Impulse Tracker 2.14	11	83908	51cd7bdf	c13a3ac2	modules/internac/BTHRSOME.IT
c4b32f9c5c6fc78528971722ce1fa3fc	1	219708	player+silence	ft2play	FastTracker v2.00	32	5181213	39273597	3980c9c2	modules/internac/OM16B.XM
c4b882490791daa47801b2547ca9879f	1	233444	player+silence	it2play	Impulse Tracker 2.14+	46	1113499	391f365f	f4d787ff	modules/internac/tnk__age_of_analogia_remix.it
c5afb4d55f308179dc39b4ad461d9b91	1	153821	player	it2play	Impulse Tracker 2.14+	13	303944	1a93ee6a	d4344e33	modules/internac/SUNRA006.IT
c68a6e6b7605c0f986ec6a2118a047ed	1	180445	player+silence	it2play	Impulse Tracker 2.12	14	362523	47506cfe	7e642cd5	modules/internac/ARI-POUR.IT
c6fabde114861b81166215902eaa50e7	1	149381	player+silence	it2play	Impulse Tracker 2.11	12	578243	df467adf	020963bc	modules/nacional/MoreThanAMemory.it
c71811fe78abd986182ffb9856e2e682	1	247922	player+volume	it2play	Impulse Tracker 2.15	40	352668	38ec3414	bd6a56bb	modules/internac/SUENO5.IT
c7a3844bb7a6b15c18d9b9159a131ce5	1	217256	player	ft2play	Fasttracker (M.K.)	4	453922	731c3b81	42c01f6b	modules/internac/A&D-PITY.MOD
c8110f73750e9ff375f953e7e907378b	1	175634	player+silence	ft2play	FastTracker v2.00	16	467447	c9dcc639	6f65a7be	modules/internac/AMU-AFTR.XM
c86c91bc9a4d3191d636e11a969e558d	1	123794	player+silence	ft2play	FastTracker v2.00	20	948672	21e42b84	4ebf55be	modules/internac/BBOAT2.XM
c882ac262a1d2409f550c981d64040db	1	87900	player+silence	ft2play	FastTracker v2.00	28	91567	f5ae275f	f0885167	modules/internac/POLIAMB_.XM
c8dc4b0f6e065bbc31fd20c72f1cd692	1	184648	player+silence	uade	Protracker compatible	0	651880	3bfd34c9	ea66206e	modules/internac/HIT.MOD
c8e1dcf24b3369f078e910c0f6098755	1	184374	player+silence	ft2play	FastTracker v2.00	26	1002796	976081dd	239fb5a1	modules/internac/END_DRM.XM
c92befe5dbc00d8abcf3c84ce334ac76	1	543177	player+silence	ft2play	FastTracker v2.00	26	2745699	e0ddb539	7f05bb13	modules/internac/ARAKATO.XM
c99fbf5291ceb06b75219085fcd3124c	1	227876	player+silence	ft2play	FastTracker v2.00	18	829854	ef99af43	990a7971	modules/internac/ETERNITY.XM
ca0ac1ca113582a70b39ede8e3586e46	1	212605	player+silence	ft2play	FastTracker v2.00	16	242976	b2d79b24	9d65a36a	modules/internac/POSTMIND.XM
cb7228829e1ef809cb27e8acd364ed38	1	175135	player+volume	it2play	Impulse Tracker 2.14+	14	395092	7b11e93d	c3331dd1	modules/internac/DIGITALS.IT
cba888321a74ffbf714a1b1ee957e7bb	1	290622	player+silence	ft2play	FastTracker v2.00	28	571159	ddf70c5f	df723aad	modules/internac/velvet&a-move_-_sparkling champagne.xm
cbcf5f22f05727a8de8086f626d0078a	1	201699	player+silence	ft2play	FastTracker v2.00	14	354515	29f10592	a932c5b5	modules/internac/MARS.XM
cc77c7c10c47ffeee263e87b7a81465a	1	219812	player	ft2play	FastTracker v2.00	32	1174167	e48dc987	e2d917b6	modules/internac/slave.xm
cd672d5f45b9a224cdc593858b1b5e22	1	325196	player+silence	ft2play	FastTracker v2.00	24	1949742	65054d08	51abb8c5	modules/internac/DOINIT.XM
cd9f77ba05caa0da231f694d069fc42f	1	322622	player+silence	ft2play	FastTracker v2.00	30	1207649	06c0ff69	28bcb2c6	modules/nacional/AWS_DAWN.XM
ce19a05fe84f9a7b8508046c87cecaed	1	185431	player+silence	ft2play	FastTracker v2.00	32	1036146	6f9e213a	dae939ad	modules/internac/APPEL5.XM
ce6e16406d9aa011b45af6fd702b2b86	1	107339	player	ft2play	FastTracker v2.00	12	225021	06a6bb4f	c3878cc6	modules/internac/NOSENS.XM
d02528d291a1fae8790438b6605ec2f1	1	200038	player	uade	Protracker	0	762572	43610796	f0125e5a	modules/nacional/Dream'n'Bass.mod
d027fa616af345e43d0592c2c252e2c0	0	156425	player+volume	libopenmpt	Scream Tracker 3.00 (GUS)	25	126076	b7af8c9b	ba4d39c5	modules/internac/END(2).S3M
d0a8af3a1842a2566c1d7de9135fcf3c	1	105286	player	ft2play	FastTracker v2.00	18	55094	f7d9f567	ff84a22f	modules/internac/M3-HOME.XM
d220d3d3388fa379a45dea1eebe2bafc	1	183313	player+silence	ft2play	FastTracker v2.00	32	988273	3245b307	c9d424c7	modules/internac/ROUTETO.XM
d24eed2e682df7922f0d4e4ec361eb64	1	212079	player+silence	ft2play	FastTracker v2.00	22	2070475	cb603d49	927cdec1	modules/internac/FREETRUE.XM
d269cb5e28e30fb5acac3ecdfc329373	1	285460	player+silence	it2play	Impulse Tracker 2.14+	26	780972	9af9dbc2	64026ca4	modules/internac/canvasm.it
d2d10638f8cfefde253a1e7e816638f4	1	193484	player	ft2play	FastTracker v2.00	16	522647	c93c4346	2eb33864	modules/internac/surprise.xm
d33a98a43c7704eb0e890a5cc19cf42c	1	133588	player	ft2play	FastTracker v2.00	18	84053	7fecdfba	d9501367	modules/internac/ACROSS_.XM
d36d8f71f6a0f1bf84d05b0efdf24052	1	202576	player+silence	ft2play	FastTracker v2.00	28	1395074	30f7aea6	9b0760c1	modules/internac/VOLUME.XM
d3876b6dc0d5c93cd05c35f137dc7e9f	1	198373	player+volume	it2play	Impulse Tracker 2.14+	18	921079	41314e93	9186dca6	modules/internac/SEQBYTHE.IT
d39c1eca683060db13cccea2c733be11	1	238581	player+silence	ft2play	FastTracker v2.00	20	1012967	aeac4759	73eed197	modules/internac/BOSSA.XM
d3dc9528c4ab9948eb21e9ca57f709c6	1	394412	player+silence	it2play	Impulse Tracker 2.14+	31	376021	da6e1a4d	d8ca0a8c	modules/internac/GE-IMNI.IT
d4de4960789dc2f10ed03911e97dca66	1	232503	player+silence	ft2play	FastTracker v2.00	30	857429	69b26fb3	cb33c6e0	modules/internac/AgeOfAnalogia.xm
d4feb8d4dafccfb9919ee7c1516c93c3	1	161863	player+silence	ft2play	FastTracker v2.00	32	2949080	4e9c9487	5eacb3d5	modules/internac/APPEL9.XM
d5cd66caab85c5287a01a72bdf4651f2	1	257079	player+silence	it2play	Impulse Tracker 2.14+	16	808899	f96cc5d5	9a95ab85	modules/nacional/Fin_song.it
d5fcbbbf53d0f0666e3dd3228e1a1e47	1	295110	player+silence	ft2play	FastTracker v2.00	22	1910828	a13ee7f2	39e8188e	modules/internac/MTZ_BEHA.XM
d62c86728eb3c73dbe3014fac6076309	1	154577	player+silence	ft2play	FastTracker v2.00	22	507807	cdfc958a	5790eacf	modules/nacional/road.XM
d67b6b741be8f938284eacac5a8bf457	1	320406	player+silence	it2play	Impulse Tracker 2.14+	17	384159	c65aeaba	d11aff59	modules/internac/DEEPJOY.IT
d6ad996d8c7595019405136379458067	1	179305	player+silence	it2play	Impulse Tracker 2.14+	26	763908	e889fb0f	ab3b5a3e	modules/internac/Sea.it
d727d8890c79db24237ee47839776ec7	1	86184	player	st3play	Scream Tracker 3.2x (GUS)	16	19367	55beff5f	21692f32	modules/internac/APAS.S3M
d81b6c31b4e1a41ea03a4f7618c01bc5	1	250054	player+silence	ft2play	Fasttracker (M.K.)	4	291640	d9f63154	6dfb92f4	modules/internac/jb_grol.mod
d854f63d866fee30f65a63a129bf0a51	1	230297	player+silence	ft2play	FastTracker v2.00	20	977221	cdd669aa	60b990a1	modules/internac/ALIEN.XM
d8863412e0a48edec868bb67bd512e50	1	75292	player	ft2play	FastTracker v2.00	12	330142	81ba74ad	5256d525	modules/internac/FF-WAR.XM
d91d0b889142c6a3da2fd61975e4ea2e	1	333585	player+silence	it2play	Impulse Tracker 2.09	32	780733	51a04571	6fbe64e8	modules/internac/DW-SURFC.IT
d94a4b608b38dcec849aca65186e7018	1	338897	player+volume	ft2play	FastTracker v2.00	32	1608219	0b916686	c284a378	modules/internac/Raisingf.xm
d98ac52d3217f6341044c0ee96b21f6c	1	220936	player	it2play	Impulse Tracker 2.14+	22	528031	afa4af9e	cd0cec30	modules/nacional/Dsp_fr39.it
d9b73e40272cd7f8c96a5bd986e658e7	1	265674	player+silence	st3play	Scream Tracker 3.2x (SB)	16	268170	4301dabb	12fa70ea	modules/internac/G_PANGEA.S3M
d9f6645e82b83ade97f98909b4126bf6	1	446257	player	ft2play	FastTracker v2.00	32	1754628	19e93730	0766073b	modules/internac/TWIXT_.XM
da0f846e2ff74b0ce0d5c87afd5375c3	1	337397	player	ft2play	FastTracker v2.00	14	198925	d9e35346	3747ae2e	modules/internac/RUB-TDR.XM
dae57716fd8b065f0c60543df824bdc7	1	171317	player+silence	ft2play	FastTracker v2.00	18	819962	e007ba7f	08beeb58	modules/nacional/GDJ_MYST.XM
db4273a04e4b980800c1fdbcb0c93077	1	436487	player	uade	Protracker	0	515382	3c28be3b	d875632c	modules/internac/reminiscence.mod
db70ebdeb74ed26013b507c859511ef8	1	345489	player+silence	it2play	Impulse Tracker 2.14	36	990781	776aece3	f5719755	modules/internac/04GEN-MD.IT
dc7117dd0f8beecd80197c8ca28533f2	1	227838	player+silence	ft2play	FastTracker v2.00	14	584262	b9ae3fe1	a87d31a1	modules/internac/AFRICAN.XM
dc9adf56e514a1b8e2fc7576e6a53840	1	163587	player	st3play	Scream Tracker 3.2x (GUS)	13	929792	cb47b60c	5dec9330	modules/nacional/ROMANCIN.S3M
dd29ba2b952be68f4373bbd4ec644fd7	1	469130	player+silence	it2play	Impulse Tracker 2.14+	27	1899401	7ad7056b	1951a698	modules/internac/rcr.it
dd490d02f52322eed94b29215605dd2a	1	196626	player+silence	it2play	Impulse Tracker 2.14+	13	573690	4061d362	39db57ce	modules/nacional/WND_SHIP.S3M
dd548e571bec27f2f4ef6e63d51b774c	1	126035	player+silence	it2play	Impulse Tracker 2.14+	28	589649	8d9da1b7	af290f6c	modules/nacional/AB_SPRAG.IT
dd731a3859db4cc99611a1a7623357e9	1	148534	player+silence	it2play	Impulse Tracker 2.14	9	368117	647a512d	1328583b	modules/internac/BLANK.IT
dd7a6e8e08d9866ebcf5186c043ccd4c	1	301561	player+silence	it2play	Impulse Tracker 2.12	16	320713	45918472	c07fd7d8	modules/internac/POND.IT
de96b6fe4055eed9e86b28bde86f45ce	1	330980	player+silence	ft2play	FastTracker v2.00	28	744026	622fc495	25a9f82f	modules/internac/ALBERTO.XM
dedbbc3a6e2e430f60cedab5653db79f	1	224157	player+silence	ft2play	FastTracker v2.00	16	480746	385c4774	195f3640	modules/nacional/GDJ_FUNK.XM
def80ccbec8107eaf198746e729b8854	1	232377	player+silence	it2play	Impulse Tracker 2.12	64	871637	a7e974e0	02b51fcc	modules/internac/M5V-DIGI.IT
df400d8321d608ac2da1d160884edecb	1	87544	player+silence	ft2play	FastTracker v2.00	14	321390	83c5e91c	bd9bc516	modules/internac/RIDE.XM
df4da36216b2ace81471fb5202d578d8	1	223990	player	it2play	Impulse Tracker 2.14+	18	540623	41d158a0	bd2e2b8f	modules/nacional/Dsp_fr24.it
dfee951f0871fa7ffe368f8d806bc6ba	1	173800	player	ft2play	FastTracker v2.00	6	397229	a019b137	c360bd3d	modules/internac/LUMINETT.XM
dff561fa077567714325a8090c5606d5	1	374927	player+volume	ft2play	FastTracker v2.00	12	1018354	a460f3d9	000f1daa	modules/internac/MDE-TBOX.XM
e067b86636f6b63b090ef7a8ff450001	1	276376	player+silence	ft2play	FastTracker v2.00	20	959990	50b3007d	7da936e2	modules/internac/FIELDS.XM
e087c110b4d9f99bdf09ed890b9468f4	1	292344	player	ft2play	FastTracker v2.00	20	1149455	e2333aca	0fe4bfde	modules/internac/QM-ICHIY.XM
e0e3dfa4b820c6427b709ed8be58734a	1	376939	player+silence	it2play	Impulse Tracker 2.14+	18	365235	e609ae72	0a6e3b90	modules/internac/ASCENS.IT
e1405c82b47adb6d384d046fe122bc02	1	218606	player	ft2play	FastTracker v2.00	16	562865	07ce0246	102ab38c	modules/internac/XTAL.XM
e1a07c3a09d97e108ecd4101fce31e0f	1	405731	player+silence	st3play	Scream Tracker 3.2x (GUS)	13	629113	96213902	e822e90c	modules/internac/SONNI.S3M
e215842d4f7ddf0b0d75781cfb4fae78	1	154127	player+silence	it2play	Impulse Tracker 2.05	28	402354	15391500	4356885c	modules/nacional/SHE_IS.IT
e26a593dd9cff27557adb51a6d565997	1	159050	player+silence	it2play	Impulse Tracker 2.14+	20	440003	b2f8a918	04c35450	modules/internac/AV-BOEP.IT
e2c7bc7de0ea99afcce96ec6cadd61d6	1	397612	player+silence	st3play	Scream Tracker 3.2x (GUS)	14	182810	395c7413	070717ee	modules/internac/FLUUT.S3M
e3d49708b317962e92c7cdda3cb686a3	1	269156	player+volume	it2play	Impulse Tracker 2.14	10	381285	86238d7e	ec9ef506	modules/internac/KJ-DESER.IT
e3fac6bd289907457f2fbe9b3515199a	1	296288	player+silence	it2play	Impulse Tracker 2.14+	22	602800	34b2e1d2	555a3039	modules/nacional/Fin_why.it
e438a6b4de9345005ca64e4a4be7cd02	1	179372	player+silence	ft2play	FastTracker v2.00	20	1245495	48a890c0	22ee473a	modules/internac/Cubens.xm
e44fd122a71daeb78f3cbcd24a737bc1	1	197466	player	it2play	Impulse Tracker 2.14+	24	245779	14266a67	9802225e	modules/nacional/NN-TAISH.IT
e49c61d426319bd4ebb4aed2d5844e0e	1	788515	player+silence	ft2play	FastTracker v2.00	24	598582	ad3d16de	2b7ec522	modules/internac/MKPP.XM
e50400379a408cdc4cf29fcef5571e92	1	268720	player+silence	it2play	Impulse Tracker 2.14	10	101588	74eee533	d48ab765	modules/internac/BIGSCREW.IT
e51cf368b117c86deb73a62142887f7d	1	154788	player+silence	uade	Protracker	0	564482	44bc38fe	840ed68f	modules/nacional/attempt to break.mod
e52b7e5b9f5db6fa6debd74dddacde49	1	296935	player+silence	it2play	Impulse Tracker 2.14+	32	1133362	a935bd02	3d7e1bc6	modules/nacional/NN-MAGIC.IT
e53359c263608e4caa1dd0dfaf32158c	1	300483	player+silence	ft2play	FastTracker v2.00	32	490409	0b294a4a	cfd91e7c	modules/internac/Chase.xm
e5c5e171e1885e5a3490452b6b6ab9ec	1	400051	player+silence	it2play	Impulse Tracker 2.06	33	942686	29e9f86c	2f2ddbed	modules/internac/SP_IMAGE.IT
e6092b77c255049a9f19b009e1029b4d	1	186258	player+silence	ft2play	FastTracker v2.00	8	306855	e0d83085	5ea35a09	modules/internac/chaotic.xm
e6e6dac3ef2fe172db0af4333426a687	1	168688	player	ft2play	FastTracker v2.00	32	1425676	b34216f8	f9588fab	modules/nacional/tales.xm
e7d44f991b3397b8a4247618d643e114	1	259915	player+silence	ft2play	FastTracker v2.00	10	781590	27099772	91463c5d	modules/internac/HOUSTON.XM
e7da600f0ea281840bd2709b12b809f3	1	370448	player+silence	it2play	Impulse Tracker 2.14	32	287461	ec97fba5	1eb3b144	modules/internac/LAZINESS.IT
e7f8e7779804cb587bde3b22821d7db2	1	277086	player	ft2play	FastTracker v2.00	32	1475429	b3920bc5	23cde725	modules/internac/seldom.xm
e88e8f316182600bb87c7c6bcf426029	1	184640	player+silence	ft2play	FastTracker v2.00	12	545467	5e46994a	c8de622c	modules/internac/NIGHTCLB.XM
e8f56f810669d2d1603d70bb67ec8360	1	204772	player+silence	it2play	Impulse Tracker 2.14+	19	2358714	72c40040	e5a9e0ce	modules/internac/aw1.it
e92ba60e08d5cf0b9043970deb426157	1	313509	player+silence	ft2play	FastTracker v2.00	18	117370	0ccdd35c	e60f4519	modules/internac/Estairw.xm
e9b0081f7f7462c955b8d997afbd79e8	1	100117	player+silence	ft2play	FastTracker v2.00	32	4998252	af4f3838	24b7b7eb	modules/internac/APPEL10.XM
e9bb9b90da0bf108707245c7fb0c3af5	1	146476	player+silence	ft2play	FastTracker v2.00	18	822087	12ad71fe	b0318742	modules/nacional/VALLEY.XM
eab549eecc05bc692adada85b12be1ba	1	296392	player+silence	ft2play	FastTracker v2.00	32	1778127	bfed36c2	4681fc7f	modules/nacional/AWS_AQ16.XM
eac2dacabbe29811a6a3d58e6650b18f	1	511404	player	ft2play	FastTracker v2.00	22	913616	05fe1817	027db102	modules/internac/INFLOW.XM
eb2c53a16429dada5a46a0c5ad457d17	1	193243	player+silence	ft2play	FastTracker v2.00	32	990868	2ac43271	a4829b00	modules/internac/M5V-FLOW.XM
eb783b8bbb3b0d4a3065ac26f203fe38	1	351103	player+silence	ft2play	FastTracker v2.00	16	691171	dca0c147	8217b54e	modules/internac/MA'EYEZ_.XM
ec03c3cdeca7a42c963e988f9a3bd785	1	310403	player+silence	it2play	Impulse Tracker 2.02	9	386036	62e335d0	4a43782e	modules/internac/CHRIS17B.IT
ec11705ec89f2f30cd3471046aa616fb	1	119440	player	it2play	Impulse Tracker 2.14+	14	25064	63456f7f	3f155c2d	modules/internac/B2_128AM.IT
ecd0532c6cbcccd0f6b34c3cf7b745c1	1	312712	player+silence	it2play	Impulse Tracker 2.14+	37	803318	9f8ab605	614f08ed	modules/internac/MERCDHI.IT
ed2f3e2b277d230c6bbf9777baf47413	1	161880	player+silence	it2play	Impulse Tracker 2.14	20	496767	85b75d54	5583423d	modules/nacional/CHANGES.IT
ed4fdd03dc1a022144ff05e23a65074e	1	158744	player	uade	Protracker	0	516644	a37f1cf9	2d70ea8d	modules/nacional/TEVICOME.MOD
ed99b82b30f98746a2ccc41a9f7f56a6	1	212042	player+silence	ft2play	FastTracker v2.00	16	238830	53019261	88421912	modules/internac/NUGGET.XM
ee04042b7a3e4c48de855cb4923116d7	1	188136	player	ft2play	FastTracker v2.00	30	813221	d2ba2c40	14396507	modules/nacional/AWS_NEWS.XM
ee1d75c48ace012521733ab1edeb750b	1	241997	player+silence	st3play	Scream Tracker 3.2x (GUS)	8	142728	c7149215	c1f60288	modules/internac/HAIKU.S3M
ee2047b5565a37c8fcfb4656a7730ecb	1	205446	player+volume	ft2play	FastTracker v2.00	16	623701	5542464a	725613b7	modules/nacional/ALLIOLI2.XM
eeb9e95a128a990ed57e50bfceeb2d4e	1	272500	player+volume	it2play	Impulse Tracker 2.14+	14	722741	d305ce6d	53baa95f	modules/internac/00_ORGA.IT
eeba15f85170929af3872f587f908f79	1	155485	player+volume	uade	Protracker	0	38308	633922e2	b0c8e1ac	modules/internac/JAMM_DAWN.MOD
ef2582457e1abb23904f968123eaac6f	1	256307	player+silence	ft2play	FastTracker v2.00	30	74084	5d6ab734	8fd7ecd6	modules/internac/SUNRA028.XM
efd3078ce7d8ce6969533633b186f7c3	1	295988	player	it2play	Impulse Tracker 2.14+	41	729081	287ddd4f	41d353cc	modules/nacional/ICE&HDX.IT
f012f0b03da30af6a9cc67f7e0ed0b20	1	385389	player+silence	it2play	Impulse Tracker 2.15	17	495522	0ac9eb9f	14ff7b6b	modules/internac/VA_SOFEH.IT
f03cf9b2664c6953095482beb58eb146	1	162402	player	ft2play	FastTracker v2.00	32	1378314	6f05eb9b	9d6840bd	modules/internac/BatmanLoveMyDog.xm
f0418ebeacdd3493680270b727070ea5	1	179404	player+silence	ft2play	FastTracker v2.00	12	26071	347dff2e	b70b6ad6	modules/internac/MW_UNET.XM
f0956356ebc7f8c50aa3b8796c98db16	1	259266	player	ft2play	FastTracker v2.00	32	2470647	2e60a262	1a81d017	modules/nacional/TEMA1_1.XM
f0beb2dabd1f137536faf0de13a4ad9a	1	251458	player+silence	ft2play	FastTracker v2.00	24	1094427	a4711ca7	d383bb36	modules/internac/BALLOON.XM
f179d24b583ea8e5f765be139f9de12f	1	172897	player+silence	ft2play	FastTracker v2.00	24	2535933	8e7a8702	e1105646	modules/nacional/GDJ_CRSW.XM
f1905cab81897f236f2472bf65dd803d	1	330427	player+silence	it2play	Impulse Tracker 2.14	32	1311685	a8aae534	b00747a4	modules/internac/FRZ-NINE.IT
f198b387ac35f42583e46e6e4389f87a	1	254208	player	ft2play	FastTracker v2.00	22	104119	89eabb54	3439a6cf	modules/internac/VG-OSLO.XM
f1b82310ee09268172799ddb11cacf15	1	154524	player	it2play	Impulse Tracker 2.14+	40	702039	aba09358	7cef325f	modules/internac/_QRE2.IT
f2ee463d9dcc3aeef158b08ce64fd21f	1	261325	player+silence	ft2play	FastTracker v2.00	20	1173729	f70eb853	65b6f4ad	modules/internac/FLASH.XM
f332aa7dcd531a32979501099fcda9c0	1	139656	player+silence	ft2play	FastTracker v2.00	18	609622	4cd20b2e	5c88d8ec	modules/nacional/KIWOO.XM
f33bb31cc43553a2bcc03fe789134f2f	1	192075	player+silence	ft2play	FastTracker v2.00	18	301629	dcb27774	61f530ff	modules/internac/DHOLAK.XM
f4628120431eb9e05da669bc1bcfd038	1	128413	player+silence	st3play	Scream Tracker 3.2x (GUS)	16	326068	59894b70	ac4c9860	modules/internac/SKUMLE.S3M
f59ccb08ab38a153f9e672471791e266	1	100792	player	uade	Protracker compatible	0	53608	31e15bf9	c7871468	modules/internac/SUNRA051.MOD
f5a88338f56b7007169b127e3d9858e6	1	167020	player	ft2play	FastTracker v2.00	12	365754	0598b04a	4e6cdb23	modules/internac/ELEKTKAF.XM
f5e408551f4ba981786fa469357c0ae3	1	123601	player	ft2play	Fasttracker (M.K.)	4	519348	3ffbe575	d82e1588	modules/internac/BRISTOL.MOD
f6c85502aba6b700fcb8fc3291ea5240	1	242699	player+volume	ft2play	FastTracker v2.00	32	1705738	fad36405	2edb29fe	modules/internac/LVD_BC.XM
f88a2aec559c81739d29e2066e2e67cc	1	277328	player+silence	ft2play	FastTracker v2.00	26	1450009	78318675	c9973e8c	modules/nacional/AURORA.XM
f8ab2f2e38f856d880d3c00854207c13	1	233189	player+silence	ft2play	FastTracker v2.00	26	989088	da7fdf69	76d9672a	modules/internac/M5V-WOND.XM
f900de0dc0d3d846cc179a82e3f9cd48	1	203833	player	ft2play	FastTracker v2.00	32	880538	4ccfcdb7	abe0cd67	modules/internac/Oreason.xm
f9255eeffa7fd834ffc3a7a5a0878519	1	153391	player	ft2play	FastTracker v2.00	32	155080	58184094	ab972b84	modules/internac/LOOP_.XM
f97224f1093425ccd04fcf0f67e29129	1	74991	player	it2play	Impulse Tracker 2.14+	16	534296	4a85f629	c279aa5b	modules/nacional/WND_M2.S3M
fa2364da8f090b630175c7e4b932984d	1	125743	player+silence	ft2play	FastTracker v2.00	32	385531	e3e08136	ea289acc	modules/internac/VB.XM
faa2f8505416e1932c0957625bdd49ef	1	487275	player+silence	ft2play	FastTracker v2.00	22	1022149	b79ec3da	52df7b07	modules/internac/ANYTH_2.XM
fad6678ba96217f869ee3e4eb1ed9114	1	239166	player+silence	it2play	Impulse Tracker 2.14+	22	690770	66cd3a6e	9a7c8eba	modules/internac/JB_DOWN.IT
fb0239d675258054e196612800408859	1	298631	player+silence	ft2play	FastTracker v2.00	24	874031	46f7d671	ff40a7ec	modules/internac/COTTON.XM
fb40e545b9de455bc0669ac5b1f102b6	1	272279	player+silence	it2play	Impulse Tracker 2.00	11	449559	108041b6	51a48c31	modules/internac/CHRIS22V.IT
fbbedcac810304b230b2f12ae24665e9	1	189858	player+silence	it2play	Impulse Tracker 2.14+	31	769281	6d2f218e	3e486090	modules/nacional/ovf-romp.it
fbd87763f08950cf347afa10e0e3e07d	1	137139	player	ft2play	FastTracker v2.00	28	1943703	d60f7407	378ebc17	modules/internac/CCH.XM
fc573169e4427982d4a71158c30c61dc	1	308095	player+silence	ft2play	FastTracker v2.00	24	1019486	f6b28f15	f702b504	modules/internac/ABRAND.XM
fd748d319a8bc109338b02c07467cd96	1	260981	player+silence	ft2play	FastTracker v2.00	24	1212298	b3459045	82f62ec3	modules/internac/SUBOTNIK.XM
fe1962da7bd68f988fed1de3985b52a8	1	192037	player+silence	ft2play	FastTracker v2.00	28	574840	f16f5880	d624fd19	modules/internac/Whenange.xm
fe201ef74f6474983602b178b654fee6	1	397719	player+silence	it2play	Impulse Tracker 2.14	18	762499	c1b6fc3b	3c460993	modules/internac/CJ-BLUE.IT
ff27b80eebe16b6a51310393aeb71fc3	1	165168	player	ft2play	FastTracker v2.00	24	768323	22d69e39	3dafe0e7	modules/internac/RIVENDEL.XM
ff9a07d62aabb4188ed8a3abad970fda	1	365722	player+silence	it2play	Impulse Tracker 2.14	14	168236	85516134	670cb5fd	modules/internac/CANT.S3M
