0016bd9570228ae0108163272a29eda3	1	181327	player	ft2play	FastTracker v2.00	6	111530	920944b2	144b4d59	ken_ken/!k_ballo.zip/!k_ballo.xm
0028a4bfe45f9ba27688d3b194613b6e	1	398745	player	ft2play	FastTracker v2.00	8	270230	6ee05d69	f481ac0a	ВѓnВѓВ“ВѓTВѓВЂВѓLВѓВ‰ВЃ[/handro.zip/handro.xm
003c3a3355661bf7a5ed94201919ca52	1	317664	player	ft2play	FastTracker v2.00	32	2412287	418527aa	8a3127ce	MEGUMix/Buon-g.zip/BUON-G.XM
009a27b817d94d6824dd440cfda06c29	0	238284	player+volume	libopenmpt	ModPlug Tracker b3.2 - 1.09	10	377734	66c1c120	3ba081c5	pb/cat_gottui.zip/gottui.it
00b3fb9654248d0080a5668256a3e062	0	257380	player+silence	libopenmpt	ModPlug Tracker 1.09 - 1.16	14	329073	a576278d	f4414893	maak/mr.lzh/mr.it
01478d64d520df3b43d4436426a29d10	0	292416	player+silence	libopenmpt	ModPlug Tracker 1.09 - 1.16	17	854017	1e106934	666d2e18	Yum-eatup/hero.zip/hero.it
02b6fa37a8f4da7ac465bea0cb19d16c	1	162810	player	ft2play	FastTracker v2.00	18	631923	c596f53d	55eb04f7	Untitled Records/Un_Dont.zip/Un_Don't.xm
02cc5284e7aca8883e6a15f6cb3d6e72	0	111601	player	libopenmpt	ModPlug Tracker b3.2 - 1.09	9	358218	9c47c5e7	fbb5fd46	Вѓ\Вѓ{ВѓNВЊВў/moon.zip/moon.it
044a8235da2dbdd8572da023842b22a3	0	301075	player+silence	libopenmpt	ModPlug Tracker 1.09 - 1.16	28	1520054	3e255c04	fcffc740	Untitled Records/Un_Anti.zip/Un_Anti.it
049faa796887eed739ddd00af56f9f4e	1	241297	player+silence	ft2play	FastTracker v2.00	16	1509354	2efa31dc	f1786ef8	Untitled Records/Un_afruit_tv.zip/Un_afruit(tv).xm
04d39408e5b8bde780da57ac0838d10e	1	186273	player+silence	ft2play	FastTracker v2.00	8	728109	0b0507da	6a695279	ВѓIВѓВ“ВѓВЊВѓR/night-m.zip/NIGHT-M.XM
0546c7d8611e3b452cba737d88380428	0	434956	player+silence	libopenmpt	ModPlug Tracker 1.09 - 1.16	19	446473	933cc767	c5ac9703	maak/35425-naturaloop.zip/n_loop.it
0546c7d8611e3b452cba737d88380428	0	434956	player+silence	libopenmpt	ModPlug Tracker 1.09 - 1.16	19	446473	933cc767	c5ac9703	maak/n_loop.zip/n_loop.it
0546c7d8611e3b452cba737d88380428	0	434956	player+silence	libopenmpt	ModPlug Tracker 1.09 - 1.16	19	446473	933cc767	c5ac9703	maak/naturaloop.zip/n_loop.it
0585dbc9ce449d8980af9d2470cb50ce	1	235175	player+silence	ft2play	FastTracker v2.00	28	352344	e3107721	3512340a	real blue/Un_hours.zip/Un_hours.xm
05d400134ff979d41724ad4e200cefc6	1	308346	player	it2play	Impulse Tracker 2.14+	20	654085	79008fa0	a058c0c0	sharpnel/srp-1123.zip/1123S.IT
060e489a30b746a148ca2d6665a53547	0	111833	player	libopenmpt	ModPlug Tracker 1.09 - 1.16	6	100401	6ca81e40	fa1a711c	В•|mod/yuui.it
0617f3a4b464344b7e4a8c7c937ad3f3	1	432400	player+silence	it2play	Impulse Tracker 2.05	13	2241575	ef3f8724	4269a4ad	sharpnel/gabbangelion/pg_furor.lzh/MYS00003.IT
067b793b08963126b431a3cbf77237f6	1	178814	player+silence	ft2play	FastTracker v2.00	16	897013	9ed50979	62d4abfa	KEN1/mysttech.zip/mysttech.xm
067be7ceee06a4bb101a6f65d99bba4b	1	367920	player+silence	uade	Protracker	0	393398	402a2967	067dc496	В‰IМ‚В‹|/propaganda.lha/mod.propaganda
069630f1ec3edf19191e0b7efaa90b4a	1	501012	player	ft2play	FastTracker v2.00	32	1392723	19b0f8c5	d527590d	MOD_MAN/miniage.zip/miniage.xm
069c82bad6940314ca1d17b4d05345fe	0	242427	player+volume	libopenmpt	ModPlug Tracker b3.2 - 1.09	23	443724	125c9c16	e8f6578b	Yum-eatup/digiprayer.zip/digiprayer.it
06e57c3ffa5e7651f0086840db97eae9	0	252331	player+volume	libopenmpt	ModPlug Tracker b3.2 - 1.09	18	320766	df4645f6	2d111629	takao/TO_VA.LZH/to_VA.it
08931aa0a9164fd8567bbe1db1c296bd	1	392047	player	ft2play	FastTracker v2.00	16	167594	b5c3442d	6e945fd7	takao/TO_OF.LZH/to_OF.xm
08c1a266c26e0797ca51e9d7626ed121	0	250348	player+silence	libopenmpt	ModPlug Tracker 1.09 - 1.16	11	747180	13f7ad98	78acb2a7	ВѓTВѓgВѓВ‹/beat552(Remix).zip/beat552(Remix).it
09c47c3cbe921d2dcd3a15fd635c4baf	1	304847	player+silence	uade	Protracker	0	1051184	bdf448de	abe24c11	В”gВ•ВЅВ‰iМ€В‚ВЁВ‚В·В‚В·В‚ГџMOD/killerzk.zip/mod.money
09d7bfb330699339e820ea05a0e7f9c9	0	325509	player	libopenmpt	ModPlug Tracker 1.09 - 1.16	12	436690	588275c7	2c922e62	Untitled Records/Un_blueE.zip/Un_blueE.it
09f768184f54359ce6f6abc7c761adad	1	430661	player	ft2play	FastTracker v2.00	24	727891	7ffac409	a0296c93	Matsuura newJPN/california.zip/californiaspecial.XM
0ac82f61014feedb4521cfcf90b1a1a8	1	153155	player	ft2play	FastTracker v2.00	16	782946	bd2dd83e	26e5d65d	BODY/daytime.zip/Daytime.xm
0afa4122f8bc1143869dfc2967d48e2d	1	280695	player+volume	ft2play	FastTracker v2.00	16	443331	bc0a11fa	76d490e8	oto/day.xmz.zip/day.xm
0b1ce123d96934b3274020c69245f40b	1	6899	player	ft2play	FastTracker v2.00	16	271671	8157b4e8	ff49ffe4	В‘В‹В‚IМЂВ“mВ“AМЃВЏWВ‹LВЋВ–/dancemusic9_2.xm
0b4256ac971765a2e3d29834ac5a1dc9	1	20415	player	ft2play	FastTracker v2.00	16	271671	546673b3	f6205f21	В‘В‹В‚IМЂВ“mВ“AМЃВЏWВ‹LВЋВ–/dancemusic9_3.xm
0b53e36c71232c2d5c2fb4fee573e441	1	335517	player+silence	ft2play	FastTracker v2.00	26	391844	a1f99457	d6ad9cac	kazyah/lifetrack.zip/SogaTrax/life track.xm
0b944a6f1e755d1508b93283082cbdbd	1	215038	player	ft2play	FastTracker v2.00	8	613314	1a776718	b6638f99	ВѓIВѓВ“ВѓВЊВѓR/rain.zip/MARY.XM
0b9c161cfc0e4c3ab5b3c37624b09039	1	328983	player+silence	ft2play	FastTracker v2.00	28	1991443	c9346e62	de4e3ce1	MEGUMix/world_r.zip/WORL-R.XM
0c5c91f308001e78252cdffdf33c5598	0	191404	player	libopenmpt	ModPlug Tracker b3.2 - 1.09	8	280010	b6d06a1b	acde3e52	Вѓ\Вѓ{ВѓNВЊВў/qunie.zip/qunie.it
0d8d23c221b50721ec9c66e9e9ab27c0	0	239548	player	libopenmpt	ModPlug Tracker 1.09 - 1.16	18	422624	dafba825	8716316d	В•|mod/K3.zip/K3.it
0d9965dc6c9a1766ab983596b31a69d2	1	228230	player+silence	ft2play	FastTracker v2.00	22	1768383	8b870c3b	6e83a167	В”gВ•ВЅВ‰iМ€В‚ВЁВ‚В·В‚В·В‚ГџMOD/an_lily.zip/AN_LILY.XM
0e1812bf2524bd89aae3140a921b2359	1	348366	player+silence	ft2play	FastTracker v2.00	10	267348	3d76f6da	3e89b8ca	В‚OМЂВ‚aМѓ/Bazz18H.zip/Bazz18H/BAZZ18H.XM
0e7a93e2845778a5fcd4203a377a5de6	1	362518	player	ft2play	FastTracker v2.00	20	1143357	9e5b5c1e	0388d9ce	MOD_MAN/5S_B_MIX.zip/5S_B_MIX.xm
0e99d534057ef2b541503f70e0c250af	0	150334	player	libopenmpt	ModPlug Tracker 1.09 - 1.16	12	1048138	9d7a93c5	04d543d8	SABA/before.zip/before.it
0f31b9df2971de2a47e041f1f02f4a2f	1	251365	player+silence	it2play	Impulse Tracker 2.14+	9	229264	fc177713	a1f59fdb	В‚В»В‚IМЂВ‘Вј/sc-plots.zip/SC-PLOTS.IT
0f3b220eda73328d094b4548d0488b76	1	411768	player+silence	ft2play	FastTracker v2.00	28	2197915	bcc8b6d8	d1ff4f1e	Untitled Records/ur_style.zip/ur_style.xm
0fa2909b1eb72949d2cd548ff49f4cbd	0	375612	player+silence	libopenmpt	ModPlug Tracker 1.09 - 1.16	20	1196872	44b1f931	73d8f015	maak/44656-groovynight.zip/g_night.it
0ff3b4ddf1956587c8d09d4e0cb9d5f0	1	367535	player+silence	ft2play	FastTracker v2.00	20	674453	0f1652b8	d4ab148b	MEGUMix/true.zip/true.xm
0ffbdf073492893424bc5a17aef41593	1	321086	player	ft2play	FastTracker v2.00	24	1798084	fdac439b	fd09d645	MEGUMix/p_break.zip/P-BREAK.XM
1028fba0fc702cb8aeec0592f73a1f34	0	273571	player+silence	libopenmpt	ModPlug Tracker 1.09 - 1.16	36	788210	c6d9eb6f	9a8643c0	aluca/frontia.zip/frontia.it
10a7dfb898721666ace2f10175778754	0	272448	player	libopenmpt	MOD Plugin packed (ADPCM packed)	22	332646	d2c2e965	a9bf2be3	takao/TO_ST.LZH/to_ST.xm
11462527e27f4a65524ef2b4770b4b7c	0	164137	player+silence	libopenmpt	ModPlug Tracker 1.09 - 1.16	10	785834	a5c3e144	84b388b7	В‹ВЌВ“Г·/homework.zip/homework.it
1198dae10b4d5ef20ff8c70c7165a4e1	0	265821	player+silence	libopenmpt	ModPlug Tracker 1.09 - 1.16	24	1144215	cdb8f8f2	724c5887	Ryoohey/torso_remix.zip/torso_remix.it
12146618f54996d0fb4684137e28a364	0	333797	player	libopenmpt	ModPlug Tracker 1.09 - 1.16	16	882371	29920e1c	9bcc4346	polygon prompt/p_sciem2.zip/p_sciem2.it
12816b247a89e6a659acfcb1ea0ded29	1	437016	player+silence	ft2play	FastTracker v2.00	26	1071015	3261405e	21fa5c27	core/LABYRINTH.zip/LABYRINTH.xm
13115c15fc423d2320ac80addc9a00e9	0	159381	player+silence	libopenmpt	ModPlug Tracker 1.09 - 1.16	10	289762	94dc47c2	0b6e0a7b	KEN1/ravage.zip/ravage.it
13115c15fc423d2320ac80addc9a00e9	0	159381	player+silence	libopenmpt	ModPlug Tracker 1.09 - 1.16	10	289762	94dc47c2	0b6e0a7b	Untitled Records/Un_ravage.zip/Un_ravage.it
140e487fc913cbe8c78beddde5bf75ea	1	331017	player	ft2play	FastTracker v2.00	22	643258	a589a720	050d10bb	MEGUMix/No2/pump.zip/PUMPUP2.XM
1460b5060edb95c6d04f5cb9db552518	1	229798	player	uade	Protracker	0	306800	915e211a	3cff835a	В‰IМ‚В‹|/antistatics.lha/mod.antistatic_sphinx
14724c3a4b394d51dd9a1dfc666640b3	1	351959	player	ft2play	FastTracker v2.00	32	656069	9f419abd	ceb4655d	POSE/po-sopia.zip/po-sopia.xm
14ad256cf710440a2f0c0e3dc62029bf	1	251568	player	ft2play	FastTracker v2.00	10	138818	5b5a317b	2ef8b9bd	COYOTE/cyt_gard.zip/CYT_GARD.XM
14c1ef0caf896fdc68b5bebff5b2a89a	1	231706	player	ft2play	FastTracker v2.00	20	919607	eb323798	433610bd	dk305/K_SENSE.ZIP/K_SENSE.XM
1515abd64d3814041f8903cb61543f22	0	213552	player	libopenmpt	ModPlug Tracker 1.09 - 1.16	23	481094	332fc3e6	8c543357	KEN1/ability.zip/ability.it
1764bb38a3e1bce97d2b2d2292bb9c65	0	86873	player+silence	libopenmpt	ModPlug Tracker 1.09 - 1.16	8	396563	60066d7e	572ede50	В‚Г†В‚aМЂВ‚aМ‚В‚Гћ/FCCLUB.zip/FIGHT-CLUB-CLUB.it
17c5c922bd4933d3d092ebc44f11b853	0	325808	player	libopenmpt	ModPlug Tracker 1.09 - 1.16	10	88045	db41f9a7	7de6ba39	juniper/j_wet_zohkin_rmx.zip/wet_zohkin_rmx.it
1817259e44714823aa3764430339472f	1	363771	player+silence	uade	Protracker	0	451448	34b689c7	8d95258a	В‰IМ‚В‹|/pt_looplife.lha/mod.looplife
182a91ac7a08bf60e53ec455b8fdc761	1	182886	player+silence	uade	Protracker	0	1077604	5ee6a06f	6d066e0d	В‰IМ‚В‹|/onyx.lha/mod.onyx.              
18ee47940730769bb968e776b3f89819	0	304634	player+silence	libopenmpt	ModPlug Tracker 1.09 - 1.16	8	314227	29018a68	79855151	Untitled Records/Un_real.zip/Un_real.it
1a58f1bb69635a56ca5343a05b2c8161	1	283717	player	ft2play	FastTracker v2.00	10	1320569	a4883532	9c560aa4	ВѓIВѓВ“ВѓВЊВѓR/islam2.zip/ISLAM2.XM
1b751c413ae8c126e2a7f631a06c2853	0	122067	player+silence	libopenmpt	ModPlug Tracker 1.09 - 1.16	12	764068	c0451f90	c18404d5	Untitled Records/Un_real_radio.zip/Un_real(radio).it
1b754e277cb29b642c24428ece695fe1	1	165444	player+silence	ft2play	FastTracker v2.00	20	713163	e84fa33d	da9a1b87	AIRHEAD/air_ds.zip/air_ds.xm
1c5c1a577cc765d0ffe9a9ea3b689b59	0	119576	player+silence	libopenmpt	ModPlug Tracker 1.09 - 1.16	12	271349	1b0c9a33	742dfe97	В‚Г†В‚aМЂВ‚aМ‚В‚Гћ/FCGAH.zip/GAGAGAAAAHHHH!!!!.it
1cd108840c6c92dd074711b678fcda6d	0	423159	player+volume	libopenmpt	ModPlug Tracker b3.2 - 1.09	12	483789	213cda61	9cd9d1df	COYOTE/cyt_sun.zip/CYT_SUN.IT
1e9bd0f8cb783b7281ad9c85f2bd735a	1	234657	player	ft2play	FastTracker v2.00	20	322754	b5863088	ccb69b26	ken_ken/!k_kotr.zip/!k_kotr.xm
1efd6f3e35713989264415330d2c73c3	1	290270	player+silence	it2play	Impulse Tracker 2.14+	14	974363	8422596d	ae25a175	sharpnel/srp-sjhk.zip/SJHACK.IT
1f6b79ebb440cb9acec743e5fb1aa2a5	1	239393	player+silence	ft2play	FastTracker v2.00	16	1082518	4a66eb3e	d06b8fb4	PET/p_nothop.zip/p_nothop.xm
1f90da915b4e320faea492436cf80baf	0	126798	player+silence	libopenmpt	ModPlug Tracker b3.2 - 1.09	24	338234	8b11e2ef	a0fa062b	core/10G.zip/#10G.it
1f9907ba762d7d69a1a091f902cc9448	1	329324	player	uade	OctaMED MMD1	0	305368	42318913	004a339d	В‰IМ‚В‹|/bc-penta.lha/Pentagonic.MED.MMD1
20027291e2d5552d86185abbcddc802a	1	402522	player+silence	ft2play	FastTracker v2.00	18	541010	8a3aa397	49c4adb2	Untitled Records/un_sp_mnjmix.zip/Un_SP_MNJmix.XM
20bc1f1cf0b71c83df2f670853ce5f6b	1	397224	player	ft2play	FastTracker v2.00	24	737221	3584d3c0	ca74ee5c	Matsuura newJPN/mexico.zip/mexico.XM
2105d2760bdc18646e2460439cc359f9	1	363406	player	ft2play	FastTracker v2.00	20	343667	329a0f28	5be0f367	MEGUMix/No2/red.zip/RED.XM
212ab007c582fb7dbb1cc2bdad64e03e	0	179677	player+silence	libopenmpt	ModPlug Tracker b3.2 - 1.09	11	198167	a46f6df4	cf27d8ad	takao/TO_DM.LZH/to_DM.it
21ce5f935b8c3a7963786c41b4102faa	1	77940	player	ft2play	FastTracker v2.00	8	189368	587f27ed	0e648860	ken_ken/!k_sma.zip/!k_sma.xm
21f00d537f675ed80196e044e0793b05	1	381410	player	ft2play	FastTracker v2.00	10	279194	b818a44c	82711afd	В‚OМЂВ‚aМѓ/E22.XM.zip/E22.XM
21f54c8e047e21b4beaaeea6485b7190	1	256929	player+silence	uade	Protracker	0	147510	ebe2aa02	d09729b9	В‰IМ‚В‹|/zenith_aura.lha/mod.zenith_aura
2201c945eb25e21876ad469b82dea3c5	1	338115	player	ft2play	FastTracker v2.00	16	554330	5c0a1ce8	4c6419b1	oto/autumn2000.xm.zip/autumn2000.xm
22d84d72f46b2f73b14ea6eabd65ce3f	1	189845	player	ft2play	FastTracker v2.00	12	1392178	33664098	e63f2279	В‚В»В‚IМЂВ‘Вј/cd_virus.zip/CD_VIRUS.XM
237ceb9c9fda6086a1c564bf4294d321	1	128085	player+silence	it2play	Impulse Tracker 2.14	23	628979	11a65ab2	745f0188	В’ВЉВЏUМ‚MOD/SNOWLAYA.zip/SNOWLAYA.IT
2397230342ee14e7f2a168cad1bc8d35	1	199294	player+volume	uade	Protracker compatible	0	470100	671c26f1	2924b790	В”gВ•ВЅВ‰iМ€В‚ВЁВ‚В·В‚В·В‚ГџMOD/temples.zip/mod.temple of sun remix
244835550b4d15e36a4fd27075534606	1	119155	player	ft2play	FastTracker v2.00	24	413308	e5175de3	5018e3e6	Untitled Records/Un_305scis.zip/Un_305scis.xm
251c717827e3d062d5012c642bd28fb4	0	357421	player	libopenmpt	ModPlug Tracker 1.09 - 1.16	9	1185151	c0598a55	4ebce77d	Stingray/str_jin.zip/jinsei.it
252dacfb5e0204b539f703ed7fca0407	0	84820	player	libopenmpt	ModPlug Tracker 1.09 - 1.16	15	985263	8916d6ce	2a4705fc	В‚В В‚eМЂВ‚В©В‚UМ€/techno01_diet.zip/techno01_diet.it
25949d1a1b5e0e163be8b4f94a70cadd	1	179232	player+silence	ft2play	FastTracker v2.00	22	522462	ca4e32aa	dbe33a32	ВѓIВѓВ“ВѓВЊВѓR/sw6090.zip/BAHANA.XM
259e4b0b159ca40073b95f355a92151e	1	208988	player+volume	ft2play	FastTracker v2.00	20	687717	8e8686f4	b0832e0a	AIRHEAD/air_watc.zip/air_watc.xm
2692b63a8bde06fa90bfc67c9f566d70	0	225579	player	libopenmpt	PlayerPRO	30	1299950	938ca1ac	6970776b	Untitled Records/Un_305pmbt3.zip/305PMBT3.XM
2749c4958262037d7e64d03d2f6634ff	1	213632	player+silence	ft2play	FastTracker v2.00	20	981206	1a0a9f42	ce8a25e0	PET/p_happy.zip/p_happy.xm
27655c2afd97533ea43768d0b703771a	1	273102	player	ft2play	FastTracker v2.00	18	247534	5d73f570	9c224839	takao/TO_303.LZH/to_303.xm
27c0f8b345e4571d4b828c3a0108624d	0	192416	player+silence	libopenmpt	ModPlug Tracker b3.2 - 1.09	18	461523	9d126a99	cddc4ed5	Ryoohey/form.zip/form.it
284c49237404439d5dda0e3c7efab63c	0	113700	player	libopenmpt	ModPlug Tracker b3.2 - 1.09	7	219689	7973f78d	1c7f6092	Вѓ\Вѓ{ВѓNВЊВў/france.zip/france.it
2868961613d1440be0dd0a88dbf5ebae	1	240669	player	it2play	Impulse Tracker 2.05	11	820689	c5a0bb1d	41434f48	sharpnel/gabbangelion/pg_wedp.zip/WEDDING.S3M
290039f8db31996bf7f1d51bbeafad83	0	348693	player	libopenmpt	ModPlug Tracker 1.09 - 1.16	16	502488	a58f64d6	3012039a	Untitled Records/Un_cloudy.zip/Un_cloudy.it
294a28ef090890c0689b4ff4bc5fa787	0	188796	player	libopenmpt	ModPlug Tracker b3.2 - 1.09	6	354921	3d3e1ab8	528d84f3	Вѓ\Вѓ{ВѓNВЊВў/yukari.zip/yukari.it
29b2347f5d75de37f9d7737af6a884b6	0	402957	player	libopenmpt	ModPlug Tracker 1.09 - 1.16	11	400219	bfef3908	3fdd2916	polygon prompt/p_ybeat1.zip/p_ybeat1.it
29b4a61bd27bb36cef87abb92d67902d	1	275336	player	ft2play	FastTracker v2.00	18	293022	76afbc73	85338c3d	takao/TO_DH.ZIP/to_DH.xm
2aa408e50345bfb5c1c605438df7332b	1	313229	player	it2play	Impulse Tracker 2.14+	9	351534	36fe0c81	892fee28	sharpnel/srp-ppp.zip/PPP.IT
2adf973f3ac679feffc436454bb99736	0	181896	player	libopenmpt	ModPlug Tracker 1.09 - 1.16	12	397758	1032af7b	00c0bac4	Yum-eatup/20.zip/20.it
2b2d795c0504ad291c737aedb241b42c	0	204842	player	libopenmpt	MOD Plugin packed (ADPCM packed)	8	542840	53b4285c	13aa68c4	XERE/xerepara.zip/xerepara.xm
2b4a020c0095259f6af216684e1942b9	0	291921	player+volume	libopenmpt	ModPlug Tracker 1.0 - 1.11	40	1977117	2f2fe05c	dabf21a0	В‚В»В‚IМЂВ‘Вј/t2sc2.zip/T2SC2.xm
2b52e5eb37d289bee302544e34a99ce8	1	442712	player	ft2play	FastTracker v2.00	22	825938	7aa4c6d0	22a82409	MEGUMix/No2/rocket.zip/ROCKET.XM
2b52e5eb37d289bee302544e34a99ce8	1	442712	player	ft2play	FastTracker v2.00	22	825938	7aa4c6d0	22a82409	MEGUMix/rocket.zip/ROCKET.XM
2bfb60eed6a6b07d033099eab21701a2	0	334666	player	libopenmpt	MOD Plugin packed (ADPCM packed)	19	321412	872d5bc9	59056aa5	takao/TO_AT.ZIP/to_AT.xm
2c8c707070831b4e34084f8d7499008f	0	173819	player+silence	libopenmpt	ModPlug Tracker b3.2 - 1.09	6	802175	85e7b39b	06f23e56	В’ВґВ”]ВЌHВ–[/pix_tele.zip/pix_tele.it
2d68a96b009db881c2ecb4e2fac16f93	0	192892	player+volume	libopenmpt	ModPlug Tracker b3.2 - 1.09	16	70802	6f20af39	0e474caa	core/ambient/cr_amt10.zip/cr_amt10.it
2d8e4f6553dd6f4f354f01487ef4cb2f	1	302901	player	it2play	Impulse Tracker 2.14+	9	665099	6812be34	42ddd133	sharpnel/srp-emrn.zip/EMIRU.it
2e0b7d148fdf8a09bf19ae58e07a9b0c	1	263771	player+volume	it2play	Impulse Tracker 2.14+	11	946550	3d7a1d62	4e24824f	sharpnel/srp_ge.zip/GABAE.IT
2f0baa6f24965808e101d293924756de	1	323212	player+silence	ft2play	FastTracker v2.00	10	714828	c4707c28	71722b08	sharpnel/gabbangelion/pg_fujis.zip/FUJISAKI.XM
2f6e1d6284332d19d75496987385bc3e	0	226358	player+silence	libopenmpt	ModPlug Tracker 1.0 - 1.16	17	530261	0ee1d808	ff9a186c	ВЊВ№В‚ВіВ‚nМѓ/ANT.zip/Allnight Together -get up the perty-.xm
3048f6a39e92103fb6756b30a6eb3367	0	15337	player	libopenmpt	ModPlug Tracker	16	72240	1eed42a4	5530a3d2	В‘В‹В‚IМЂВ“mВ“AМЃВЏWВ‹LВЋВ–/dancemusic8_3.s3m
30af20b89e108515ce18d7d786f47345	0	120927	player	libopenmpt	ModPlug Tracker 1.09 - 1.16	12	779402	cf268f0f	9537bb17	В‚EМЂВ‚ВЄВ‚aМ‚В‚nМѓ/tizan_remix.lzh/taizan.it
311864db47a6f558abd4b7a5f02818f9	1	258593	player	uade	Protracker compatible	0	178211	c134bb24	c871cabf	ВѓВ€ВѓВЌВѓYВѓВЊВЃ[ВѓxВѓВ‹/MECHAMACHO.mod
3126e1b557bb3d23c792593c3fdb2895	0	156896	player	libopenmpt	ModPlug Tracker b3.2 - 1.09	16	28808	e57e62de	00513ae2	core/ambient/cr_ambi8.zip/cr_ambi8.it
31408df7a81991403c2b7bb4c2f64c4f	1	391077	player	ft2play	FastTracker v2.00	16	1693481	c3f3d394	802a2b96	oto/rise.xm.zip/rise.xm
31a7c8304303ff875da3958c71d7f9e8	1	528849	player+silence	ft2play	FastTracker v2.00	16	892238	3d6245a3	bf99739a	polygon prompt/p_zittor.zip/p_zittor.xm
325ed69449752c15bed2b67db99d5639	0	284432	player+silence	libopenmpt	ModPlug Tracker 1.09 - 1.16	36	2361271	6ac1eb6b	00ad8aa5	PET/39413-SequentialOrbit.zip/p_seqorb.it
32bba5a67bdb5fb1d80fddeb31fe6c5e	1	503358	player	ft2play	FastTracker v2.00	24	461492	66b429db	a79bf969	Matsuura newJPN/Retro_Hell.zip/Retro_Hell.XM
32d2822fbc84fac0e26dda75159ffbf9	1	205172	player	ft2play	FastTracker v2.00	12	635411	88dc54eb	1f0555e1	KEN1/earth.zip/earth.xm
331a08d384944d7d66f906bb1e2a9177	0	23005	player	libopenmpt	ModPlug Tracker 1.09 - 1.16	7	946547	2c69fee7	ec9d7c6d	Wiz/st_muscs.zip/st_muscs.it
3356cfec1a85c3cf385f63d1af6675c5	0	304903	player+silence	libopenmpt	ModPlug Tracker 1.09 - 1.16	22	968298	363d9ffc	94678855	aluca/wgarden.zip/wgarden.it
33758e5fed8b3120e7909ade38cb31d7	1	315650	player+silence	ft2play	FastTracker v2.00	16	560620	f4a031e4	031fbd9a	sharpnel/gabbangelion/pg_mrhor.zip/MRHORIZ.XM
33dc0f8481d5be9608e47c249ee9e544	1	268288	player	ft2play	FastTracker v2.00	26	1364734	f3eea140	b0c04039	MEGUMix/week/m101.zip/M101.xm
33fc91c63f488c52fb10897e7277b051	0	621106	player	libopenmpt	ModPlug Tracker 1.09 - 1.16	4	134313	c936bfaf	f37cbbe5	XERE/kumokage.zip/kumokage.it
341161ae47dc835de69bf34108c14139	0	138034	player	libopenmpt	ModPlug Tracker b3.2 - 1.09	12	169853	eda6f54d	738b0535	core/crwtrwld.zip/crwtrwld.it
34169110dbd299c6cbed6a55a2a9b159	1	168688	player	ft2play	FastTracker v2.00	8	133345	ac1a313e	9b228039	dk305/MUSICBOX.ZIP/MUSICBOX.XM
344a35899a6fb347001264d629327447	1	321492	player	ft2play	FastTracker v2.00	18	388929	826fa407	8ce2775b	H.I/confusion.zip/confusion.XM
3460c2630ac8c11194c998f7be919d36	0	335671	player	libopenmpt	MOD Plugin packed (ADPCM packed)	22	359685	82a19752	2ec7ed1e	takao/TO_FK.ZIP/to_FK.xm
3497b072413db2046d91a3f7f4bb5811	1	388560	player+silence	ft2play	FastTracker v2.00	22	794807	6bd6acf2	0bbf0573	MEGUMix/No2/ring.zip/RING2.XM
34c5b513ddd59bbdc794f5b0405b087d	1	132495	player	ft2play	FastTracker v2.00	12	94667	1d022f7c	509a2da8	ken_ken/!k_world.zip/!k_world.xm
3534b0e36260ea0fd71ccf12290150ae	1	399036	player	ft2play	FastTracker v2.00	18	2267331	540b1cb5	340946d1	В‰IМ‚В‹|/mvp_0046.lha/2000.xm
3576de6ff1449243b4d8cf74006888ee	1	284465	player	ft2play	FastTracker v2.00	20	298882	120ff79b	670a52af	AIRHEAD/air_ww.zip/air_ww.xm
359ee5e470c3cacf2fb91b876da2cf7c	1	171439	player+silence	ft2play	FastTracker v2.00	18	565165	2a641685	924d750d	В”gВ•ВЅВ‰iМ€В‚ВЁВ‚В·В‚В·В‚ГџMOD/tokyo-61.zip/PANORAMA.XM
362de3bc77304328994556ebe5a76e92	1	329728	player	ft2play	FastTracker v2.00	16	1125749	d9ac8b02	cdbf33cb	BODY/goldennight.zip/goldennight.xm
36999f6342532eae37ae01e2c2558c5c	0	299979	player	libopenmpt	ModPlug Tracker b3.2 - 1.09	20	565269	908dac63	4d81c00f	R.M.LaB/np.zip/np.it
36b201b9824eb8fd3234a5b7658de55e	1	238327	player	ft2play	FastTracker v2.00	20	410906	8ae38add	c24fba12	dk305/DKKLS.ZIP/DKKLS.XM
37023c701fb50e0a19931e62f9830eb9	0	244789	player+silence	libopenmpt	ModPlug Tracker 1.09 - 1.16	20	472734	72f5e808	dfadeef0	Ryoohey/rita_nova.ZIP/rita_nova.it
370ded20e4f731a4a1d3e04c85e13d54	1	177879	player	ft2play	FastTracker v2.00	8	144349	259dd54f	ec920348	В‚OМЂВ‚aМѓ/French.zip/French01.xm
3760ce5b10ee6dc9ffe65c94cf9ca1ce	1	302056	player	ft2play	FastTracker v2.00	24	653450	ce98c99b	dda0b30b	mori/solid02.zip/solid02.it
37bb571ab9bcf189115196c884364e15	1	166771	player	ft2play	FastTracker v2.00	14	402366	0f439197	ae1b7050	H.I/deepsea.zip/deep sea brawl.XM
38038560bb15f3fadfd65ee9b76715b9	1	372110	player+silence	ft2play	FastTracker v2.00	16	2537372	a1814047	9fa0976d	KAI/Module10.lzh/Module12.xm
389679b9810f8d3a0ba9ec5b4a89c0a5	0	76886	player+silence	libopenmpt	ModPlug Tracker 1.09 - 1.16 (ADPCM packed)	5	170670	b6598008	1c305a08	XERE/omoide.zip/omoide.it
390d6248b7c8a970369cd927e892e35c	1	157883	player+silence	ft2play	FastTracker v2.00	16	166646	ec6ab207	e79b077d	real blue/Un_F.times2.zip/Un_F.times2.xm
39a9912143f4369f5551349f95068fb0	1	121318	player+silence	ft2play	FastTracker v2.00	18	564866	30b8bbd8	132cbbd7	real blue/Un_TSICT.zip/Un_TSICT.xm
3a3f01ce7b3434feab6f9152147dd8b0	1	228239	player	ft2play	FastTracker v2.00	8	357020	2879fe54	0d99800a	COYOTE/cyt_posr.zip/cyt_posr.xm
3ac647342fb8ab47b668c7130e2282a4	0	192626	player+volume	libopenmpt	ModPlug Tracker b3.2 - 1.09	8	407415	365f65e2	b72f3049	Ryoohey/oet.zip/OET.it
3b40e5b98c58ce3a40748b2cb8703431	1	340722	player+silence	it2play	Impulse Tracker 2.14+	9	248770	75ca4343	4f414282	В‰IМ‚В‹|/mvp_0048.lha/PSI-CLDA.IT
3b45144a6227d09f86a3a190e52a5e28	1	155133	player	ft2play	FastTracker v2.00	20	223772	aa66fee7	68200542	dk305/DKNSP.ZIP/DKNSP.XM
3b683df850a4b05a54f42d88f8a01ba3	0	191692	player+silence	libopenmpt	ModPlug Tracker 1.09 - 1.16	8	245717	b0fc65cf	d61e32f8	В‚EМЂВ‚ВЄВ‚aМ‚В‚nМѓ/dragon.lzh/dragon.it
3bd1515ba36d03a52d23f3e77ca81fa2	0	289927	player+silence	libopenmpt	ModPlug Tracker 1.09 - 1.16	14	38714	16030473	df94ce67	inout/sabi.zip/sabi.it
3be09889e20f01a59f8acc2f5e9b9cf2	1	114697	player+volume	ft2play	FastTracker v2.00	6	7240	6fcd3c0a	d17b3eb7	ken_ken/!k_clucl.zip/!k_jf.zip/!k_jf.xm
3c40798c5d3f22df877d72c56110c277	1	72017	player	uade	Protracker compatible	0	527259	34958652	fd6f20e3	В‚В»В‚IМЂВ‘Вј/tac.zip/tac.mod
3c40798c5d3f22df877d72c56110c277	1	72017	player	uade	Protracker compatible	0	527259	34958652	fd6f20e3	В‚OМЂВ‚aМѓ/tac.zip/tac.mod
3c445815c3ab5af49599559c26cfd5e9	1	228978	player	ft2play	FastTracker v2.00	22	607016	4e910bce	6f3f7640	ВѓIВѓВ“ВѓВЊВѓR/mega.zip/MEGAPIN.XM
3cb47a65f990820547c948d846958dbb	1	94668	player	ft2play	FastTracker v2.00	18	346014	6d25af76	022c22e0	ken_ken/!k_gala.zip/!k_gala.xm
3d5fd26afe7e54185e59b85406d48ec6	1	138765	player	ft2play	FastTracker v2.00	10	547637	fc94f154	55442802	В‚OМЂВ‚aМѓ/Reghop.zip/Reghop4.xm
3e21fbcfcc55b7509d47b2271176ce88	1	242758	player	uade	Protracker	0	181458	0c3a4d84	8cc67b50	В‰IМ‚В‹|/Siiing.lha/Siiing.mod
3ed7a1fca72d36c1a1877b00028b2e51	1	344492	player+silence	ft2play	FastTracker v2.00	16	684569	2314b566	9f446bf4	Ryoohey/fortune_cookie.zip/fortune_c(master).xm
3f185f4e451453cb80f7d90c05eea2aa	1	321252	player+silence	ft2play	FastTracker v2.00	32	2340489	d65cae47	ed6a33fb	PET/p_find8b.zip/p_find8b.xm
3f3fa4d0514ff70161a86a8a5959903c	1	693370	player+silence	ft2play	FastTracker v2.00	16	932356	358a1699	a5282941	Untitled Records/Un_afruit.zip/Un_afruit.xm
3f6e5fcf3453d22cabbcf58430beaa14	0	221793	player	libopenmpt	ModPlug Tracker b3.2 - 1.09	14	428231	49ad5711	66ceba31	pb/cat_cp.zip/CPressure.it
3f6fb9e16602d3bbb75f9dc471a33908	1	390739	player+silence	uade	Protracker	0	485476	ca3e9d79	3a207a20	В‰IМ‚В‹|/pt_at1st.lha/mod.at_first_sight
407b477cc65f79828d528b4db2329e83	1	423706	player	ft2play	FastTracker v2.00	22	2536801	203e3074	00ea536d	Matsuura newJPN/mw2.zip/mw2.XM
40b187e3f921f9136b5d71fbb949a56c	1	436948	player	ft2play	FastTracker v2.00	26	1506603	668b825c	959c0a8f	kazyah/1flame.zip/1flame.xm
4118085eb606eff107c83ed981f525a4	1	264576	player	ft2play	FastTracker v2.00	32	1232092	16d6f612	8f27c333	matsune/cotton.zip/cotton.xm
41d600ba80ef801259f4756a3b785889	0	143785	player	libopenmpt	ModPlug Tracker 1.09 - 1.16	1	17932	f680700e	cf766a4b	KEN1/ff9.zip/ff9.it
42464c636799d83e02e8a3000f85f429	1	73496	player+silence	ft2play	FastTracker v2.00	20	252728	8008e885	246b0fdf	real blue/Un_Thrilling.zip/Un_Thrilling.xm
42c4b880e3b3762228e36508b523118a	0	255420	player	libopenmpt	MOD Plugin packed (ADPCM packed)	36	951077	df519c09	4e0d1e61	ВѓgВѓbВѓJВЃ[Вѓ^/mirage.zip/mirage.xm
42e722c3e0d375bc1897fdf0cb3f0c79	0	302789	player	libopenmpt	ModPlug Tracker 1.09 - 1.16	24	962978	3bafaf43	fb76ded7	Be Mod/be_pro.zip/pro_rmx.it
437be4f548c42254c8eb87fb46d6f823	1	373361	player	ft2play	FastTracker v2.00	22	901205	085c020b	e0cbbed5	MEGUMix/1435.zip/1435.xm
437be4f548c42254c8eb87fb46d6f823	1	373361	player	ft2play	FastTracker v2.00	22	901205	085c020b	e0cbbed5	MEGUMix/No2/1435.zip/1435.xm
43b1db9e3ea1e11a47cde8e2ea6af71f	1	407270	player+silence	it2play	Impulse Tracker 2.14+	19	404046	71dbcde4	a57cbe97	В‰IМ‚В‹|/mvp_0048.lha/PSI-BUTR.IT
44538ce7b7a8fe8d6a80aeecdf59cf56	1	289864	player+volume	ft2play	FastTracker v2.00	16	2243862	aa06ddde	1405b18b	KAI/Module3.lzh/Module3.xm
445b99296886a644a9488ee359f6ea8e	0	49123	player	libopenmpt	ModPlug Tracker b3.2 - 1.09	7	481516	230194c8	ea47d212	В‚UМЃВ‚UМЃВ‚UМЃВ‚nМѓ/bobobon09.zip/FantasyZone5.it
44bd06e8e5060130feb1a4698b187e94	0	414480	player	libopenmpt	ModPlug Tracker 1.09 - 1.16	9	648221	991ee2c2	4c1eb258	В‚EМЂВ‚ВЄВ‚aМ‚В‚nМѓ/MQP2001.lzh/MQP2001.it
452ea58e0936f62cbdd0176302a55f2b	1	255353	player+silence	ft2play	FastTracker v2.00	12	1156550	33859a63	fbd43090	abu/break.zip/BREAK.XM
4603d700bbcb93427a38f04587f4c815	1	239681	player	ft2play	FastTracker v2.00	8	47995	0371093c	8e661846	ken_ken/!k_mario.zip/!k_mario.xm
4644073bed52bac88f879de32028d93d	0	183878	player+silence	libopenmpt	ModPlug Tracker 1.0 - 1.16	21	834863	dc632f4c	2392291e	ВЊВ№В‚ВіВ‚nМѓ/emotion.zip/beat emotion(original mix)2.xm
46786604e5543d7b017a2fe42c8795ba	0	228458	player+silence	libopenmpt	ModPlug Tracker b3.2 - 1.09	26	787176	d296a107	c3bf1b90	Yum-eatup/euthanasia.zip/utopia.it
4822ebf8d0ae303755efb0134a7eeac4	0	0	nosound	libopenmpt	ModPlug Tracker 1.09 - 1.16	127	1121113	8dc29c2a	e7d22188	hiro/donkey.zip/minimal026S.it
4822ebf8d0ae303755efb0134a7eeac4	1	0	nosound
48e9254f9ebc5fc4c4099d5980f38fa2	1	341970	player+volume	ft2play	FastTracker v2.00	14	336841	cf2ac475	15a816ff	AIRHEAD/air_spoo-r.zip/air_spoo-corermx.xm
4abce2c9430360e2386d771d815017e9	1	398121	player+volume	ft2play	FastTracker v2.00	16	1168165	95b14d8f	24d83d21	Untitled Records/Un_p_antimx.zip/p_antimx.xm
4b1e4daf554c58749602b0e631ad416f	1	192041	player+volume	ft2play	FastTracker v2.00	8	463517	79885759	f3698e67	В”gВ•ВЅВ‰iМ€В‚ВЁВ‚В·В‚В·В‚ГџMOD/temples.zip/templsun.xm
4b1e4daf554c58749602b0e631ad416f	1	192041	player+volume	ft2play	FastTracker v2.00	8	463517	79885759	f3698e67	В”gВ•ВЅВ‰iМ€В‚ВЁВ‚В·В‚В·В‚ГџMOD/templsun.zip/TEMPLSUN.XM
4c23c877aec98ba3693ad836f2828972	0	260711	player+silence	libopenmpt	ModPlug Tracker 1.09 - 1.16	18	216200	4878ea73	8e542179	inout/e60rmxk.zip/katsuUra.it
4ca6a374f9e153ede0fec87b532ea2c6	1	235960	player+silence	ft2play	FastTracker v2.00	8	264244	0c500e4e	9f36e209	ВѓIВѓВ“ВѓВЊВѓR/gmgtn.zip/GMGTN.XM
4cf6247d57c2ab2ebf67f0dab0743db8	1	172522	player	ft2play	Fasttracker (M.K.)	4	252470	661c2308	468dc57c	ВѓВ€ВѓВЌВѓYВѓВЊВЃ[ВѓxВѓВ‹/crazy.mod
4dca8427692fb42fbc5710425d571bea	1	6899	player	ft2play	FastTracker v2.00	16	270537	e3e742bc	d33040ce	В‘В‹В‚IМЂВ“mВ“AМЃВЏWВ‹LВЋВ–/dancemusic9_1.xm
4e16fadef040661379fec4949258a4a9	1	51805	player	ft2play	FastTracker v2.00	18	360333	35e6a811	b70ec281	dk305/S_MARIO.ZIP/S_MARIO.XM
4e1eb9373a7ce71d386dd12d32b91843	0	138278	player+silence	libopenmpt	ModPlug Tracker 1.09 - 1.16	26	430052	e65c054f	8dcd0957	MAJR4/eyes_iym.zip/eyes_iym.it
4e3195baea799fcc8d48268cae4c3da4	0	193242	player+silence	libopenmpt	ModPlug Tracker 1.09 - 1.16	18	425294	cae13f31	a3f22e30	В•|mod/remains.zip/kowa3.it
4e935f5c1d0471f4966686ae3f80ff4f	1	245374	player	ft2play	FastTracker v2.00	4	67267	8ea7bad7	f9d0f1c4	gwm/gwmstm.ace..ace/GWMSTM.XM
4ee5ac862f83f07b9a6d0fa9970e56ab	0	122268	player	libopenmpt	ModPlug Tracker b3.2 - 1.09	10	39618	115f8e0c	22b44705	core/ambient/cr_ambi9.zip/cr_ambi9.it
4f1efcc2c0cbfe5ebde7b6ae6bed980c	1	195528	player	ft2play	FastTracker v2.00	8	106827	5ed7eb51	997a0b95	ВѓIВѓВ“ВѓВЊВѓR/sus.zip/SUS.XM
4f2584547d7f226f8f7fa364193854a4	1	457691	player+volume	ft2play	FastTracker v2.00	30	1755422	6a7f19f5	e516a72e	MOD_MAN/GOGO.zip/GOGO.xm
4f521d29425ad6e5cd6cf9ec39ad903e	1	210598	player	ft2play	FastTracker v2.00	16	325357	bebcbcd8	323e02b5	BODY/apolo.zip/apolo.xm
508501878d9192d186ca1cead9557a1f	1	279924	player+silence	ft2play	FastTracker v2.00	16	435444	e4f2f235	85e4aab9	oto/daybreak2.xmz.zip/daybreak2.xm
50bb1d9d532fe24196c71563b3e5b28b	1	437995	player+silence	ft2play	FastTracker v2.00	32	717881	dcfb283b	833d787a	POSE/po-six4.zip/po-six4.xm
50f14cd5ab3960d3e20d4a4b59e12836	0	517603	player+silence	libopenmpt	ModPlug Tracker 1.09 - 1.16	24	833986	22cf1644	9e9b1869	polygon prompt/p_raie.zip/p_raie.it
5114ef50deb83c26fdc9941c14168d47	1	280859	player+silence	ft2play	FastTracker v2.00	16	1163829	18c7116b	18587a34	polygon prompt/p_we6r1.zip/p_we6r1.xm
51a92508e27774016161e9c981f4bb86	0	311767	player	libopenmpt	ModPlug Tracker 1.09 - 1.16	14	392685	2906e3b0	997b154a	SABA/drublic.zip/drubric.it
51c94700a774c9fe74dd182378c47497	1	225189	player	ft2play	FastTracker v2.00	10	234476	893cb922	720784f7	COYOTE/cyt_indi.zip/CYT_INDI.XM
51c94700a774c9fe74dd182378c47497	2	66189	player
524ba39e5454a59eb0866fefc28691e7	1	297855	player+silence	ft2play	FastTracker v2.00	22	433382	6e95da67	2011c6ef	MEGUMix/capital_remix.zip/capital_remix.xm
53347865d13317f0316ac413fac294bf	1	232094	player	ft2play	FastTracker v2.00	8	294518	5a2de1eb	00fdddc3	В‚OМЂВ‚aМѓ/VDrumT2.zip/VDrumT2.xm
540df7d5bc001f3294905c33e36918a1	1	262213	player	ft2play	FastTracker v2.00	22	1056746	0f7e5905	f4feddf8	MEGUMix/low.zip/LOW.XM
546ae4284810472d2273130557d8dfcd	1	183978	player	ft2play	FastTracker v2.00	12	154763	a8910626	44e98274	ken_ken/!k_clucl.zip/!k_clucl.xm
5524a86564cc5a9f2dab5a1c7d4ff6ca	1	381788	player	ft2play	FastTracker v2.00	8	138045	4ab8bcac	959eb1db	COYOTE/cyt_hagi.zip/CYT_HAGI.XM
55a9f957d1d9ff0f7bf8312db19c1e2d	1	363601	player+volume	ft2play	FastTracker v2.00	16	700156	7d26f3eb	e6c4d6de	abu/No2/666.zip/666/6662.XM
55d9671f13cf0c7cdb636317d9f68363	0	189530	player+silence	libopenmpt	ModPlug Tracker 1.09 - 1.16	16	521189	81e1a3b3	45cd2fd3	pulsehead/house_rndm.zip/house_rndm.it
55ebbf53e409f0fb060703ceeb59d220	1	170051	player	ft2play	FastTracker v2.00	8	204231	020d3589	6e02b445	ВѓIВѓВ“ВѓВЊВѓR/chaos.zip/CHAOS.XM
55fe97c28b9f32c3c38a79b9ea73f5c2	1	175262	player	it2play	Impulse Tracker 2.14+	11	927774	226a6541	4d8b4f85	sharpnel/srp-apl.zip/CHIK.IT
565fc1a1439cc83c1815a99b899ed209	0	409208	player	libopenmpt	ModPlug Tracker 1.09 - 1.16	30	645522	7c4e76cd	1537b578	ВѓgВѓbВѓJВЃ[Вѓ^/can.zip/can.it
56824db5ad125bbb15c75339ce6e0f2e	0	90055	player	libopenmpt	ModPlug Tracker b3.2 - 1.09	18	136259	3454142e	1b714684	pb/cat_polis000t.zip/POLIS000_8bit.it
56a3b27b18b6e1d74cca7d8efd5efdaf	1	116464	player	ft2play	FastTracker v2.00	8	125626	1b17392f	4724a32e	ken_ken/!k_fzero.zip/!k_fzero.xm
582501cfb0baeb947af6013ff74ea25d	0	160632	player+volume	libopenmpt	ModPlug Tracker 1.09 - 1.16 (ADPCM packed)	16	111256	92dc68a7	7284d22c	XERE/memories.zip/k114.it
584bbe57a323023acca4da9b0eca5711	1	237283	player	ft2play	FastTracker v2.00	12	1613112	1b6dbf73	f5e5d55a	В”gВ•ВЅВ‰iМ€/crutch.zip/Crutch.xm
588865dccb8eab7c1f4bbbde91375655	1	276229	player+silence	it2play	Impulse Tracker 2.14+	9	778640	c4597b27	77ae99b4	sharpnel/srp-yuko.zip/u-ko.it
58a4c6cdb0f991ae2c57b0ef73fb2cec	1	62071	player	uade	Protracker compatible	0	44236	c7e3b39f	fe58d72f	COYOTE/CYT_KU89.MOD
58a4c6cdb0f991ae2c57b0ef73fb2cec	1	62071	player	uade	Protracker compatible	0	44236	c7e3b39f	fe58d72f	COYOTE/cyt_ku99.zip/CYT_KU89.MOD
58ce8f4119ff9713f64138002234970b	1	205560	player	ft2play	FastTracker v2.00	10	175919	d332f970	8a99b2d6	ken_ken/!k_ksd.zip/!k_ksd.xm
59071c1644813d8cd1b4cd58eae00a9a	1	98863	player	uade	Protracker compatible	0	174500	764caad9	c756f25f	COYOTE/CYT_KU79.MOD
59071c1644813d8cd1b4cd58eae00a9a	1	98863	player	uade	Protracker compatible	0	174500	764caad9	c756f25f	COYOTE/cyt_ku99.zip/CYT_KU79.MOD
59335571adde9873acf4fbdab13352a0	1	237753	player	ft2play	FastTracker v2.00	16	572349	074ebae5	5478aea5	COYOTE/cyt_mwds.zip/CYT_MWDS.XM
59717ff0f83170a045ddcf2259f7a649	1	180506	player	uade	Protracker	0	407396	2cd787ee	a8d5f0fc	В”gВ•ВЅВ‰iМ€В‚ВЁВ‚В·В‚В·В‚ГџMOD/temples.zip/mod.temple of sun.proje
599be2ad5cc7bd610eca7649e7d7e9ca	1	383987	player+silence	ft2play	FastTracker v2.00	22	309923	f447377e	4e0a0109	takao/TO_BC.ZIP/to_BC.xm
59e9b1e820d0544bc169f52e6fd483f3	1	398718	player+volume	ft2play	FastTracker v2.00	16	660059	527afd36	6223cdb9	polygon prompt/p_unmo.zip/p_unmo.xm
5a0f41e831094fc09fd25cdbcfc73315	0	169793	player+silence	libopenmpt	ModPlug Tracker b3.2 - 1.09	10	1170182	9086cb67	644f755e	Ryoohey/food.zip/food.it
5a0f53e8385838a18a1903995b63920b	0	360529	player	libopenmpt	ModPlug Tracker 1.09 - 1.16	17	867380	d25011f8	d5099f0c	pok/pk_udn.zip/pk_udn.it
5a7b854af67ca9bacddf14333a9911e4	0	219445	player+silence	libopenmpt	ModPlug Tracker b3.2 - 1.09	15	496915	f7eff1ae	218e26f1	pb/cat_innerw.zip/inner_w-l.it
5a95f272415c76cb768a4c7e65b51938	0	307794	player+silence	libopenmpt	ModPlug Tracker 1.09 - 1.16	20	998307	d2cf63a2	a410d7ff	maak/47567-Eternitywith.zip/eternity.it
5ab49d66cacc1f571ef329b82f478a2d	0	356007	player+silence	libopenmpt	ModPlug Tracker 1.0 - 1.11	36	1555186	4662fb50	7e83dcf1	MOD_MAN/DEVIL.zip/devil.xm
5cb88bfa2c82eab3df3366b61639bc4f	0	147866	player+silence	libopenmpt	ModPlug Tracker 1.09 - 1.16	4	38829	3d55f89a	2d5b0d2e	Untitled Records/Un_Dg_mb.zip/Un_Dg_mb.it
5cf43786baaf15e8ae516ad3e215bcad	0	338687	player	libopenmpt	ModPlug Tracker 1.09 - 1.16	15	1169443	da1d414f	6c0982ea	ossan/sonsi.zip/sonsi.it
5d63d18fdcde70f5b44cf0b69f3a9b09	0	530069	player	libopenmpt	ModPlug Tracker b3.2 - 1.09	21	918457	c933070b	3ef3b07b	hiro/guilty.zip/guilty.it
5e4ab04dc63c8946f39b051cf612a250	1	134199	player	ft2play	FastTracker v2.00	20	198636	64e467f8	f550b2db	dk305/DKDKT.ZIP/DKDKT.XM
5e807b06c86dc5316ccf070e604e0ed1	1	311920	player	ft2play	FastTracker v2.00	16	216724	c2ab1d37	aee83a1e	KAI/Module6.lzh/Module6.xm
5e858aa37cc3720b457b824aca01a102	1	161792	player	ft2play	FastTracker v2.00	8	143848	e1d5f258	92dbae71	ВѓnВѓВ“ВѓTВѓВЂВѓLВѓВ‰ВЃ[/newb.zip/newbittiees.xm
5e9696074006708a9d498f5e5920414f	1	265839	player+volume	ft2play	FastTracker v2.00	24	3283901	48931b66	2d868ce2	teckhide/Merry.lzh/Merry.XM
5f3e81bdd86661f86d26cff316056a83	0	41796	player	libopenmpt	ModPlug Tracker b3.2 - 1.09	8	404457	794d7183	1aee9594	В‚UМЃВ‚UМЃВ‚UМЃВ‚nМѓ/bobobon10.zip/FantasyZone7.it
5f5242e257b414bfe825e56a0ee90c33	0	321991	player+silence	libopenmpt	ModPlug Tracker 1.09 - 1.16	16	1042508	7e4a9b08	3e1864e8	В’ВґВ”]ВЌHВ–[/pix_alon.zip/pix_alon.it
5f898956766c7742e9337bc8fd7cfddd	1	179922	player+silence	ft2play	FastTracker v2.00	16	1462029	5c92c2ce	d326a978	В”gВ•ВЅВ‰iМ€В‚ВЁВ‚В·В‚В·В‚ГџMOD/an_2lst8.zip/AN_2LST8.XM
60701b4a6baefeacf83712315fd25898	0	300073	player+silence	libopenmpt	ModPlug Tracker 1.09 - 1.16	19	306723	d424bfe1	33e0b8cb	Yum-eatup/snow2nd.zip/snow2nd.it
61bd3de4e91148caea6a90308ca3f612	0	323968	player+silence	libopenmpt	ModPlug Tracker 1.09 - 1.16	45	757796	65c48b16	9eda3d62	hiro/plateau.zip/plateau.it
61e64d55f3843d65820b989354e23c3d	0	334130	player	libopenmpt	ModPlug Tracker 1.09 - 1.16	16	177426	70f5ba09	361434dd	В’ВґВ”]ВЌHВ–[/pix_rain.zip/pix_rain.it
62131a79b14b263f77f2236cc223b8af	0	230215	player+silence	libopenmpt	ModPlug Tracker 1.09 - 1.16	16	398942	2d2086a8	b2723854	taropeter/615/tokyorose.zip/tokyorose.it
6246e0c124bd95323fbb0515b40bec33	1	54639	player	ft2play	FastTracker v2.00	10	190552	7b247332	9caf61fe	KEN1/goonies1.zip/goonies1.xm
624b2d4e22b24517dca9a3ec5b7cd626	1	351650	player+silence	ft2play	FastTracker v2.00	16	3212584	a5cf5c91	7969f72c	KAI/Module9.lzh/Module9.xm
6290dd1dcdf0716ea16e1329c04ceef0	0	287071	player	libopenmpt	MOD Plugin packed (ADPCM packed)	26	285240	b9030488	6c817b96	takao/TO_RC.LZH/to_RC.xm
62c934481fbbb66efcb9c51d128d2be9	1	204624	player+silence	ft2play	FastTracker v2.00	16	781344	c08bc25d	c6668f70	Ryoohey/lcg.zip/lcg.xm
62f7cd5509c1bb65f7ca8d882deb4c51	1	361362	player+silence	it2play	Impulse Tracker 2.05	15	1832867	7eaf8de1	a9d1d449	sharpnel/gabbangelion/pg_hellr.zip/MYS00004.IT
63b4033e02458b301aed0b8b43da0b54	1	239674	player+silence	ft2play	FastTracker v2.00	18	1592724	bdbc2a7c	1e869064	abu/toystory.zip/TOY.XM
63d3a4978fd1d09f26bdb931a5cdcfea	1	368812	player	ft2play	FastTracker v2.00	28	822659	00a3ddc5	8fca42a5	takao/DUTCH.ZIP/dutch man wife.xm
64b0924cb41921522034b732897806f8	1	261498	player+silence	ft2play	FastTracker v2.00	24	2590035	fafcdd1c	f9f117a7	MEGUMix/No2/mmr.zip/Mmr.xm
657c60f5cf1a8f5a206f35bd213e2b75	0	60122	player	libopenmpt	ModPlug Tracker b3.2 - 1.09	10	634503	d8f8ae5e	d2f23d8b	В‚В В‚eМЂВ‚В©В‚UМ€/sonic.zip/sonic.it
65ac6b17deff60a68557648beb73f2b2	1	437682	player+silence	ft2play	FastTracker v2.00	18	520615	ee0caf52	746d3b6e	abu/just.zip/JUST.XM
66f1913b7b5c3499d03cdf5af5e96f4a	1	451257	player	it2play	Impulse Tracker 2.14+	14	474820	234d189f	350d43cc	В•|mod/submarin.it.zip/SUBMARIN.IT
6759425263b84cb57c966d1d97d4098a	1	195351	player	ft2play	FastTracker v2.00	22	636453	8affd195	e0797f52	KEN1/clasmato.zip/clasmato.xm
6781c8b8ae72dc4961b0ea180c5ce6aa	0	515235	player+silence	libopenmpt	ModPlug Tracker 1.09 - 1.16	25	815186	41b2dfe1	28969d3d	nik/8_rth.zip/888_rth_rmx.it
680f3a742d89190bee31805ac64a0813	1	256391	player	ft2play	Fasttracker (M.K.)	4	460372	b97a2c24	29fe3264	ВѓВ€ВѓВЌВѓYВѓВЊВЃ[ВѓxВѓВ‹/forever dub
68349836f99fbd2802805ee4380950f4	1	201166	player+volume	ft2play	FastTracker v2.00	6	52578	342a0ae3	ebd00ae9	ken_ken/!k_chail.zip/!k_chail.xm
68f3477827a3ce6735bf86364ca4cdf3	0	226853	player+silence	libopenmpt	ModPlug Tracker 1.09 - 1.16	16	398899	2cb37080	ed0db3e7	taropeter/tokyorose.zip/tokyorose.it
690e85ab087cff21156d5d7d9ad1b18b	1	271518	player+silence	ft2play	FastTracker v2.00	28	739101	6f0628fc	04cfadb5	POSE/po-super.zip/po-super.xm
691e27d7c0b2f29aee9191695d6b4510	0	181744	player+silence	libopenmpt	ModPlug Tracker 1.09 - 1.16	26	692234	2f9e8cf5	9ea99d25	Be Mod/be_miti.zip/be_miti.it
69969a8983dbf6fd5480d70cd2190197	0	271502	player+silence	libopenmpt	ModPlug Tracker b3.2 - 1.09	15	450293	f5a18c1d	07f50696	mayday/m40.ZIP/m40.it
69d88ce0ab371e747ccb625f9107172a	1	102254	player	ft2play	FastTracker v2.00	6	43579	0e353e59	a7938951	dk305/sm3.zip/sm3.xm
6a0147fff1ecd1bab5b642a58effcebf	1	173834	player	ft2play	FastTracker v2.00	20	528990	01a6470c	d053500c	dk305/305NOFT.ZIP/305NOFT.XM
6a83567c1e07e79237ca6d82497abb31	0	214838	player	libopenmpt	ModPlug Tracker 1.09 - 1.16	13	620926	792f172e	5d8be29a	Yum-eatup/fm765.zip/fm765.it
6b1aa2fe3278597139665871ead3709c	0	361370	player+silence	libopenmpt	ModPlug Tracker 1.09 - 1.16	20	1155364	e593a9dd	44cdbd59	maak/38831-depthswater.zip/d_water.it
6b462c02eaa7340dffc69d5cd51de2f0	0	247873	player+silence	libopenmpt	ModPlug Tracker 1.09 - 1.16	13	921180	a64bf0dd	6931c1ff	В’ВЉВЏUМ‚MOD/snow.lzh/snowman.it
6b97d03fd58364ca9444e558bf578c9c	1	153381	player	ft2play	FastTracker v2.00	10	356656	743c26a3	8aa5156c	KEN1/umbaumba.zip/umbaumba.xm
6b9d967bbe47a328a2105ca5bc0a87ae	0	197430	player+silence	libopenmpt	ModPlug Tracker 1.0 - 1.11	16	1158860	618b8c91	5c86533b	ВЊВ№В‚ВіВ‚nМѓ/respect.zip/the endless respect!.xm
6bf65fab1b4a3ec4e3ca2ef84eac8015	0	165945	player	libopenmpt	ModPlug Tracker b3.2 - 1.09	6	283444	86ea2f51	076af41e	Ryoohey/feewee.zip/feewee.it
6c6ce8692b5d5db8c91f1bc0115467d8	0	231943	player+silence	libopenmpt	ModPlug Tracker 1.09 - 1.16	22	521826	01cde179	4cafe882	maak/side_b.zip/side_b.it
6cb23fc17e4a0520b7d39d22da03230e	1	130589	player	ft2play	FastTracker v2.00	8	730359	d2d25a94	ffb26212	sharpnel/UKOBLUE.zip/UKOBLUE.XM
6cde0f2f946cd5d92c58ea8ded21ea3b	1	325706	player	ft2play	FastTracker v2.00	14	215255	7e4e81d8	659e2f51	takao/TO_RDH.ZIP/to_RDH.xm
6ce31c5df6442912c412fa65e151d8c8	1	200913	player	ft2play	FastTracker v2.00	28	735643	f79a7585	1fcd1e3a	core/dance_g-r.zip/dance_g-r.xm
6d3e2d1bd5a63da72dc1d6cd1fe77444	1	529686	player	ft2play	FastTracker v2.00	26	1091424	f8ea6d95	6acd8ea1	Matsuura newJPN/retrohell.zip/RetroHell[live].XM
6dba23a142b516dbc47847557b0af735	1	386654	player	ft2play	FastTracker v2.00	10	371736	32faa57d	1e212983	COYOTE/cyt_hone.zip/CYT_HONE.XM
6dfe2bd951b0c4601196508922dc7843	0	86926	player	libopenmpt	ModPlug Tracker b3.2 - 1.09	16	427369	99c72a7b	08bbf77d	pb/cat_ifba!!.zip/Ifba!!.it
6f61fc4bed0a928934d9d12178e0bb5b	0	324485	player	libopenmpt	ModPlug Tracker 1.09 - 1.16 (ADPCM packed)	36	941750	6e2ac186	672063f3	ВѓgВѓbВѓJВЃ[Вѓ^/sunset.zip/sunset.it
6f837ada7ba1b30fe7920049314e491e	1	194303	player+silence	ft2play	FastTracker v2.00	12	333817	c84a1769	2130d581	H.I/spaceremix.zip/space a trip remix.XM
6f9d5d937756cdcd6fd31e2d5ef89090	0	147893	player	libopenmpt	ModPlug Tracker b3.2 - 1.09	14	370596	0408532c	a2adbb38	mayday/m31.ZIP/m31.it
707c913b70aacb095d4c594cd5fdb0e2	0	181795	player+silence	libopenmpt	ModPlug Tracker 1.09 - 1.16	4	214703	e0e84a12	935e88f8	Untitled Records/Un_nosticks.zip/Un_nosticks.it
709b7ab39bb67784c457477358e93ad5	1	432290	player+silence	ft2play	FastTracker v2.00	16	736074	c98921da	9104bdb6	oto/sadden.xm.zip/sadden.xm
709e3b32558a414e5b1a16a6e9425349	0	217006	player	libopenmpt	ModPlug Tracker b3.2 - 1.09	25	215754	4334a8eb	0cc20a0c	core/seiko-r.zip/seiko-r.it
70a1776ef5ab2047b4b006cc2247ae0d	0	273305	player	libopenmpt	ModPlug Tracker 1.09 - 1.16	24	262444	3062435f	10f4227a	core/To_nm-cr.zip/To_nm-cr.it
712f4a1f7164cd8e859de5d0591ab5ff	1	225087	player	ft2play	FastTracker v2.00	16	142613	4e167718	8117b8e0	ken_ken/!k_kaeru.zip/!k_kaeru.xm
714e5ad4dfd93cd9d2d3913577543781	0	236153	player	libopenmpt	ModPlug Tracker 1.09 - 1.16	23	1117468	6c6f6e52	9be47d56	Untitled Records/Un_FM.zip/Un_FM.it
7188d4bd543a7b4041844e2556e7e8b9	0	266612	player	libopenmpt	MOD Plugin packed (ADPCM packed)	26	258205	e4bbe2be	496907b7	takao/TO_RT.LZH/to_RT.xm
723ad86915ea6045d70d987685f0ccd2	0	405411	player+silence	libopenmpt	MadTracker 2.0	28	1649020	169bbc8c	36523018	MEGUMix/ripp-2.zip/Ripp2.mt2
7303fc3acd1ef3579656e917a6dbf5f3	0	134174	player+volume	libopenmpt	ModPlug Tracker 1.09 - 1.16	16	390080	8d6bea84	75dce94a	Jin/unknown.zip/unknown.it
7376cf7ff639e046b3edec1a0ca1cabb	0	202431	player	libopenmpt	ModPlug Tracker 1.09 - 1.16	27	671834	a4bfa0f8	ca274372	KEN1/onlytime.zip/onlytime.it
7376cf7ff639e046b3edec1a0ca1cabb	0	202431	player	libopenmpt	ModPlug Tracker 1.09 - 1.16	27	671834	a4bfa0f8	ca274372	Untitled Records/Un_onlytime.zip/onlytime.it
7392ae426e4f4ed186c60170c08f12ac	0	271982	player+silence	libopenmpt	ModPlug Tracker 1.09 - 1.16	12	410953	6ad5ff85	33f6d7f8	ВѓTВѓgВѓВ‹/upper.zip/upper.it
73a94c0c9ad329c170edbaae17a79392	1	272027	player+silence	uade	Protracker	0	721258	01a169d4	6ebaa3bf	В‰IМ‚В‹|/jailbird.lha/mod.jailbird
73c7334c337eb7bc24f2fc0f03323297	1	265619	player	ft2play	FastTracker v2.00	8	114808	3f0ab5cf	06c8731b	COYOTE/cyt_gard.zip/CYT_GAR2.XM
73de244f23f7ccb3c22e7706f71350f3	1	191894	player	ft2play	FastTracker v2.00	10	313033	786f9e1a	16e09bfe	ВѓnВѓВ“ВѓTВѓВЂВѓLВѓВ‰ВЃ[/hk_syu.zip/ВѓVВѓВ…ВѓВЏВѓВ‹ВѓcВѓlВѓK.xm
740f7ca6570fbd0ed8b0f98bdd174c0e	1	383730	player+silence	st3play	Scream Tracker 3.2x (SB)	16	952016	9f42ca33	d1af60c6	sharpnel/gabbangelion/pg_evag.lzh/EVA_G.s3m
7461f6c6c3bce4fa000ee2b186b83667	1	402082	player+silence	ft2play	FastTracker v2.00	32	517869	4be50433	58428ee1	kazyah/fuckrmx.zip/fuckrmx.xm
75cecfceed8714d42a94103f0ce0cf2a	1	292914	player	ft2play	FastTracker v2.00	16	385837	267504f1	d2a84753	kazyah/onpa.zip/SOGATRAX/ONPA.XM
75d0bbc4c48b9e31c559dfe50b90f688	0	212874	player+silence	libopenmpt	ModPlug Tracker 1.09 - 1.16	16	615633	d6d0ccec	38f2e816	hiro/xphoth.zip/xphoth.it
7636cec1a21438f84c2ce6eb5452cfff	1	202695	player+silence	it2play	Impulse Tracker 2.14+	23	706891	0a9d9869	28ca1447	sharpnel/YU-KO.zip/YU-KO.IT
76a6aae00e77ea2bafbe12be6ff0d395	0	218096	player+silence	libopenmpt	ModPlug Tracker 1.09 - 1.16	32	727921	c0936a4c	0b52cc97	KEN1/Wanderers.zip/wanderers.it
771a29f7fe8206779f2b98eeec5f01c1	0	410482	player	libopenmpt	ModPlug Tracker 1.09 - 1.16	16	635199	940acd07	965b8305	Untitled Records/Un_p_ophend.zip/p_ophend.it
7724d288624941f90f484967375ebe1a	0	412427	player+silence	libopenmpt	ModPlug Tracker 1.09 - 1.16	27	582126	30ed18d3	a7b5e4d7	taropeter/615/rmt_sc.zip/rmt_sc.it
77e7ff22a93e4cbd81d69ee85b323917	1	165407	player+silence	uade	Protracker	0	292716	d5291fc0	cbc49d96	В‰IМ‚В‹|/sarooes.lha/mod.sarooes
781d01761f384ed1a3b112328c667cfe	1	347416	player+silence	ft2play	FastTracker v2.00	16	653996	bf902ef9	07791269	gwm/gwmjack.rar..rar/GWMJACK.XM
7858c364e0a4e062b45996ffe9843343	1	391577	player	it2play	Impulse Tracker 2.14+	12	1324326	9058ee3f	15a58162	sharpnel/srp_emax.zip/EMAX.IT
786b4fcf586e6362671f881d30df4313	1	224571	player+silence	uade	Protracker	0	391692	c800a52f	d54fbb83	В‰IМ‚В‹|/RisinHard.lha/mod.risinhard
78b3052e24566a0e42870a5a4fe42018	0	212418	player	libopenmpt	ModPlug Tracker b3.2 - 1.09	10	272343	a2dc9bc5	366f67d9	Вѓ\Вѓ{ВѓNВЊВў/yosiki.zip/yosiki.it
78da87d846ae705baa9a1df90ecb6561	1	427074	player+silence	ft2play	FastTracker v2.00	32	1047278	b4573dbf	d99ee192	MEGUMix/endof_remix.zip/endof_r.xm
79105c5533b96393cd87cd890bb3d24a	1	212175	player	ft2play	FastTracker v2.00	24	925035	ef0c44c2	8039ae93	PET/p_carniv.zip/p_carniv.xm
79e3dc90df8d032c4f630232c5d84a76	1	238456	player+volume	ft2play	FastTracker v2.00	8	1066325	d8da3a57	209884ad	ВѓnВѓВ“ВѓTВѓВЂВѓLВѓВ‰ВЃ[/hidari.zip/hidari.xm
7a8af215fc1541f121606d357e42eb4d	1	200893	player	ft2play	FastTracker v2.00	6	159707	1d2a782c	0ef3bcb4	COYOTE/cyt_dora.zip/CYT_DORA.XM
7b9fe8d6307acbe3196fccbeb8a543bd	0	386143	player	libopenmpt	ModPlug Tracker 1.09 - 1.16	18	750316	610f9f71	b0a93199	Untitled Records/Un_p_pride.zip/p_pride.it
7bc4fb52f866e8d4507b03e746a151ba	1	407945	player+volume	ft2play	FastTracker v2.00	16	1521705	bbed7d98	3eb689b4	oto/celebrate.xm.zip/celebrate.xm
7bf6d7ce5d0fefe0e95b544b4f81ba2d	0	238650	player+silence	libopenmpt	ModPlug Tracker b3.2 - 1.09	20	95837	0e3324e9	1faf2524	core/ambient/cr_ambi7.zip/cr_ambi7.it
7c938e8e0a3467d1a683e39c44381338	1	284845	player+silence	ft2play	FastTracker v2.00	24	635122	e110ab1f	507caa14	ВѓIВѓВ“ВѓВЊВѓR/cipa.zip/CIPA.XM
7d6768c5c22200d827be5f921ae86aea	0	372934	player+silence	libopenmpt	ModPlug Tracker b3.2 - 1.09	12	257173	05331eb9	23bb129f	В’ВґВ”]ВЌHВ–[/pix_fwks.zip/pix_fwks.it
7d7b312119f802bde6ba17bb6eca1148	1	325633	player	ft2play	FastTracker v2.00	18	684343	edd73b16	62658b62	COYOTE/cyt_eofs.zip/CYT_EOFS.XM
7d7b312119f802bde6ba17bb6eca1148	2	38059	player+volume
7dd596a8e16a1766d71754890da72e10	0	613366	player+silence	libopenmpt	ModPlug Tracker 1.09 - 1.16	39	477917	f6438b08	97fd7739	taropeter/615/rmt_sc002.zip/rmt_sc002.it
7e0346c3728620a98a6beb12df2d4aa2	0	244536	player	libopenmpt	ModPlug Tracker 1.0 - 1.16	25	715963	1b4a5f09	eafda280	ВЊВ№В‚ВіВ‚nМѓ/euro_city.zip/EUROTECH CITY(ikeraji remixies)_a.xm
7e43fe246a3737647df579ed8c30258b	0	135492	player+silence	libopenmpt	ModPlug Tracker b3.2 - 1.09	10	440234	6a7d2dd5	cba4df44	Ryoohey/after.zip/after.it
7e6d661cfe606e4b4f45f92d9b40c1b3	1	297193	player+silence	ft2play	FastTracker v2.00	22	439783	7f92ab36	952ca12b	ВѓIВѓВ“ВѓВЊВѓR/afhna.zip/fact.xm
7e850b9a9b47bddf540df4e1081964ce	0	204708	player+silence	libopenmpt	ModPlug Tracker 1.09 - 1.16	21	1326179	6ac4de17	54aeff86	ВѓgВѓbВѓJВЃ[Вѓ^/eyes.zip/eyes.it
7ec07b1a62f013a533034fc0ce21d871	1	382510	player+silence	ft2play	FastTracker v2.00	18	806860	bcbcfeb9	575a2cb1	abu/Satisfxxktion.zip/SATISFXX.XM
7f37f9c0c776f98c6b03741c38f0d079	1	284725	player+silence	ft2play	FastTracker v2.00	26	1390742	23f0f3e3	1f268d56	MEGUMix/rock_star.zip/Rock_s.xm
7f9978bbfed688a4fce69e12343d8b64	0	15337	player	libopenmpt	ModPlug Tracker	16	72240	43c51b16	74986b28	В‘В‹В‚IМЂВ“mВ“AМЃВЏWВ‹LВЋВ–/dancemusic8_2.s3m
80450f12c1e4329eb0b9518500a281c1	1	145637	player	ft2play	FastTracker v2.00	24	289444	c9110d29	5c9b4e22	Untitled Records/Un_305hpns.zip/305hpns.xm
806839003db08cecae63c9daee030409	1	427466	player+silence	ft2play	FastTracker v2.00	32	1091647	545dbf01	8118e898	abu/No2/scariet_kazyahmix.zip/scariet_kazyahmix.xm
8095d6065955ab36adb55ba86e827ee6	1	148386	player	ft2play	FastTracker v2.00	12	442629	fe5b1bda	5fb83c8c	KEN1/blaster.zip/blaster.xm
809c6b4c1cfdf320ac28c9e3550969e0	0	185609	player+silence	libopenmpt	ModPlug Tracker 1.09 - 1.16	14	290753	a0283817	496c36f2	ВѓTВѓgВѓВ‹/mw.zip/MW.it
80a30afa4529f682874ffe30c2453375	1	164854	player	ft2play	FastTracker v2.00	12	470841	10159ad7	c3dd85a6	ВѓIВѓВ“ВѓВЊВѓR/1999.zip/1999.XM
82251f958e5f2bd684dcbb9aa8593b3e	1	241727	player+silence	ft2play	FastTracker v2.00	16	255421	980a2b28	6a2a328f	real blue/Un_RfZ.zip/Un_RfZ.xm
825b01d19dc6992f8aa7216e14678a8a	1	401444	player+silence	ft2play	FastTracker v2.00	22	1912912	110b9fd8	99bb1bd5	MEGUMix/forest.zip/FOREST2.XM
825b01d19dc6992f8aa7216e14678a8a	1	401444	player+silence	ft2play	FastTracker v2.00	22	1912912	110b9fd8	99bb1bd5	MEGUMix/No2/forest.zip/FOREST2.XM
82bbbfe925a155c554b8f2c01cdc72ed	1	416212	player	it2play	Impulse Tracker 2.14+	12	1050891	6d73c4e3	88e96a37	sharpnel/srp_htpt.zip/hotpoint.it
82d6d4214b7879dd238c238ef41c0940	1	177073	player	ft2play	FastTracker v2.00	26	317483	d2119664	2d38606a	H.I/blue.zip/blue empire.XM
831316c0092b469269581425446926a1	1	152566	player	ft2play	FastTracker v2.00	20	202034	500d57f3	0516e03c	dk305/P_MYWL.ZIP/P_MYWL.XM
8356b91121c8759ef2e1f030db30b399	0	156999	player+silence	libopenmpt	ModPlug Tracker 1.09 - 1.16	11	545207	7b41d140	942f2a9f	Tommy/bluenote.zip/bluenote.it
8380a0b800a3cac2dfeb1b05b93d57ef	1	164895	player+volume	ft2play	FastTracker v2.00	22	844245	6ea9ae98	13e765f2	ВѓIВѓВ“ВѓВЊВѓR/bxfr.zip/BOXFIRE.XM
83d72e0c609919816b2e5ce08c54a3cf	0	205451	player+silence	libopenmpt	ModPlug Tracker b3.2 - 1.09	13	454540	95610244	a9d3865a	Tommy/symspace.zip/symspace.it
8468ec04237b72062bb1e320f1708a23	1	403351	player+silence	uade	Protracker	0	529976	777dc9f7	0f886a58	В‰IМ‚В‹|/LifeOnMars.lha/mod.Life_on_Mars
8516bd5818b2dbdd142318b687f21834	1	272301	player+silence	ft2play	FastTracker v2.00	8	484552	37bab7ad	955d82de	В‚OМЂВ‚aМѓ/A27.XM.zip/A27.XM
85295e7cd72756e432e92656195f3fe2	1	317085	player+silence	ft2play	FastTracker v2.00	28	1145983	dfb01457	980ee007	MEGUMix/dance_g.zip/D-G-W2.XM
85756b0d0239a34353687bb8c46439c9	1	320855	player	ft2play	FastTracker v2.00	32	2295970	860bca37	686b9f84	MEGUMix/buon.zip/BUON.XM
85aabc24b5a7de4ff74c1b44d2561c87	1	172198	player+silence	ft2play	FastTracker v2.00	32	1608278	95b65d68	ec2f73da	PET/34335-SynthiaTrancia.zip/p_synthi.xm
8626ccd20da7cce32d627eb0738a8883	0	183902	player	libopenmpt	ModPlug Tracker 1.09 - 1.16	10	638508	069ddd8a	cc098136	В‹ВЌВ“Г·/hd_r.zip/HD_R.it
8677eb3d0477602eb11d69e8cf7eb016	0	452945	player	libopenmpt	ModPlug Tracker 1.09 - 1.16	14	818008	2ceddaf1	78bd9e21	polygon prompt/p_laity.zip/p_laity.it
873ec670a21b992937b5b31f46211e4b	0	249051	player+silence	libopenmpt	ModPlug Tracker 1.09 - 1.16	20	732703	3c1a9a38	ea612e67	Untitled Records/Un_AMM.zip/Un_AMM.it
874b6c6a5aec3b7496a059c5dc2c9883	0	195298	player	libopenmpt	ModPlug Tracker b3.2 - 1.09	22	366625	ca10d337	27910a43	Ryoohey/feermx.ZIP/feermx.it
88db47467ed8096e035ec065cd28521c	0	355885	player	libopenmpt	ModPlug Tracker 1.09 - 1.16	16	514753	55213170	98f9471e	Yum-eatup/m-step.zip/m-step.it
8983c8f4d35c24d2a4ce7631b11cff77	0	225991	player+silence	libopenmpt	ModPlug Tracker 1.0 - 1.16	17	1916404	126e9206	432da537	ВЊВ№В‚ВіВ‚nМѓ/presure.zip/presure.xm
898ff3e348fc499f7025bc1a39a12734	1	302465	player+silence	ft2play	FastTracker v2.00	26	1467365	8cea9af3	446858d7	MEGUMix/vanilla.zip/ICE2.XM
8aa328c720deb92038421de2f90765b9	0	238344	player	libopenmpt	ModPlug Tracker 1.09 - 1.16	17	226135	c8177aac	41c89ecb	takao/TO_PM.LZH/to_PM.it
8b0ffc24efb0626bcef06193c5989df0	1	226137	player	ft2play	FastTracker v2.00	22	300762	cab2ba72	f2262b8f	takao/TO_GO.LZH/to_GO.xm
8b35f06c8c7aa934b7d81ab339eda913	0	164570	player+silence	libopenmpt	ModPlug Tracker 1.09 - 1.16	18	746522	0eb85c47	e558c033	real blue/Un_umbaumbaremix.ZIP/Un_umba!umba!(remix).it
8bbc3c4083452fd7026cecf83848db07	1	460810	player+silence	ft2play	FastTracker v2.00	12	923541	96703576	7da1860f	ВѓnВѓВ“ВѓTВѓВЂВѓLВѓВ‰ВЃ[/lob.zip/LoB.xm
8c052bf229997925586ade2ed0ba1743	0	268638	player	libopenmpt	ModPlug Tracker b3.2 - 1.09	16	263259	64477e01	83c8d363	takao/TO_DH.LZH/to_DH.it
8c6faf49aff9a49909d29602fb2c2820	0	208969	player+silence	libopenmpt	ModPlug Tracker 1.09 - 1.16	10	286684	307252aa	f0ea28fa	ВѓTВѓgВѓВ‹/break.zip/Break.it
8c8537fd065187dce1bcff806f25e8e5	1	390115	player	ft2play	FastTracker v2.00	16	1110171	d8f35bf6	b3cde24b	polygon prompt/j_sumwap.zip/j_sumwap.xm
8cd739eb281fc28d37e82c0023814078	1	318515	player	ft2play	FastTracker v2.00	32	1041969	20d6c0f9	99da6cd2	POSE/po-time.zip/po-time.xm
8d29c04617b2707f1e38aa07ad210db8	0	293723	player+silence	libopenmpt	ModPlug Tracker b3.2 - 1.09	17	66942	def84b69	7abb036e	core/ambient/cr_ambi6.zip/cr_ambi6.it
8de5e55d13a397c6fd40432e205749de	0	124435	player	libopenmpt	ModPlug Tracker b3.2 - 1.09	11	482078	79fde0ab	f7d17c94	Yum-eatup/cts.zip/cts.it
8f4be844a7888bb687aa366868530dd7	0	88458	player+volume	libopenmpt	ModPlug Tracker b3.2 - 1.09	15	504100	bbe16455	2a4ccddf	pb/cat_mgp.zip/mgp.it
8f65b32c4d060934fe4869b1174b8a9d	1	269231	player+silence	ft2play	FastTracker v2.00	32	775711	88ca441f	942edf86	POSE/po-ongak.zip/po-ongak.xm
8fa5d9b636dd252c5896434b077b49ea	1	272430	player	ft2play	FastTracker v2.00	12	214932	3002c169	650e51cf	COYOTE/cyt_pose.zip/CYT_POSE.XM
90d42d2b40d196291a5c607840d6c78d	1	196854	player+silence	ft2play	FastTracker v2.00	24	479805	0b10cd90	173158c2	real blue/Un_CF.zip/Un_C.F.xm
91942e7b4d7a2a303472271cb7359183	1	153040	player	ft2play	FastTracker v2.00	16	281930	8eda25fa	83c9a8cf	ken_ken/!k_dkong.zip/!k_dkong.xm
91eae668bcd6755aacb0c487aafe58ce	0	184045	player	libopenmpt	ModPlug Tracker b3.2 - 1.09	12	348136	e3b4a6fe	cf058237	pb/cat_kasei.zip/cat_kasei.it
91f5f4537f9ba4fd5c269917d541d265	1	280066	player+silence	ft2play	FastTracker v2.00	32	1273652	b5bbacff	b6e2d910	PET/p_overni.zip/p_overni.xm
9226a3c940023af82ed6200afcff9f12	1	247329	player+silence	it2play	Impulse Tracker 2.14+	17	1082538	e267874c	df2d5bd5	sharpnel/srp_icq.zip/ICQ.IT
924ad091992b5faf6f4f2117cea579fb	1	281560	player	st3play	Scream Tracker 3.2x (SB)	16	293992	8edad9bb	ad6d8162	sharpnel/gabbangelion/pg_kirch.zip/kirch.s3m
924dd3aa073781f4a68e71f802609c8a	1	397243	player	st3play	Scream Tracker 3.2x (SB)	16	957576	a67a7255	ef01b198	sharpnel/gabbangelion/pg_lolhy.zip/LOLITHYP.S3M
9363b3422607df1e55d43a008caa9b36	1	114869	player	ft2play	FastTracker v2.00	12	108347	5892c6e5	ecd87dda	ken_ken/!k_kirby.zip/!k_kirby.xm
93b49571b988e3f5e99661548f2b001e	0	388837	player+silence	libopenmpt	ModPlug Tracker 1.09 - 1.16	16	767530	91f64129	c04da090	polygon prompt/p_cipher.zip/p_cipher.it
942d8642f6b3e3bfd874f21abc0d6e53	0	79980	player	libopenmpt	ModPlug Tracker 1.09 - 1.16	5	61054	796f5ac6	79adf44d	XERE/bumble.zip/bumble.it
945d0a53bfde5d441015923504ec7b39	1	244140	player+silence	ft2play	FastTracker v2.00	16	752380	adedef4b	9e8fd48b	ossan/nes.zip/nes.xm
94bf588666b037d64363c69ceacad253	1	480654	player	it2play	Impulse Tracker 2.14+	13	786640	dc5473cc	c663de90	sharpnel/srp-psy.zip/PSYHORR.IT
959e8ecd37fd8523a90b5af353a7bffa	0	199106	player+silence	libopenmpt	ModPlug Tracker 1.09 - 1.16 (ADPCM packed)	18	397468	ec38c1e0	72d6a2dc	ВѓgВѓbВѓJВЃ[Вѓ^/storm.zip/storm.it
9626d8be7571e2216b4f6ad377977c28	1	143351	player+silence	ft2play	FastTracker v2.00	16	651575	d6714b03	a6c9b138	real blue/Un_PJ.zip/Un_P.J.xm
96f93b8b08e3d0536d005d41638e5865	1	397224	player	ft2play	FastTracker v2.00	26	354690	a5d299a9	24e7aaae	Matsuura newJPN/murderouswords.zip/murderouswords.XM
976f4bd6b928d76a7b1935038aeb5996	1	85055	player	ft2play	FastTracker v2.00	12	290430	2a1b76f8	be1f5305	KEN1/unkncmpt.zip/unkncmpt.xm
97fe9e4fbb056a11265f8b3d781f3c00	1	142831	player	ft2play	FastTracker v2.00	8	18736	30a2205a	cfa579c4	ken_ken/!k_mach.zip/!k_mach.xm
986acabe4136748bab73023da4a95d17	1	241171	player+volume	ft2play	FastTracker v2.00	22	468594	08767dbd	f6df5220	real blue/Un_200km.zip/Un_200km.xm
989a4671e31c69fdbb5041c794e23971	1	153164	player	ft2play	FastTracker v2.00	20	249900	df8e805b	df3021eb	dk305/UNFINISH.ZIP/UNFINISH.XM
98a073c6860ca72bf29e843d7fe919d9	1	44948	player	ft2play	FastTracker v2.00	8	1140140	3f3e2a84	0166e156	В”gВ•ВЅВ‰iМ€/cybernet.zip/Cybernet.xm
9961a3d54bd504ba2b6e7e4d6a86abd8	0	218956	player+silence	libopenmpt	ModPlug Tracker 1.09 - 1.16	16	217637	452e7543	161eff44	В’ВґВ”]ВЌHВ–[/pix_fatb.zip/pix_fatb.it
99a6ecb7cd697202820796a6d3e1bba7	0	367489	player+silence	libopenmpt	ModPlug Tracker 1.09 - 1.16	20	941353	36dbb5ae	1e6b9f66	taropeter/narita.zip/narita.it
99a7b2e3b4d83804c18d2029c52246cb	1	245954	player+volume	ft2play	FastTracker v2.00	32	616988	1eb5cb35	e948a332	POSE/po-abdu.zip/po-abdu.xm
99bb352d0aec7b64f38d6e5e09ec4638	0	219022	player+silence	libopenmpt	ModPlug Tracker 1.09 - 1.16	9	224661	6b4a5e1b	41701da4	pulsehead/he_sunlight.zip/he_sunlight.it
9ae240e2d4d0114112e3f644c70da064	0	243680	player+volume	libopenmpt	ModPlug Tracker 1.09 - 1.16	23	831769	d9b6ef6b	33fc0f59	Yum-eatup/gemini.zip/gemini.it
9aead2be3eccd737082a139ad8765475	1	379957	player+silence	ft2play	FastTracker v2.00	22	720517	e2dbb791	04b89464	MEGUMix/No2/atmic_r.zip/A-R-R.XM
9b097d58031a7a0c0649c49e9fdfd378	0	109074	player	libopenmpt	ModPlug Tracker b3.2 - 1.09	8	254305	f03a98eb	b4b7d200	Ryoohey/hdjazz.zip/hdjazz.it
9c8d1eb76ef3aed10c7d0de51bb6d17e	1	226334	player+silence	ft2play	FastTracker v2.00	16	1378056	185345cf	9b230210	В”gВ•ВЅВ‰iМ€В‚ВЁВ‚В·В‚В·В‚ГџMOD/an_clrip.zip/AN_CLRIP.XM
9c94641fd9b5a57e35a4aaa169ecf41a	0	211527	player+silence	libopenmpt	ModPlug Tracker 1.0 - 1.16	23	312661	e6cf0d9b	67d74ecd	Untitled Records/un_uo_ftr2.zip/un_uo_ftr2.xm
9cb7c651769fa2a486023e4174619275	1	210702	player+silence	ft2play	FastTracker v2.00	4	143950	9ae932dd	00bbb3dd	real blue/Un_Hend.zip/Un_H.end.xm
9ce8138483a3ce8dca586ccef34ee1c7	0	253131	player+silence	libopenmpt	ModPlug Tracker 1.09 - 1.16	16	79611	6116d42f	5ab3a181	juniper/kiriw.zip/kiriw.it
9d25342936522862a7c3dc02b2e64be3	1	440258	player	ft2play	FastTracker v2.00	28	1321538	f3c8500f	04abf45f	MEGUMix/No2/sprite.zip/SPRITE2.XM
9d6023015941e3487b2361ce84302d3c	0	232346	player+silence	libopenmpt	ModPlug Tracker 1.0 beta	10	642080	7974d725	6298cf58	gwm/gwm909.zip/gwm909nk.xm
9d76773d1d4b6c9545dad94f40302336	1	338843	player+silence	ft2play	FastTracker v2.00	22	814068	3186eb1e	5299691b	abu/GOD.zip/GOD.XM
9dc919cd2fb3a6912c47c692f113a31a	1	423810	player	ft2play	FastTracker v2.00	14	793130	4b6fb89d	af06f5de	COYOTE/cyt_quot.zip/Cyt_quot.xm
9dc919cd2fb3a6912c47c692f113a31a	2	28125	player+silence
9e3bcc0196dda85407c881b7682e99e3	1	102103	player	ft2play	FastTracker v2.00	4	20100	7bfc6471	90abaca4	ken_ken/!k_gooni.zip/!k_gooni.xm
9eacf4591073b8b1c5efa0f742b17b76	0	283801	player+silence	libopenmpt	ModPlug Tracker 1.09 - 1.16	16	542327	780bcb01	44cccb07	ВѓTВѓgВѓВ‹/digimin.zip/digimin.it
9f4e9ca4328bd94b34960b623e4f202a	0	273169	player+silence	libopenmpt	ModPlug Tracker 1.09 - 1.16	20	621072	5af8bade	46b9923b	mori/ntu2.zip/ntu2.it
9fd63f102f32c4ae7742e1f02d89af71	0	7573	player	libopenmpt	ModPlug Tracker 1.0 beta	16	541218	85bbe841	7f081766	gwm/gwm909.zip/gwm909.xm
a0c06f80d986a087101a10a0792d6ade	0	200290	player+silence	libopenmpt	ModPlug Tracker 1.09 - 1.16	17	458552	39ea53e5	37edc969	ВѓTВѓgВѓВ‹/elect.zip/elect.it
a0cde2809bd4efb5cf46a4b8cc290daf	0	318144	player	libopenmpt	ModPlug Tracker 1.09 - 1.16	24	785738	fc47a22e	748a7a6a	ВѓgВѓbВѓJВЃ[Вѓ^/creative.zip/creative.it
a234bbae384089a9f0f152b43a20d00f	1	134016	player	ft2play	FastTracker v2.00	22	280141	67039e4e	df9c29c8	real blue/Un_emix.zip/Un_emix.xm
a26e0bc4e15c6b6eb2911a16481798c3	1	403337	player+silence	ft2play	FastTracker v2.00	32	1929393	c70661b3	23b2f1eb	MAJR4/pz-mom16.zip/pz-mom16.xm
a337409c5a3a179a82450bda7458c1a5	1	29199	player	ft2play	FastTracker v2.00	10	13748	e7508036	5902d38a	dk305/305TO305.ZIP/305TO305.XM
a3a1b5a198f5aaaec4a3dd18aee647b0	0	162777	player+silence	libopenmpt	ModPlug Tracker 1.09 - 1.16	4	463729	c3e150ed	602fbe44	В’ВЉВЏUМ‚MOD/fstf.zip/fstf.it
a3c78fdf21fc18a5872f6296e5eccd0e	0	374068	player	libopenmpt	ModPlug Tracker 1.09 - 1.16	14	255621	8561e51e	037c977a	COYOTE/CYT_KU99.IT
a3c78fdf21fc18a5872f6296e5eccd0e	0	374068	player	libopenmpt	ModPlug Tracker 1.09 - 1.16	14	255621	8561e51e	037c977a	COYOTE/cyt_ku99.zip/CYT_KU99.IT
a3f7f16d0555f4f4ae88ddb9aeb1bca1	1	159847	player+silence	ft2play	FastTracker v2.00	16	196193	c61490b5	f9f7c5ce	KEN1/letsgo.zip/letsgo.xm
a406460d55c5a45d6e1f5a2fef6227fd	0	386143	player	libopenmpt	ModPlug Tracker 1.09 - 1.16	8	718995	2130afbc	eaad7bba	polygon prompt/p_cihll.zip/p_cihll.it
a47cb8509471359039a42cd8bece9384	0	184045	player	libopenmpt	ModPlug Tracker b3.2 - 1.09	24	101526	5d50dcad	5e96b2c6	core/dws-crx.zip/dws-crx.it
a4ab57dad6c0238243349933135ac9b0	0	236892	player+silence	libopenmpt	ModPlug Tracker 1.09 - 1.16	14	473475	b8aaa3e7	42f8f052	mori/bks.zip/bks.it
a5145195bdc15e721449bb4b0cb02491	1	199076	player	ft2play	FastTracker v2.00	16	1313294	b551529f	30e87c15	В•|mod/busy.lzh/busy.xm
a559da85dcd563b4f375c5ce3fe378e7	0	157205	player	libopenmpt	ModPlug Tracker 1.09 - 1.16	12	741312	52b52a4c	afae7fb1	tamadu/nr.zip/nr.it
a569205de8a3fe83cb58ef1df497e877	1	130972	player	ft2play	FastTracker v2.00	8	55142	0240d9ed	f00ea426	KEN1/dblpoint.zip/dblpoint.xm
a584ad4657bc705503fb73b98a1846c7	1	404333	player+silence	ft2play	FastTracker v2.00	28	1658466	44139af0	fd1cc752	MEGUMix/ripp.zip/RIPP2.XM
a6027b401072b500e06bcf245d4b8a92	1	410499	player+silence	ft2play	FastTracker v2.00	32	878788	d676f5d2	b4c3aeba	MEGUMix/katanafunk.zip/katanafunk.xm
a6027b401072b500e06bcf245d4b8a92	1	410499	player+silence	ft2play	FastTracker v2.00	32	878788	d676f5d2	b4c3aeba	MEGUMix/No2/katanafunk.zip/katanafunk.xm
a67310bcdb9e338fe062ccc0485b2e6d	1	296290	player	uade	OctaMED MMD0	0	369276	a2f178f5	49707273	ВѓВ€ВѓВЌВѓYВѓВЊВЃ[ВѓxВѓВ‹/BigHeads.MED
a6dd9b5911730dc1bea25e84b298f186	0	243283	player+silence	libopenmpt	ModPlug Tracker b3.2 - 1.09	33	1483433	64d8c65c	9bd9c84a	MAJR4/no time.._8bit.zip/no time.._8bit.it
a72fc804c916b7af05854a2eec9204ee	1	314554	player+silence	ft2play	FastTracker v2.00	8	385588	40dac448	00f773ee	ВѓIВѓВ“ВѓВЊВѓR/nightmx.zip/NIGHT TR.XM
a75891cc1351b5d55b9e0969961aa527	0	261613	player+silence	libopenmpt	ModPlug Tracker 1.09 - 1.16	18	367967	1619c7f9	cf22940c	R.M.LaB/divrmx.zip/divrmx.it
a7d8f8bf64cde0600f964b73a2237153	1	278621	player	ft2play	FastTracker v2.00	14	510245	6bb6bc53	f39e1734	abu/No2/666.zip/666/666.XM
a80cc85b65afc65785be0ec2d1e0608a	1	209365	player	ft2play	FastTracker v2.00	14	185591	862d454b	51649518	dk305/DKLSP.ZIP/DKLSP.XM
a856644c2f5b0cd5a2d27abd23870ee5	0	261804	player+silence	libopenmpt	ModPlug Tracker 1.09 - 1.16	15	568001	02a57072	11d8ae9b	В‚Г†В‚aМЂВ‚aМ‚В‚Гћ/hanimix.zip/HONEYtomix.it
a8740176726b613bcc11f409dd4cb1f7	0	15337	player	libopenmpt	ModPlug Tracker	16	72208	e48e2c4d	2d87dc9c	В‘В‹В‚IМЂВ“mВ“AМЃВЏWВ‹LВЋВ–/dancemusic8_1.s3m
a87a49721c1d3c6f432a46ed4bc5675e	0	110424	player	libopenmpt	ModPlug Tracker 1.09 - 1.16	6	338691	15a5a17a	30dc9724	XERE/bepap.zip/bepap.it
a9b0a113a830c4ef455a5f962dc412b5	0	333891	player	libopenmpt	ModPlug Tracker b3.2 - 1.09	16	495164	97b8313f	ca1419c9	Yum-eatup/zapper.zip/zapper.it
aa8d6873b865a751ea8cca9cf127f5a7	1	202698	player	ft2play	FastTracker v2.00	20	302242	d94b8e6d	e3bd9797	dk305/305DQ02.ZIP/305DQ02.XM
aacce369a441b94ede977998ae01e2a9	0	155898	player+volume	libopenmpt	ModPlug Tracker 1.09 - 1.16 (ADPCM packed)	18	444322	2eb25e1c	64d96f1c	В•IМ€mod/july.zip/july.it
abbcbe86804363518d21d85775fba73e	1	306295	player+volume	ft2play	FastTracker v2.00	28	1396803	4a753a5c	247bbd0d	PET/p_amm.zip/p_amm.xm
ac5d41096ba94cec89d8d5ddd42534d3	0	143146	player	libopenmpt	ModPlug Tracker 1.09 - 1.16	25	127374	1cb6eb3d	3d74d243	В‚Г†В‚aМЂВ‚aМ‚В‚Гћ/osb.zip/original summer beach.it
aca8d5014b24dcf44405888808e41ae4	0	269209	player	libopenmpt	ModPlug Tracker 1.0 alpha	12	598984	fa687728	58933b53	COYOTE/cyt_drak.zip/CYT_DRAK.XM
add260733448aea3e116474e4a2f0fc2	0	210413	player	libopenmpt	ModPlug Tracker b3.2 - 1.09	10	75591	f2c8b8c3	9674df1c	takao/TO_NC.LZH/to_NC.it
ae26e1c858041ce997da1825548c3c0d	1	439431	player	ft2play	FastTracker v2.00	16	756804	3fbe453c	52e2508d	polygon prompt/p_ret02c.zip/p_ret02c.xm
aeb13ff7cdcfd4bc85b071781be34551	1	190147	player+silence	ft2play	FastTracker v2.00	24	479930	0067014d	d0a703c0	dk305/L_HPNS.ZIP/L_HAPNS.XM
aed01adb2ebe93ffc792fd70c6823d60	1	372181	player	ft2play	FastTracker v2.00	18	1681845	91e3d9c5	2991211a	MOD_MAN/POP.zip/POP.xm
af82d3cc70f60728f2519634bcefa478	1	344593	player+silence	ft2play	FastTracker v2.00	16	565307	3299005e	1714eb4e	shotgun_edit/shot_air.zip/airbike.xm
afaa5e461f6214a3a1ff172059938ec1	1	128644	player+silence	ft2play	FastTracker v2.00	20	174392	59a4d398	ce8713b9	dk305/305MYWL.ZIP/305MYWL.XM
afaff9406c6a17ab241a95006947c069	1	473017	player+silence	it2play	Impulse Tracker 2.05	8	1435025	b97de33b	116f2ea8	sharpnel/gabbangelion/pg_metal.zip/metalA.it
b003d7878fd6b5d15d522bf30ddf8e0d	1	378615	player	ft2play	FastTracker v2.00	8	276823	9b00f590	24c3b82e	В‚OМЂВ‚aМѓ/F15.XM.zip/F15.XM
b06507d63f49abc31a2e82ee8abf38d9	0	361655	player	libopenmpt	ModPlug Tracker 1.09 - 1.16	24	764308	48f7b0f3	85185638	R.M.LaB/dualco.zip/dualco.it
b0ae6597a662cc2ff7abddc533fcfe30	1	251568	player	ft2play	FastTracker v2.00	20	537023	453b41b5	be29b572	dk305/305KY2K.ZIP/305KY2K.XM
b0ff6c14a6e64e52410257cf718f91d0	0	181105	player+silence	libopenmpt	ModPlug Tracker 1.09 - 1.16	6	215165	1747fa83	fd10e4cd	XERE/Lost_nostalgia.zip/Lost_nostalgia.it
b1fe6d91611dcb473ea85030a38aa58d	1	365371	player+silence	it2play	Impulse Tracker 2.14+	47	875663	3a228c12	e6b5c1ed	mori/ts001.zip/709REQST.IT
b21181821edc979e71edcab22131b624	0	157103	player	libopenmpt	ModPlug Tracker 1.09 - 1.16	9	381499	3b1e62ac	7710cc81	XERE/moon.zip/moon.it
b227a0f1c882bc49c7ac57192b11c546	0	167661	player+volume	libopenmpt	ModPlug Tracker 1.09 - 1.16	27	562587	16015183	f30fd356	KEN1/dg2000.zip/dg2000.it
b227a0f1c882bc49c7ac57192b11c546	0	167661	player+volume	libopenmpt	ModPlug Tracker 1.09 - 1.16	27	562587	16015183	f30fd356	Untitled Records/Un_dg2000.zip/Un_dg2000.it
b237288534793038da03d96049ed9de6	1	193321	player	ft2play	FastTracker v2.00	16	5972865	b93b35bc	0f820a1b	AIRHEAD/air_berg.zip/air_berg.xm
b308ee1d31cc8e32962e55f34bcab1a5	1	256394	player+volume	ft2play	FastTracker v2.00	12	886634	5101d5f4	686d029a	sharpnel/gabbangelion/pg_fucke.zip/FUCKER.XM
b3a1e9fc0c6762afd42e24f8c543f698	0	209042	player+silence	libopenmpt	ModPlug Tracker b3.2 - 1.09	20	677924	1929436c	49884e02	Ryoohey/oni.zip/ONI.it
b484fb552cd32117b005a2938d562858	1	182395	player	it2play	Impulse Tracker 2.14+	18	877073	ae441491	bc22b7f5	sharpnel/srp_w@rz.zip/w@rez_k.it
b4a6ed9de5e1c87468897792e673c25e	1	166692	player	ft2play	FastTracker v2.00	8	714275	85e28524	30ca6c74	В‚OМЂВ‚aМѓ/test.zip/test.xm
b52c4a67f76164398fc4e9104a825b80	0	288750	player	libopenmpt	MOD Plugin packed (ADPCM packed)	22	256811	fd1f4ce7	2e87ccae	takao/TO_RB.LZH/to_RB.xm
b53917a50a59f54d516dc7df3bebbf35	0	382142	player	libopenmpt	ModPlug Tracker 1.0 - 1.16	21	289871	11c78fca	d98e0283	takao/TO_RD.ZIP/to_RD.xm
b54ac753f47093799f04c3990a7d852a	1	207701	player+silence	ft2play	FastTracker v2.00	20	918044	5a492ec5	19ece9e7	gwm/gr02jsho.zip/gr02jsho.xm
b57362dc474cf385ba86c0668738d655	1	178955	player+silence	ft2play	FastTracker v2.00	16	984989	4bf6d15b	5739426b	В”gВ•ВЅВ‰iМ€В‚ВЁВ‚В·В‚В·В‚ГџMOD/tokyo-18.zip/ANGEL.XM
b57653350d0b5ed4b7d8e5b611deec64	1	231720	player	ft2play	FastTracker v2.00	14	695627	2021a083	fcef5c25	sharpnel/gabbangelion/pg_gion.zip/GION.XM
b646354e5ae4e8007c07aa164e34c561	1	503092	player	ft2play	FastTracker v2.00	12	536609	0c53d990	f9197cf8	ВѓnВѓВ“ВѓTВѓВЂВѓLВѓВ‰ВЃ[/yngkllr.zip/yangkiller.xm
b6991bc99f48672e5b28a033fa0a982a	1	292526	player+silence	ft2play	FastTracker v2.00	20	2200124	19de552c	979ebcb1	MEGUMix/dragon.zip/DRA2.XM
b6a85e400cd3311f106646703ce03410	1	326857	player+silence	ft2play	FastTracker v2.00	8	217358	9392f090	7a31852d	Untitled Records/Un_S.Safe.zip/Un_S.Safe.xm
b734cf3158fbcb00939bd6709aed322d	0	179777	player+volume	libopenmpt	ModPlug Tracker 1.09 - 1.16	16	211228	85ba0246	29863e72	В•|mod/copper.zip/copper.it
b7c7e3b3ba0bcd821021cdc4c9a3dc74	1	382209	player+silence	ft2play	FastTracker v2.00	16	380341	04f3aed1	1d532d41	oto/daybreak.xmz.zip/daybreak.xm
b834d95a4c892845d86e55d1441c8f09	1	242519	player	ft2play	FastTracker v2.00	20	456399	ba6c9417	4981e66c	dk305/305EFFEF.ZIP/305EFFEF.XM
b8bba07dc1acabf7183ce5b5732e08f0	1	274019	player+volume	ft2play	FastTracker v2.00	32	903944	2bec67ee	88834b3e	POSE/po-madp.zip/po-madp.xm
b952041d098bedaa609c14a3461aa689	0	448063	player+silence	libopenmpt	ModPlug Tracker 1.09 - 1.16	16	861353	027119b2	3348820a	Untitled Records/Un_p_raiemx.zip/Un_p_raiemx.it
b985332e2f9b8b2f5b54dd750c8af0bb	1	368351	player	ft2play	FastTracker v2.00	28	1256333	4d04d406	18933fec	AIRHEAD/air_ma02.zip/air_ma02.xm
b98e63a931c520b079deade029fab305	0	235725	player	libopenmpt	ModPlug Tracker 1.09 - 1.16	17	1058454	5ff2f6df	cc9ca585	Untitled Records/Un_nomad_eemix.zip/Un_nomad(eemix).it
b993717875b1f540ea6d2840f1e3146c	0	90381	player+silence	libopenmpt	ModPlug Tracker b3.2 - 1.09	40	1396330	26536d54	32a5e36e	pb/cat_xtac.zip/X-ta-C_8bit.it
b9a76668a5785b3751930091104cfb12	1	282052	player	ft2play	FastTracker v2.00	22	1203415	6a29a508	60a51337	abu/extend.zip/EXTEND.XM
b9c1a236f4b86753bed4fbeed8129459	0	239642	player	libopenmpt	ModPlug Tracker 1.09 - 1.16	14	387946	fa85d1ea	6ca0baea	SABA/Leaving.zip/Leaving.it
b9e9691df5314d48379cc505fb54cdf1	0	494707	player+silence	libopenmpt	ModPlug Tracker 1.09 - 1.16	16	898907	cecb4f66	27464afa	Untitled Records/Un_p_veart.zip/p_veart.it
b9f193241ebf2b8736e7a5a174e5e189	1	111526	player+silence	uade	Soundtracker II (31 instr.)	0	998202	80d4f1bb	aa585822	В‰IМ‚В‹|/jazzyhigh.lha/mod.jazzy high
b9f4df00fff94519677b0f9a577c8a01	0	166708	player	libopenmpt	ModPlug Tracker 1.09 - 1.16	11	349000	bd8cd639	55d3c789	yon/yon_msec.zip/re-m-sec.it
ba03c0137b124498ac6e2e5d8b68453a	0	120729	player+volume	libopenmpt	ModPlug Tracker 1.09 - 1.16	10	923911	2242bd89	c88e4410	В‚EМЂВ‚ВЄВ‚aМ‚В‚nМѓ/s_fighter2.lzh/s_fighter2.it
ba70c206c897e78daef59839526cd6cf	0	297344	player+silence	libopenmpt	ModPlug Tracker 1.09 - 1.16	32	1306222	0653184a	7d51088d	KEN1/DreamyGaze2001.zip/DreamyGaze2001.it
bb9ec2e445dce5d935ab95e7eda32001	1	260094	player+silence	ft2play	FastTracker v2.00	20	449761	e2a93150	ae8fe34a	real blue/Un_Ftimes.zip/Un_F.times.xm
bc30533db4a8cac27054117e2fe0c050	1	155630	player	uade	Protracker	0	153914	d332ae8a	181d54b0	В”gВ•ВЅВ‰iМ€В‚ВЁВ‚В·В‚В·В‚ГџMOD/cover_up.zip/COVER_UP.MOD
bcef5027f647b7ae45131a6b2af2128b	1	448188	player+silence	ft2play	FastTracker v2.00	16	1016127	f9f6b0bd	9e835bd6	polygon prompt/p_odmx01.zip/p_odmx01.xm
bd26ed4081704ddb78a905a68f6d99bf	0	229843	player+volume	libopenmpt	ModPlug Tracker 1.09 - 1.16	20	158986	c2ba5774	a6383107	core/ambient/cr_amt11.zip/cr_amt11.it
bd2b17fc7520ea4cbe25b68683564f96	1	272430	player	ft2play	FastTracker v2.00	10	245274	8c4e62a8	d7d851e3	COYOTE/cyt_neur.zip/CYT_NEUR.XM
bd427a650cc5fc59ea3c218d33f0c47d	0	654162	player	libopenmpt	ModPlug Tracker b3.2 - 1.09	13	808378	311a2923	9037ad4b	RYU-G/Cycle210.it
bdcd71b8c909d2fd779337221e280245	1	209937	player	ft2play	FastTracker v2.00	20	366772	1f53fb0f	27cc7223	dk305/305DQ01.ZIP/305DQ01.XM
be1e449ae8fd578ec2f1305ae94da28a	0	314734	player+silence	libopenmpt	ModPlug Tracker 1.09 - 1.16	24	1531902	2fa42edf	193ac5ff	taropeter/stolidhump.zip/stolidhump.it
bf26c457324afe452569f59312f03363	1	117189	player	it2play	Impulse Tracker 2.14+	10	1119226	da46a30f	9e11082b	sharpnel/srp_left.zip/HIDARI2.IT
bf3336b7860754d254af0a3cd9b267ad	1	210451	player+silence	ft2play	FastTracker v2.00	20	423999	02c4ec4e	e2a62128	KEN1/drmygaze.zip/drmygaze.xm
bfaeaa5a1b9b663640e91c2365a25a38	1	120445	player+silence	ft2play	FastTracker v2.00	12	195436	e12b6607	3ff6e886	takao/TO_DT.LZH/to_DT.xm
bfbda7d2d65313ffe64d5524bea305e9	0	287682	player	libopenmpt	ModPlug Tracker 1.09 - 1.16	30	447689	9fcd00b5	38c6a3bd	В‚В»В‚IМЂВ‘Вј/OD_tems.ZIP/OD_tems.it
c01eaadbf101d58a16ec201ee8d09fae	0	1740052	player	libopenmpt	ModPlug Tracker 1.09 - 1.16	7	13862	ee44280b	2368fff6	taropeter/615/wn_.zip/wn_.it
c05056571aae69682071b12763a33342	0	243029	player+silence	libopenmpt	ModPlug Tracker 1.09 - 1.16	6	1447805	745d3035	3f75003e	XERE/fuyuhamadakonai.zip/fuyuhamadakonai.it
c0666452916b9a4fabb3f5d7bed678d7	1	169669	player	ft2play	FastTracker v2.00	12	217770	819e61ed	a57c7dc7	ken_ken/!k_socce.zip/!k_socce.xm
c066887da4aeeb5517106661fcc3ed6b	1	199266	player	ft2play	FastTracker v2.00	20	413158	816b4212	4d68deb6	SABA/wears.zip/wears.xm
c136b93f8aa9002604ba8cf532278a15	1	403557	player	ft2play	FastTracker v2.00	18	889401	4c1fc92a	8acab96e	abu/bitchyou.zip/BITCHYOU.XM
c1945aef3ad34a5a0dba34e9bb189fd6	1	299675	player	ft2play	FastTracker v2.00	16	636328	f43451f3	c74a9fdd	ВѓВЊВЃ[ВѓKВѓВ“/r_bmw.zip/bmw.XM
c24d7654b4a1d167fa37fe258bf48daa	1	99714	player	ft2play	FastTracker v2.00	4	17017	299c9cec	ec807e56	ken_ken/!k_nuts.zip/!k_nuts.xm
c2a3a4874d7442bed2f626d028b4e629	1	148830	player	ft2play	FastTracker v2.00	12	419910	fad39915	afb3774f	KEN1/undesire.zip/undesire.xm
c2e361ba24250447d14cdb78ad68c3fd	0	183021	player+volume	libopenmpt	ModPlug Tracker 1.09 - 1.16	33	333702	50d83251	819c2bc7	В’ВЉВЏUМ‚MOD/snowfire.zip/snowfire.it
c30fabdb3fd7bd0dd2710160bc9742a9	0	364445	player	libopenmpt	ModPlug Tracker b3.2 - 1.09	22	419413	aeb7c3f6	970dcac0	takao/TO_ET.LZH/to_ET.it
c40244ced56a17adff261d099016f8f1	1	205564	player	ft2play	FastTracker v2.00	6	47200	d4de1c60	9475627d	ken_ken/!k_metro.zip/!k_metro.xm
c409994ff5ad787f7df8681bd21d1ddf	0	99667	player	libopenmpt	ModPlug Tracker 1.09 - 1.16	19	991515	595fc692	be58a0a2	В‚В В‚eМЂВ‚В©В‚UМ€/unreal_short.zip/unreal_short.it
c424eaec1325c5f6512fb5a17795c331	0	246334	player	libopenmpt	ModPlug Tracker b3.2 - 1.09	17	357415	0db02332	788550d3	R.M.LaB/dfld.zip/dfld.it
c46e7796d293866e857527878428a40d	1	101200	player	ft2play	FastTracker v2.00	8	328617	3a2cfec8	6b672101	KEN1/goblinsb.zip/goblinsb.xm
c47fb7dd65651be232fa0a6876847b34	1	190696	player	ft2play	FastTracker v2.00	20	706306	ee1667ea	1d2723ee	dk305/305SJ01.ZIP/305SJ01.XM
c5074e1ada40444ece6b6788fba2136c	1	232094	player	ft2play	FastTracker v2.00	8	294522	c32452c5	5d0fb518	В‚OМЂВ‚aМѓ/VDrumerT.zip/VdrumerT.xm
c53b48b1c529ab2013b240873f5bfbdd	1	238854	player	ft2play	FastTracker v2.00	32	2829266	d93a369b	0b95aa8a	MEGUMix/hit_ft2.zip/Hit.xm
c56e02c62c9e7dd76ec3f75964cf7abb	0	355753	player+silence	libopenmpt	ModPlug Tracker 1.0 alpha	10	373726	eb024092	c5a2d83d	COYOTE/cyt_ku4t.zip/CYT_KU4T.XM
c5e4fed8ed938befd400f2171ef3c355	1	135442	player	ft2play	FastTracker v2.00	12	395028	789f9ddb	ee93d857	KEN1/africa.zip/africa.xm
c6297b75005faafb309e37d4d485ffdd	1	144826	player+silence	ft2play	FastTracker v2.00	8	215513	6f8d6066	cd728175	В‚В»В‚IМЂВ‘Вј/rtyp.zip/RTYP.XM
c6a89ba1256524297a7c46550497498c	1	27847	player	ft2play	FastTracker v2.00	12	248652	812d2be5	e863aaeb	KEN1/ff3_24xm.zip/ff3_24.xm
c6acbb6cde22900408c40c156e50e12e	0	134033	player	libopenmpt	ModPlug Tracker b3.2 - 1.09	26	979769	36b75563	7dbd3c4c	core/LabyGG.zip/LabyGG.it
c6d98db24008ea52b815002b88d68c5a	1	206588	player	ft2play	FastTracker v2.00	28	551552	fec8e501	0d46e3fa	POSE/po-gamet.zip/po-gamet.xm
c75f3355db4e9203e525ae5b48fd33a5	1	358400	player	ft2play	FastTracker v2.00	16	4723284	7c29c714	bbe070a2	BODY/remix03.zip/remix03.xm
c8dc3dad4fbbe6bf221266c75097f07a	0	431604	player	libopenmpt	ModPlug Tracker b3.2 - 1.09	22	424575	2988477c	37038149	takao/TO_ET_.LZH/to_ET.it
c9411f01518dd84278dc24870b68a96f	0	145406	player+volume	libopenmpt	ModPlug Tracker 1.09 - 1.16	11	389780	520b62f2	13b5497d	В‹ВЌВ“Г·/snow_crash.zip/snow_crash.it
c959b385024ad9830779f38ffbab34df	0	227103	player	libopenmpt	ModPlug Tracker 1.09 - 1.16	9	286312	576124c8	cad02326	COYOTE/CYT_K999.IT
c959b385024ad9830779f38ffbab34df	0	227103	player	libopenmpt	ModPlug Tracker 1.09 - 1.16	9	286312	576124c8	cad02326	COYOTE/cyt_ku99.zip/CYT_K999.IT
c9dd1e6e2d3b0c2ed239ab90dd1f5329	1	355471	player+silence	ft2play	FastTracker v2.00	8	201196	8eeed4ed	2b8f8f1a	ВѓIВѓВ“ВѓВЊВѓR/gabali.zip/GABALI-M.XM
ca18fb19e3ec0c00ba4c8a574ea27fd7	1	188789	player+silence	ft2play	FastTracker v2.00	18	1674557	24c43b56	e587cbe8	В‰IМ‚В‹|/mvp_0046.lha/trf.xm
ca78d8afcccb7629c5a9b8c76bb65f44	1	153164	player	ft2play	FastTracker v2.00	28	1157698	8abdf0a3	cd718011	dk305/GAMETUNE1.ZIP/GAMETUNE.XM
cb5377ea933afe345150e6afdbc16ccd	0	72944	player	libopenmpt	ModPlug Tracker 1.09 - 1.16	5	46754	68f48690	d3cf1fb2	XERE/shout.zip/shout.it
cbc1f567419ac438ed0fa6f3ffb71f18	0	238154	player	libopenmpt	ModPlug Tracker b3.2 - 1.09	8	393322	60f3e6f3	3d1dd6ff	R.M.LaB/divide.zip/divide.it
ccf761674c68f1a577da3c83eb346c7e	1	232410	player	st3play	Scream Tracker 3.2x (SB)	16	235784	8c09318b	98f72644	sharpnel/gabbangelion/pg_gfuji.zip/GABAFUJI.S3M
cda30ac6da68972ddbdbaf84915894e9	1	109955	player	uade	Protracker	0	391644	848df2be	4c8cb984	В”gВ•ВЅВ‰iМ€В‚ВЁВ‚В·В‚В·В‚ГџMOD/deepbfly.zip/DEEPBFLY.MOD
ce2709b9e95debb01aaa5df01998df0a	1	151077	player	ft2play	FastTracker v2.00	16	787042	28d12c5d	f07effad	SABA/darkside.zip/darkside.xm
ceb8452402f4ec5c978511b5fcbabe97	1	163626	player+volume	ft2play	FastTracker v2.00	8	354186	d308ef76	963ebf0e	ВѓIВѓВ“ВѓВЊВѓR/remind.zip/REMIND.XM
cede86ba9304fdeab7557aef06658d66	0	239811	player+silence	libopenmpt	ModPlug Tracker 1.09 - 1.16	8	293132	f0691396	74f39764	real blue/Un_real.ZIP/Un_re@l.it
cf2dba40c7cf764234cb6dd52ffc2a3d	0	519129	player+silence	libopenmpt	ModPlug Tracker 1.09 - 1.16	16	1717741	62b6fe91	2dce5ec3	polygon prompt/p_partyy.zip/p_partyy.it
cfb3cc550a78b6550f7b8dbe5d6c30c1	1	339774	player+silence	ft2play	FastTracker v2.00	16	454182	5c6f2411	6464d8a6	polygon prompt/p_crevic.zip/p_crevic.xm
d03a7949b1d6c373160a6650d8c29736	0	187308	player	libopenmpt	ModPlug Tracker 1.09 - 1.16	25	702827	3df195f7	fe684d51	KEN1/lightning.zip/lightning.it
d05b5408c496b626ccea0fa21943f1e3	0	205508	player+silence	libopenmpt	ModPlug Tracker 1.09 - 1.16	34	1427370	3ed84442	b0af878d	Be Mod/be_bey.zip/be_bey.it
d05e5e1dadfbeb9d34fcdc130c1f93c7	1	191704	player+silence	ft2play	FastTracker v2.00	6	1105554	240850f8	ced93b88	SABA/public.zip/public.xm
d0eab82ca55720d619fffef2f219a0f5	0	300544	player	libopenmpt	ModPlug Tracker 1.09 - 1.16	24	284133	9ee77c14	065e1e95	kazyah/electronic_at3rmx.zip/SGTX/electronic at3rmx.it
d1679716de17878e154fe6d8fa93867e	0	539324	player	libopenmpt	ModPlug Tracker 1.0 - 1.11	40	1664302	de73aaaa	3e66801c	MOD_MAN/MNS.zip/MNS.xm
d2dcd4b17de7a2285539294375c029ea	0	333151	player+silence	libopenmpt	ModPlug Tracker 1.09 - 1.16	10	393805	7be19a94	6509294a	ВѓTВѓgВѓВ‹/kawado.zip/kawado.it
d344cd17fafcb38e64a0adcf3dc30a33	0	107359	player	libopenmpt	ModPlug Tracker 1.09 - 1.16	4	130662	d6a005ca	14746dcf	XERE/starlight.zip/starlight.it
d357614e12aa180d3e10c3734414c4f1	0	299598	player	libopenmpt	ModPlug Tracker b3.2 - 1.09 (ADPCM packed)	13	547491	eeb1a4f2	893ce1fb	hiro/TheAheadJap001b.zip/TheAheadJap001b.it
d3f4991e534fa5c7a7a5011f94c2c8b0	0	263758	player+silence	libopenmpt	ModPlug Tracker b3.2 - 1.09	19	481976	e942820f	c20f7cc3	R.M.LaB/phan.zip/phan.it
d40625a08e5d04303ee315c41b918005	0	321116	player+silence	libopenmpt	ModPlug Tracker 1.09 - 1.16	24	1532325	ef6f009a	aa088cf4	taropeter/615/stolidhump.zip/stolidhump.it
d406cab402deb3667c0c8fbf18e24804	0	343981	player+silence	libopenmpt	ModPlug Tracker 1.09 - 1.16	20	1060715	2aa83cce	828b9dac	maak/41903-sacredzone.zip/s_zone.it
d4616beb413569f12eed7a76169c2ca0	1	362375	player+silence	ft2play	FastTracker v2.00	26	1561234	49d0e990	bbc29711	MEGUMix/edify.zip/edify.xm
d47c10693bd3b061bf80a984ab484cc7	1	267289	player	ft2play	FastTracker v2.00	12	668142	366242b7	d115f757	ВѓnВѓВ“ВѓTВѓВЂВѓLВѓВ‰ВЃ[/s_brood.zip/s_brood.xm
d4d6f865d3c5b6cd8105329edc595563	1	235175	player+silence	ft2play	FastTracker v2.00	28	352657	17a89608	e4470179	real blue/Un_S.hours.ZIP/Un_S.hours.xm
d51789aefdd12d07e9694cb14b5b6f92	0	45426	player+silence	libopenmpt	MOD Plugin packed (ADPCM packed)	8	275655	d995b050	46dfb7a3	XERE/explosion2.zip/explosion2.xm
d5319bf56a49691e9c81521632476b12	1	168688	player	ft2play	FastTracker v2.00	24	416347	fc4ace63	d06a6ca7	KEN1/whatself.zip/whatself.xm
d586aeb28998cc359e716bb2189aaa57	1	286443	player+silence	ft2play	FastTracker v2.00	28	773714	dbcb51d4	c704605c	POSE/po-nymph.zip/po-nymph.xm
d8c85ea58079421349e86677f2f62704	1	151112	player	ft2play	Fasttracker (M.K.)	4	446367	19baa700	254ff158	ВѓВ€ВѓВЌВѓYВѓВЊВЃ[ВѓxВѓВ‹/lotus.jgl
d9de07f5782291d7235e68caed8c2af5	0	318174	player	libopenmpt	ModPlug Tracker 1.0 alpha	8	330178	13cc35e6	599cf42d	COYOTE/cyt_ku.zip/CYT_KU.XM
da03e92250a8b7a122e0926087e0e969	0	224237	player	libopenmpt	ModPlug Tracker b3.2 - 1.09	14	194662	91e7b190	3a938cc9	pb/cat_moon.zip/cat_moon.it
da8cca36782146c53b638a8366b4d859	1	273478	player+silence	ft2play	FastTracker v2.00	8	55872	bc83a2a3	e99dfa26	ВѓnВѓВ“ВѓTВѓВЂВѓLВѓВ‰ВЃ[/newspot.zip/NewSpot.xm
dac90ece1f1bbfa756daa0d953f88587	1	381171	player	ft2play	FastTracker v2.00	20	772684	9dd565d8	9d090761	core/crs_ufo.zip/crs_ufo.xm
daf1526204d5219e9c6d60065ba3c9c6	0	206010	player+silence	libopenmpt	ModPlug Tracker b3.2 - 1.09	10	1263090	eb6b6888	5af43aba	Tommy/NSGremix.zip/NSGremix.it
dbbbe9a6954e77dee8f920d5d4b6fab0	1	162878	player	ft2play	FastTracker v2.00	16	658260	a8e94d61	3f9c80a9	SABA/deep.zip/deep.xm
dbd392e97aa173bd6427fe594b71aa09	1	247591	player+silence	ft2play	FastTracker v2.00	30	851971	cb1e944b	c50bced9	POSE/po-wipe.zip/po-wipe.xm
dc09500a2ed51716624fa46d8272a8ab	1	138014	player	ft2play	FastTracker v2.00	16	394855	b268f3ac	5bd20c6e	KEN1/ghosttn.zip/ghosttn.xm
dc1b838b0d2dbb9fdf29809ee9ad340c	1	408844	player	ft2play	FastTracker v2.00	18	540502	5d21ee8b	8c4192cb	abu/TO_OFMX.zip/TO_OFMX.XM
dcfa7051a5b32adc1960e3d58148af27	1	157522	player	ft2play	FastTracker v2.00	8	19134	e052954e	16a466d0	ken_ken/!k_rally.zip/!k_rally.xm
dd00c108c7d63551a54b86831e7f5df9	0	577619	player+volume	libopenmpt	ModPlug Tracker 1.09 - 1.16 (ADPCM packed)	28	711915	03da3d58	abfbe830	В’ВЉВЏUМ‚MOD/Wintertown.zip/Wintertown.it
dd4991f36d149a888e55cf31f1ed058c	1	223372	player	ft2play	FastTracker v2.00	16	213565	080e574e	9953bac1	PET/p_spacet.zip/p_spacet.xm
dd57d75e70a859b7729474aeca3b9673	1	249466	player	ft2play	FastTracker v2.00	4	113810	69e01e1a	91e57c88	ken_ken/!k_bfgb.zip/!k_bfgb.xm
dd81205daf74d0801f5ec3493b884f47	1	53292	player	ft2play	FastTracker v2.00	10	693321	69cd3a80	0bd1fcb1	В‚OМЂВ‚aМѓ/909.zip/909_5.XM
dd8bae6477eacebc6e954125e2987590	1	163082	player+silence	ft2play	FastTracker v2.00	14	314095	505a57c1	9c3760d4	KEN1/d-term.zip/d-term.xm
ddf1dc1fc46bde3d042ff551d9a31629	1	159546	player	ft2play	FastTracker v2.00	4	12179	8e3be5bc	1379d938	ken_ken/!k_flapp.zip/!k_flapp.xm
de05f723ac4ce99de6c0424d8b5a2a38	1	269802	player+silence	ft2play	FastTracker v2.00	20	1389407	50e76d91	55797c83	KAI/Module2.lzh/Module2.xm
de11286b1dec33ac570ed3c69f48204a	1	313298	player	ft2play	FastTracker v2.00	12	541445	6af10033	2733a1c9	COYOTE/cyt_para.zip/Cyt_para.xm
de202cd84cb350319080fda7040c7bd8	0	220133	player	libopenmpt	ModPlug Tracker 1.09 - 1.16	21	260430	8c5f62fe	3f2c614d	Jin/sleeping.zip/sleeping.it
de3f928a1e3c8e29909ce053202d6ada	0	204336	player	libopenmpt	ModPlug Tracker 1.09 - 1.16	11	617507	158c4014	ae8294e6	hiro/shorts.zip/minimal013s.it
de59b0d05d680ac7d6d3561fc6ccb09c	1	63245	player	ft2play	FastTracker v2.00	24	312192	966709ef	728a77e5	Be Mod/be_hiro.zip/NO-CRY.XM
de87bc935c2dc370bdf3f7aa8b311446	1	368311	player	ft2play	FastTracker v2.00	24	769801	d842b271	f9c2401a	POSE/po-sheon.zip/po-sheon.xm
dec10c8313720a6a0604eeec860e7d25	1	342325	player	uade	Protracker	0	418228	f7a15708	09c9ab9c	В‰IМ‚В‹|/pt_heatmiser.lha/mod.heat-miser-remix
dece00eb79c8c2a1da7c83d781fd632c	0	194131	player	libopenmpt	ModPlug Tracker b3.2 - 1.09	9	267651	450b58ea	221f34a5	Вѓ\Вѓ{ВѓNВЊВў/t_shock.zip/t_shock.it
df9e86486a4bdca8a985a06bb805b404	0	237313	player+silence	libopenmpt	ModPlug Tracker 1.09 - 1.16	12	655030	de491744	c1ad8f34	В‹ВЌВ“Г·/jm_dream.zip/JM_Dream.it
dfd5486d836f037bf869e945ddbb9327	0	161080	player+silence	libopenmpt	ModPlug Tracker b3.2 - 1.09	6	471711	7bf2c0bd	28d85ed5	Ryoohey/shotgun.zip/Shot gun .it
e0e47baf158023b99cddea9cfd490ae9	1	414412	player+silence	ft2play	FastTracker v2.00	16	731876	9b511045	744500fa	KAI/Module8.lzh/Module8.xm
e1289dab08891e682dde4bbd0b3b8c04	0	374807	player	libopenmpt	ModPlug Tracker 1.09 - 1.16	10	387575	0343eb30	0bd784ff	Untitled Records/Un_p_torso.zip/p_torso.it
e19148707de27423a3f9670e6fa33de7	0	342912	player+silence	libopenmpt	ModPlug Tracker 1.09 - 1.16	16	3747517	81269610	979490dc	gwm/gwm2000.rar/gwm2000.it
e241aaef246cdf216ce283a4c7dbaddb	1	250705	player	ft2play	FastTracker v2.00	24	331118	47b69899	016fe7b3	dk305/305VSTR.ZIP/305VSTR.XM
e2650e97d2b9d37a2a91ef338f4a9beb	1	124298	player	ft2play	FastTracker v2.00	16	1030286	7f54173f	1af6330c	Ryoohey/capes.zip/capes.xm
e2e28b6027aa4093bd1e44b0e200cd5e	1	310600	player	ft2play	FastTracker v2.00	30	1415889	ba4ce44d	649bec29	MOD_MAN/RZ.zip/RZ.xm
e30163e9f4d9ffa3781c9693d0a32454	1	217184	player	ft2play	FastTracker v2.00	8	121871	f0ccddb3	927bd188	sharpnel/gabbangelion/pg_rhau.zip/RHAUAU.XM
e33d511b3332c32edb9872f92728e099	1	239041	player	uade	Protracker	0	216614	e78a2def	45257709	В”gВ•ВЅВ‰iМ€В‚ВЁВ‚В·В‚В·В‚ГџMOD/groove2.zip/GROOVE2.MOD
e34a2ffb7d7e10059ec5fdb7b7256f3a	0	285785	player	libopenmpt	ModPlug Tracker b3.2 - 1.09	26	646084	d6338286	46428f5a	R.M.LaB/nomad8.zip/nomad8.it
e35368cfb92f66fb1f4f5234a8ce2daf	1	242519	player	ft2play	FastTracker v2.00	6	206237	f9f0ba44	8f6e371c	COYOTE/cyt_4th.zip/CYT_4TH.XM
e3cf709f6b6417426da031b6981c2adf	0	397312	player	libopenmpt	ModPlug Tracker 1.09 - 1.16	8	712638	019204a4	2a727a27	В•|mod/p_tuss.zip/p_tuss.it
e3ec8e43612aca2fbe7dacbf734856a2	1	396006	player+silence	ft2play	FastTracker v2.00	24	1307007	a9650ef7	fbd14e0d	abu/ufofunk.zip/UFOFUNK.XM
e3f47ac8168760202c397947f0e96053	1	180386	player	it2play	Impulse Tracker 2.14+	16	898300	cd307762	97b64b63	sharpnel/srp_hhc.zip/HHC.IT
e3f58cc98f56d62805f696406e65dd2a	1	403137	player+silence	ft2play	FastTracker v2.00	16	1274951	cb295611	9c949ac2	oto/irreversible.xm.zip/irreversible.xm
e447321496a5365cb52dc708bb631a46	1	416357	player+silence	ft2play	FastTracker v2.00	22	1009208	aa910a37	556f4b4f	abu/No2/power.zip/POWER.XM
e4a913ddc1ef87fd01c821f568cadc83	0	472925	player+volume	libopenmpt	ModPlug Tracker 1.09 - 1.16	20	902856	a11d4cfd	f69283d0	Stingray/str_rth.zip/rise to heaven.it
e53501c4f26ab81b62bcd0f36ad910e9	0	222274	player+silence	libopenmpt	ModPlug Tracker 1.09 - 1.16	12	510265	06ccd604	be947b36	Yum-eatup/gensou-remix.zip/gensou-remix.it
e5827f0a32687a4d846e8762a0c18242	0	215196	player	libopenmpt	ModPlug Tracker 1.09 - 1.16	17	1122086	802af3a5	60ffd88b	taropeter/mynthok2811.zip/mynthok2811.it
e5c754e7034e79c5535692eca02b6651	0	302305	player	libopenmpt	ModPlug Tracker 1.0 - 1.16	36	1154771	6e6f7e2e	ff87b678	AIRHEAD/air_b-w.zip/b.xm
e609b64ad8067e809822ec73cf2d63ba	1	344258	player	ft2play	FastTracker v2.00	26	602915	b01cbb08	bbe0c045	core/love20k.zip/love20k.xm
e6a0c10554d1d38b70a6f9f010dd9681	0	213597	player+silence	libopenmpt	ModPlug Tracker 1.09 - 1.16	13	460947	a1197ca8	f821d29b	Yum-eatup/xevious.zip/xevious.it
e7320b59545ede1a08422ece740304f4	0	260716	player+silence	libopenmpt	ModPlug Tracker b3.2 - 1.09	9	530900	33bddc6a	d8eb5570	В’ВґВ”]ВЌHВ–[/pix_dump.zip/pix_dump.it
e8117f08c2d152fc868304226b487482	1	271929	player+volume	it2play	Impulse Tracker 2.14+	16	75350	0dda6ed5	e8e11be0	В’ВЉВЏUМ‚MOD/winter.zip/WINTER.IT
e822c71948a113029ca1cadbe128131e	1	260775	player	ft2play	FastTracker v2.00	16	371316	45b943c6	5cc6b014	ВѓВЊВЃ[ВѓKВѓВ“/r_syl.zip/SYL.XM
e8a361af3c73cd815072ebcd310eebde	0	85964	player+volume	libopenmpt	ModPlug Tracker 1.09 - 1.16	24	1827895	1cf66103	9772c0b4	В‚В В‚eМЂВ‚В©В‚UМ€/techno02_diet.zip/techno02_diet.it
e8bbfb7dab87bb5f780f3e30e74563b5	1	320047	player+silence	ft2play	FastTracker v2.00	20	651514	a816b13b	25cfa2b7	kazyah/plastic.zip/SGTX/plastic.xm
e8c447b09d425e4606424f1cce4902d2	1	282903	player+silence	st3play	Scream Tracker 3.00 (SB)	8	469730	41ee4138	23b932b0	В”gВ•ВЅВ‰iМ€В‚ВЁВ‚В·В‚В·В‚ГџMOD/anamnesis.zip/anamnesis.s3m
e8de8b7c8a0501c938c80b9a799eeec1	0	208865	player+volume	libopenmpt	ModPlug Tracker 1.09 - 1.16	18	11045	009996b1	1b662edf	В•IМ€mod/x-m.zip/x-m.it
e91a4272255f1728bbb54f592004612d	0	389429	player	libopenmpt	ModPlug Tracker 1.09 - 1.16	13	363661	9f52ceee	12e94f0e	ВѓВ†ВѓEВѓL/minimalism02.zip/minimalism Y_02.it
ea48c754b62cbe71b513b656199a4503	1	289158	player+silence	uade	Protracker	0	172308	0669fcb5	b6272138	В‰IМ‚В‹|/my_paradise_of.lha/mod.my paradise of lust
ea4ce1345c3f00bf590f8fd402a29337	0	108947	player	libopenmpt	ModPlug Tracker 1.09 - 1.16	10	212935	621f8f87	3e0af43a	yon/yon_bup2.zip/yon_bup2.it
ea510142b023f4e81770d8c47035c590	0	417438	player+silence	libopenmpt	ModPlug Tracker 1.09 - 1.16	14	584496	ef3f950c	b3462492	В•IМ€mod/shot_poly.zip/poly.it
ea58d7cb07e009aa435be792c0b54164	0	51012	player	libopenmpt	ModPlug Tracker b3.2 - 1.09	8	403398	c0729e9c	66a3e7cc	В‚В В‚eМЂВ‚В©В‚UМ€/test_diet.zip/test_diet.it
ea6dd7d441d341a55ef480fd9a60873b	1	342126	player+silence	ft2play	FastTracker v2.00	16	1947616	769f88b0	4bae71ae	В•IМ€mod/subliminal.xm.zip/subliminal.xm
eb379737db96f7e8bd07fa15bf66506b	1	365575	player	ft2play	FastTracker v2.00	20	2592134	86d624f1	8f2e3172	Untitled Records/ur_indies.zip/ur_indie's.xm
eb5d07c2f5d952e87a851d50334d3e9a	0	412728	player+volume	libopenmpt	ModPlug Tracker b3.2 - 1.09	16	488366	4d1d7570	10bea4b5	В’ВґВ”]ВЌHВ–[/pix_nose.zip/pix_nose.it
eb89f0e24391b6b1a1113525a5b61cc6	1	313027	player+silence	ft2play	FastTracker v2.00	20	456819	187f396a	4103635b	abu/No2/scarlet.zip/SCARLET.XM
ec459df75160700372d938f8df389ed5	1	356348	player+volume	ft2play	FastTracker v2.00	24	1061751	65d1b1bc	a544de3d	MOD_MAN/CYBER.zip/CYBER_R.XM
ecb62af65e16bb4c8d7d9703977f95a8	1	248796	player+silence	ft2play	FastTracker v2.00	8	250446	f4eea882	407ae34c	В‚OМЂВ‚aМѓ/VDrumer.zip/VDrumer.xm
ecd5ce494e0ba927060dc9062a659891	0	80496	player	libopenmpt	ModPlug Tracker 1.09 - 1.16	26	845772	006637ac	16b5db54	В‚В В‚eМЂВ‚В©В‚UМ€/euro_diet_ver2.zip/euro_diet_ver2.it
ecd6081a45859cdb18544f8cd1cb86d5	1	158476	player+silence	it2play	Impulse Tracker 2.14+	14	1298570	72f205e4	8c3a240f	sharpnel/srp_bit.zip/BIT.IT
ed0d3fc24b8dbf915b3d13bc91b6528c	1	227198	player+silence	ft2play	FastTracker v2.00	24	932435	f4a04002	c7568233	PET/p_tacfrz.zip/p_tacfrz.xm
ed85f770d997e4ae5c5aa3d3dfdad94c	0	246233	player+silence	libopenmpt	ModPlug Tracker 1.09 - 1.16	16	211914	772da3b3	abbdeae8	takao/TO_DG.LZH/to_DG.it
eda3807abe9d89619e657cbc673a0d80	1	232094	player	ft2play	FastTracker v2.00	8	254811	bd7aaf2b	094925d2	В‚OМЂВ‚aМѓ/VDrumer2.zip/Vdrumer2.xm
edd85f3f766c365f76cf0ad629509b01	1	278509	player+silence	ft2play	FastTracker v2.00	30	820518	02bc1ee2	640137fd	POSE/po-multi.zip/po-multi.xm
ef56bd0e6e35b6d6166d67a1ee40c9e9	0	212163	player+silence	libopenmpt	ModPlug Tracker 1.09 - 1.16	13	346770	c22e71ae	5b57ac43	PET/45054-AgirlsellsaGUSburneronthe.zip/p_girlse.it
ef6cf99876e4b853acde0bae584ddde6	0	99228	player+silence	libopenmpt	ModPlug Tracker b3.2 - 1.09	17	580586	d9ebcd8b	973b76d6	pb/cat_rkclash.zip/RK-clash_8bit.it
f01b3052e529d760eb079a42263dee7c	0	608971	player+silence	libopenmpt	ModPlug Tracker b3.2 - 1.09	18	928527	0c8e2220	1c37468b	RYU-G/A-2.it
f09b8e89b987e6280773fd31b00a7b39	0	11558	player	libopenmpt	ModPlug Tracker 1.09 - 1.16	11	759950	c5d71a6d	7d303efe	Wiz/st_ulrls.zip/st_ulrls.it
f131cd707b6d6c5adf71d7c91f239ee1	1	152039	player+silence	ft2play	FastTracker v2.00	18	354980	26770c50	cf4517b9	MAJR4/I_8bit.zip/I_8bit.xm
f1538c4e1dcbca8ebc77330405dcdfea	0	159700	player+silence	libopenmpt	ModPlug Tracker 1.09 - 1.16	8	835056	f20d4c76	7e141e12	yon/yon_ng2.zip/yon_ngroove2.it
f189fe5c63fda9c237938ad54c582cc8	1	131444	player	ft2play	FastTracker v2.00	4	1671446	747e28bc	a9f76235	В‚В»В‚IМЂВ‘Вј/dango.zip/DANGO54.XM
f189fe5c63fda9c237938ad54c582cc8	1	131444	player	ft2play	FastTracker v2.00	4	1671446	747e28bc	a9f76235	В‚OМЂВ‚aМѓ/dango.zip/DANGO54.XM
f1a3d14a70cfa7a86108ffbe5ab8924e	0	282129	player+silence	libopenmpt	ModPlug Tracker b3.2 - 1.09	9	152478	87bbea1c	116d88f0	Yum-eatup/signal.zip/signal.it
f1eda327a8847361fa2d2d93b9e44182	1	182304	player+silence	uade	Protracker	0	420948	df5e2c05	8a23ee83	В‰IМ‚В‹|/Children.lha/children.mod
f2117d1654004144551cb70779d65751	0	134627	player	libopenmpt	ModPlug Tracker 1.09 - 1.16	20	172270	15c6567d	ae0b96be	ВѓTВѓgВѓВ‹/hot-cool.zip/hot-cool.it
f2731e9ab4f5019bd5980d37b32b90fd	0	382061	player+volume	libopenmpt	ModPlug Tracker 1.09 - 1.16	24	631603	7e3fd5a9	b8008a3a	maak/ref_b.zip/ref_b.it
f30e1fdee11aea876f11f15da4c31a44	1	330065	player	ft2play	FastTracker v2.00	16	1043366	43572970	1cc7a9c7	Matsuura newJPN/jim.zip/JimthePriest.XM
f328f4bc6980f40502720bb17eec4674	1	246223	player+silence	ft2play	FastTracker v2.00	22	1551142	0141fb3e	d205bd68	gwm/gwmlight.rar..rar/GWMLIGHT.XM
f36b6d76223128685b612d8a59f814eb	0	139989	player+volume	libopenmpt	ModPlug Tracker 1.09 - 1.16	16	318833	e31a2d93	a83dc208	В‚Г†В‚aМЂВ‚aМ‚В‚Гћ/FIGHT_CLUB.zip/fight club.it
f3a41929216be64d3e55d4b07bd7b00d	1	181806	player+volume	ft2play	FastTracker v2.00	16	219826	308d5e96	accb28a0	H.I/motions.zip/motions.XM
f3a7ee335daa4eeddcc0147019449f89	1	317489	player	it2play	Impulse Tracker 2.05	10	1335331	862b2c94	00e162b1	sharpnel/gabbangelion/pg_lastb.zip/NAGISA.IT
f3a9b1da2f57b8240e14243e767590d0	1	314465	player	ft2play	FastTracker v2.00	24	1105034	98a96126	1f2a801c	core/mccoy-cr.zip/mccoy-cr.xm
f4017fdc22091aae303dbc28cf97bf90	0	227564	player+silence	libopenmpt	ModPlug Tracker 1.09 - 1.16	14	549396	1cb216e1	77d74801	ВѓLВѓ^Вѓm/yko.ZIP/yko.it
f4e3b070264903104c0c788297ca5a26	1	155581	player	ft2play	FastTracker v2.00	22	621959	2b4695f7	572c6230	KEN1/200km_remix.zip/200km_remix.xm
f53f3ecae62fb9dc68d5bb0c91bd5dab	0	342678	player+silence	libopenmpt	ModPlug Tracker 1.09 - 1.16	15	46237	c71f3b1b	e26f6f0e	taropeter/615/fourcycle_s.zip/fourcycle_s.it
f546ce5c6dffa1864eb37c8e2196490f	0	243488	player	libopenmpt	ModPlug Tracker 1.09 - 1.16	18	201437	97e886c3	b0fa6a1f	takao/TO_NM.LZH/to_NM.it
f54e2bf4c057c10bdb1932716b2c9d84	0	147627	player+silence	libopenmpt	ModPlug Tracker 1.09 - 1.16	18	481531	11dad392	580d25ee	Jin/flow.zip/flow.it
f568a8f2c280edbfa2b07dd34caa6c6f	1	317440	player	ft2play	FastTracker v2.00	8	375845	e6faa1b6	5d295f34	COYOTE/cyt_raka.zip/CYT_RAKA.XM
f75dbf8ce0483ef6182cfdb6064a887b	1	176128	player	ft2play	FastTracker v2.00	18	759622	6f4d7b45	ab4bd717	AIRHEAD/iuhfs.zip/iuhfs.xm
f7a3e90681a759f396e49909a0e9f886	0	392534	player	libopenmpt	MOD Plugin packed (ADPCM packed)	24	234794	c3298016	7919edfc	takao/TO_RA.LZH/to_RA.xm
f7b5efab195816ba1bf4e38e9a76924a	1	102150	player	ft2play	FastTracker v2.00	12	215385	ac880833	bbcd6213	KEN1/stoverfw.zip/stoverfw.xm
f7dd3ab5f26e893bce4c620ac7425311	1	494305	player+silence	it2play	Impulse Tracker 2.15	34	2200712	7ed3d9e8	e07f415f	MAJR4/nature.zip/nature.it
f9444dde42e79504022a310956d8f8d2	0	148462	player+silence	libopenmpt	ModPlug Tracker 1.09 - 1.16	17	657460	ff91b1ad	08efb581	taropeter/tokyorose_tmj.zip/tokyorose_tmj.it
f9bfbb32b47d53644b6e6e54a87e3bb2	1	247239	player	st3play	Scream Tracker 3.2x (SB)	16	547967	b750a7f8	c17a5c9b	sharpnel/gabbangelion/pg_strtc.zip/STRETCH.S3M
f9da87f9799ed3d2631ed105936e31d1	0	336322	player	libopenmpt	ModPlug Tracker b3.2 - 1.09	18	404300	e297cba3	350e1268	takao/TO_VA_.LZH/to_VA_.it
fa372b7d5b4c4f2173f0c5b20a0b4bc7	1	261829	player+silence	ft2play	FastTracker v2.00	32	1098237	caae25e6	edba62b2	PET/p_wind.zip/p_wind.xm
fa4ed89607d82412bdaf2495075b2034	1	287671	player	ft2play	FastTracker v2.00	26	582130	8b62b666	2d30c511	core/yukawa-r.zip/yukawa-r.xm
fa4ed89607d82412bdaf2495075b2034	1	287671	player	ft2play	FastTracker v2.00	26	582130	8b62b666	2d30c511	MOD_MAN/yukawa-r.zip/yukawa-r.xm
fac66588a6c111b489270f5103930a39	1	367142	player+silence	ft2play	FastTracker v2.00	20	1358561	b42e13c5	53c92848	В•|mod/Un_memorycode.zip/Un_memorycode.xm
faf2bd828f77609f34e5acc6dabc68fd	1	198752	player	uade	Protracker	0	404386	16f3289a	42e66fb7	В‰IМ‚В‹|/thecoming.lha/mod.the_coming
fb03646dd420ec7df4dc2cacabe583f6	1	322301	player	ft2play	FastTracker v2.00	22	1087158	14616af9	81ffb8af	MEGUMix/blue.zip/B-BUTT2.XM
fb110f1564ebdd1a26a860316f6408c1	1	214699	player	ft2play	FastTracker v2.00	12	153682	9ada2b13	2d081cb9	KEN1/gmm.zip/gmm.xm
fbcab0b6d4ea8e4f45b425f65a2a3c9f	1	170452	player	ft2play	FastTracker v2.00	10	339511	492f4cb3	659db2ce	KEN1/rapidbts.zip/rapidbts.xm
fc6c597b85f1d2f296ad8024763d1279	0	219775	player+silence	libopenmpt	ModPlug Tracker 1.09 - 1.16	20	404069	8e06086e	41a270a5	Untitled Records/Un_Shes_rm.zip/Un_She's_rm.it
fd71f7051fa01d8becf69c43d887e05d	0	353037	player+silence	libopenmpt	ModPlug Tracker 1.09 - 1.16	21	334541	115b996e	2e81c91d	taropeter/ug_aav.zip/UG_aav.it
fd7a69d8f3ba79db81911ac3792c9a57	1	249212	player	ft2play	FastTracker v2.00	24	531392	fc54a707	f8933a0d	POSE/po-lover.zip/po-lover.xm
fd834cfea42c4c8e4c92af2ffe05dc80	1	142446	player	ft2play	FastTracker v2.00	8	23592	c7303ad5	22ea7421	ken_ken/!k_spelu.zip/!k_spelu.xm
fd88e0aff9794d26a99772cb130be714	1	367787	player	ft2play	FastTracker v2.00	14	408108	672c9c16	c541b015	В‚OМЂВ‚aМѓ/B33.XM.zip/B33.XM
fe5bc20a4a0b8b934a203a9f40fb7641	1	315934	player+volume	ft2play	FastTracker v2.00	20	725450	373a6ebf	cf14cb17	abu/No2/dxmas.zip/DXMAS.XM
fee5dd10091784f47e14ed1a6c9f1aad	0	321841	player	libopenmpt	ModPlug Tracker 1.09 - 1.16	17	91182	739ca423	f5ac61fd	pok/pk_wdst.zip/pk_wdst.it
ff2cbdc2fe7b7121c29adff3d0735d70	1	473094	player	ft2play	FastTracker v2.00	20	1611122	f69b2ed3	f56d1047	gwm/gwmroad.rar..rar/GWMROAD.XM
ffde5f474db4f73cb67a16d92d57b940	0	286180	player+silence	libopenmpt	ModPlug Tracker 1.09 - 1.16	14	152854	81292e86	fd4aa807	ВѓTВѓgВѓВ‹/winter.zip/winter.it
fff63e38026d70273f6ae68e25c768a8	0	121268	player	libopenmpt	ModPlug Tracker b3.2 - 1.09	9	160787	515925a7	8cb3054c	Вѓ\Вѓ{ВѓNВЊВў/buchar.lzh/buchar.it
