0073cd747150b96cea0c04532033f120	1	349767	player+silence	ft2play	FastTracker v2.00	16	925166	2430d012	57d267fd	Ganchiky/2000/oki2000.zip/OKI2000.xm
00e1a709afcad5925581453ce52d98d2	0	185760	player	libopenmpt	ModPlug Tracker 1.09 - 1.16	14	624495	b5837eb3	40d927e1	gwm/2001/defragoftime.it
01eb5d4e3d4fa74277653f4a160330d0	1	223533	player+silence	it2play	Impulse Tracker 2.05	8	578973	bbb1a10f	6da83e53	Project Gabbangelion/1997/pg_epson.zip/epsonic.it
0293547aad0f56ac8908fc91bcb17b80	1	251224	player	ft2play	FastTracker v2.00	10	1196988	66ecea97	d07ae0aa	abu/1998/jacky.zip/JACKY.XM
02b2d77c4069bad782db40e6c8e062c3	1	253219	player	ft2play	FastTracker v2.00	8	3020990	afbeefc0	bfda3f04	Toy Label/Karatechno/1997/fureai.zip/Fureai.xm
02c79a036f27443f849ac183003453e9	1	71730	player	ft2play	FastTracker v2.00	4	86187	9bd8aae6	03de7b9c	CraftWorkJapan/TEN/1997/ten24.zip/ten24.xm
02dd1ae4005ec8e18662d5e4cd86c876	0	200351	player+silence	libopenmpt	ModPlug Tracker 1.09 - 1.16	12	96124	0d0843b5	5ca25ae0	taropeter/taropeter_-_ringz_around_the_sun.zip/ringz.it
0412d0cd3cf35b5f2ce8af63598fdfb3	0	214719	player	libopenmpt	ModPlug Tracker 1.09 - 1.16	10	64368	ff49cda5	dd563825	mori/1999-2002/chips+.zip/dhm.it
042a0781aaf216244bb26d16501a9a4f	0	101083	player+silence	libopenmpt	ModPlug Tracker 1.09 - 1.16	14	107563	a5d77ee5	5da1a566	ka_tsu/2000/spring.zip/spring.it
04737da61f5bd796fe914893e99edf3b	1	123508	player+silence	uade	Protracker compatible	0	684676	8ac3e3ee	57e05df3	Zi-phonium/z-x (2000)/TEL.MOD
048a16c9039c54f1fdc9580dc27e735a	0	251984	player	libopenmpt	ModPlug Tracker 1.09 - 1.16	10	1041682	0bf6156c	2dc03635	ÆÁ©[½/2001/cheer.zip/cheer.it
049445bc8748bf6009a8ba92d09dcebe	0	248876	player+silence	libopenmpt	ModPlug Tracker 1.09 - 1.16	23	30559	bae473a6	d84044e6	mori/1999-2002/chips+.zip/at19.it
04c8d5c71070f96d1d0819f19f302d05	0	334804	player+silence	libopenmpt	ModPlug Tracker 1.09 - 1.16 (ADPCM packed)	28	388131	c7115e6a	c8642359	ÆÁ©[½/2000/thirsty.zip/thirsty.it
04e1c84da77755c9843842fefe12fbf0	0	141341	player+silence	libopenmpt	ModPlug Tracker 1.09 - 1.16	10	922583	c1000907	2140ee8b	Ô¢a¯/2001/empathyit.rar/empathyit_8bit.it
059a5fe61d59d42e3cd3bea76cd1ef7d	0	222474	player	libopenmpt	ModPlug Tracker 1.09 - 1.16	11	29602	5ec5c7e0	de5e231e	mori/1999-2002/chips+.zip/slc.it
05a35fe0c21386f2284243dbddc886b4	1	246456	player	uade	Protracker compatible	0	81188	bc24145a	0b1d9412	zqf/1998/graviton.lzh/graviton.mod
06139fb7d7e40224970574c6dc7add96	0	211862	player	libopenmpt	ModPlug Tracker 1.09 - 1.16	9	475349	ca495b38	16327d6b	fayies/2001/crunch.zip/crunch.it
067b793b08963126b431a3cbf77237f6	1	178814	player+silence	ft2play	FastTracker v2.00	16	897013	9ed50979	62d4abfa	KEN1/1997-2002/mysttech.xm
0697fedb428007ae914cf80d85dc6905	0	221552	player+volume	libopenmpt	ModPlug Tracker 1.09 - 1.16	23	18139	539c1edf	d04e2734	mori/1999-2002/chips+.zip/ds.it
0709fd45993558bc1f9d1460744546e0	0	241733	player+silence	libopenmpt	ModPlug Tracker 1.09 - 1.16	12	7575	173893a6	6a22e84c	mori/1999-2002/chips+.zip/rin.it
08de5af3cfeb192e72534bff00ab3cc0	0	149322	player	libopenmpt	ModPlug Tracker 1.09 - 1.16	14	133856	cafcc22d	cd31d31c	ka_tsu/2000/ka_tsu.zip/ka_tsu.it
09e0d2b59c0345ca0a703d7a155938a7	1	114917	player	ft2play	FastTracker v2.00	4	83687	18c341a7	e6b91bbe	CraftWorkJapan/TEN/1996/ten082.zip/ten082.xm
0a748565a4c92e5714f9285ebd675a25	0	361994	player	libopenmpt	ModPlug Tracker 1.0 alpha	23	1523440	af5af712	635744c3	AIRHEAD/with MaTCHION/1998/d.ZIP/d.xm
0a9406f2631187fe23f2b0be09a525d0	0	225686	player+silence	libopenmpt	ModPlug Tracker 1.09 - 1.16	16	23047	622182d2	51e3bf59	mori/1999-2002/chips+.zip/med.it
0b8dd6728aa935859c1fb384ecaa2da6	1	61568	player	uade	Protracker compatible	0	21108	ebe1304f	0ae4ca14	Zi-phonium/z-x (2000)/PSY.MOD
0ce4beb70202965c4a6875886bb0eed8	1	83431	player+silence	ft2play	FastTracker v2.00	4	117176	3f16d2b8	ef63eb59	CraftWorkJapan/TEN/1997/ten25.zip/ten25.xm
0d1fc31c36b15010b4917e135036258a	0	283749	player+volume	libopenmpt	ModPlug Tracker 1.09 - 1.16 (ADPCM packed)	33	797020	997baa40	90f374e8	ÆÁ©[½/2001/dignity.zip/dignity.it
0d2b2442e0991098bc2b48c830e677e7	0	236664	player+volume	libopenmpt	ModPlug Tracker 1.0 alpha	25	1153231	5336362b	297ffdf0	AIRHEAD/1998/remabuse.ZIP/remabuse.xm
0d65e493df12ddbfa37e458f5d9dd329	1	156373	player	it2play	Impulse Tracker 2.14+	12	394582	d36bcef8	3062eacf	ka_tsu/2000/caprmx.zip/caprmx.s3m
0d65e493df12ddbfa37e458f5d9dd329	1	156373	player	it2play	Impulse Tracker 2.14+	12	394582	d36bcef8	3062eacf	MR.Master/global/2000/caprmx.s3m.zip/caprmx.s3m
0d6e0bf579ffcf6b0363c2ba68389335	1	204452	player	ft2play	FastTracker v2.00	16	442763	d3f568f6	3fcf4d3c	BODY/2000/trippin.zip/trippin.xm
0d82d4325001cb6bc2c6f156f6354fa9	1	347416	player+silence	ft2play	MilkyTracker	16	446868	199ca28d	aa7ed234	gwm/jack.xm
0de92d32d9565250ff02673667b06a22	1	307668	player+silence	uade	Protracker compatible	0	135578	d635ee7b	35557e7f	misc/HANATYAN/archive/modules/hnz-free.zip/FREESTYL.MOD
0e62b4abee6c2bb3fbb4cf3e7adb6290	0	106276	player	libopenmpt	ModPlug Tracker b3.2 - 1.09	15	83398	50dfa80f	c5bd8a74	pencase/1999/m64.zip/m64.it
0f891778a7837755294ce9586610b6dd	0	309943	player+silence	libopenmpt	ModPlug Tracker 1.09 - 1.16	20	66021	3e6c42ed	aea47718	mori/sk.it
0f92f0d5baebca414ecccfe2a0f4b7b9	1	123824	player	ft2play	FastTracker v2.00	6	37090	5882fa45	6a9b1757	ken_ken/2002/!k_moto2.zip/!k_elie.zip/!k_elie.xm
0fb571a0d9e3fe3adaccb9e53f5133d0	0	69075	player	libopenmpt	ModPlug Tracker 1.0 pre-alpha / alpha	7	1272943	08edc93a	ef591d80	AIRHEAD/with MaTCHION/1998/crazy.zip/crazy.it
1027a3a6a4f4d47c0a19123ce6c8bce2	1	272952	player+silence	uade	Protracker compatible	0	92806	bdea3017	6b12c205	Zi-phonium/G.O.U. (1998)/BISONIUM.MOD
109d9ee8988702482e6c85cdf944c606	0	209697	player+silence	libopenmpt	ModPlug Tracker 1.09 - 1.16	12	760742	8b5b8d23	7c95780a	uciwa/2003/ucw_001.zip/001/3 neon tetra.it
131c38565dfbbfc6545223d5e18a76d8	0	151704	player	libopenmpt	ModPlug Tracker 1.09 - 1.16	14	455440	8682e46f	1a4c13a8	åKåN\Ù/2001/tango_in_eden2.it
13c17077cda250b18bd4368c033b5ced	1	258875	player	ft2play	FastTracker v2.00	16	3722185	ccfa9628	a8f9094a	BODY/2000/remix02.zip/REMIX02.XM
13df4668d4aa55805a7cf31e4ae2b0d7	0	212545	player+silence	libopenmpt	ModPlug Tracker 1.09 - 1.16	14	226773	b41fa277	b3c033ae	ka_tsu/2000/yuro.zip/Õ°Û.it
144a5ff013a0b1178a77fb3dd6345612	1	296338	player	ft2play	Fasttracker	6	102990	fdc064c5	348a4f52	misc/HANATYAN/archive/modules/heavenp.zip/HEAVENP.MOD
1523c361e18d75c49fcbac60782e786d	1	364555	player	ft2play	FastTracker v2.00	10	1772726	6980612b	7aa0d7dd	Toy Label/Karatechno/1997/fist.zip/fist.xm
15498436c428765c7ecbfec14305882b	1	376845	player+silence	ft2play	FastTracker v2.00	14	2910847	093246fa	3db46488	tk4m/2001/n3r.ZIP/N3R.XM
161a39d3ff824b94bc19e3cbdd918db2	1	210085	player	uade	Protracker compatible	0	108464	4e0bcf33	e11cf834	misc/HANATYAN/archive/modules/hnz-fary.zip/FAIRFLOS.MOD
16646759d0695115069fbea5cb9ba8a7	0	107635	player+silence	libopenmpt	ModPlug Tracker 1.09 - 1.16	8	48630	0b00a599	c2e6227f	uciwa/2003/ucw_001.zip/001/5 racco.it
1684686d73eec381dbbc99c907ea3221	0	313936	player+silence	libopenmpt	ModPlug Tracker 1.09 - 1.16	13	41801	d053e0d8	3f233910	mori/1999-2002/chips+.zip/zanac.it
175b7746563e17a86eea7017455d1ed4	1	146246	player	uade	Protracker	0	152184	0b8f8ce4	ad39c986	misc/HANATYAN/archive/modules/dieindus.zip/DIEINDUS.MOD
1790f2c3e7483d20fb35c12bf57555b1	1	295073	player+silence	ft2play	FastTracker v2.00	12	570873	ecbde0a5	8f749d68	Toy Label/Karatechno/1997/godhand.lzh/GODHAND.XM
17b62e27d4e8bb2a82ce9a60e1efa08a	1	247051	player	ft2play	FastTracker v2.00	8	539710	17b9da28	02971481	tk4m/1998/jazz.zip/JAZZTECH.XM
193f47045b1d5beeb368e58a996d5a83	1	400555	player+silence	uade	Protracker	0	294246	dd7d5a90	337f416c	misc/HANATYAN/archive/modules/dream_s1.lha/DREAM_S1.MOD
19ecfb5aee8bb27380a1f4eefe01578c	1	115340	player	ft2play	Fasttracker (M.K.)	4	59102	bbd7e1d2	ceaebc41	zqf/1998/device.lzh/device.mod
1a34b61e37a35d4a8e1917d7f6493acb	1	139887	player+silence	uade	Protracker compatible	0	141958	c7d07ff3	57b57b45	Zi-phonium/G.O.U. (1998)/JUNGL2.MOD
1ae442e84b6ee8011cc4924658256ee2	0	221264	player+silence	libopenmpt	ModPlug Tracker 1.09 - 1.16 (ADPCM packed)	23	513206	111f373e	f1feca5f	ÆÁ©[½/2000/kunitukami.zip/kunitukami.it
1b962412121b2f25b29f7f615854b3e1	1	213798	player	ft2play	FastTracker v2.00	10	734954	85161cb0	b1f78787	ken_ken/2002/!k_s3mg1.zip/!k_s3mg1.xm
1bdd15f2137e447d3ee10c080b956fb6	1	214396	player+silence	ft2play	FastTracker v2.00	8	201556	aad44b06	7f7ffdcc	tk4m/2001/gms.ZIP/GMS.XM
1cbf91f88c9408cb2b9e2fe85a48268b	1	183611	player+volume	st3play	Scream Tracker 3.2x (GUS)	8	235308	2a93dddb	2e2cf1bb	hide/1996/for demo/ROY01.S3M
1d85bace8afda2ab9e54f89ff6bec9e1	1	378073	player	uade	Protracker compatible	0	197864	be72103a	17c72101	misc/HANATYAN/archive/modules/hnz-time.zip/TIMEGONE.MOD
1d89d7439e6ed89bb9adf3cefedb9b14	1	118395	player	uade	Protracker compatible	0	80406	6cae427a	3f2c92a0	Zi-phonium/d¥gíàfp}¹yWVOL.1 (1997)/ATTACK.MOD
1e8c7286365dbd5fab7b7b257b2051f9	0	372754	player+silence	libopenmpt	ModPlug Tracker 1.09 - 1.16	17	327189	e9a8089f	71b6c841	trash/2002/TO_RF.ZIP/to_RF.it
1ec465f315a83b0e7a2ef7b04947131e	1	192141	player	uade	Protracker compatible	0	51000	5459202b	a66b34d2	Zi-phonium/G.O.U. (1998)/1997/AUTOM4B.MOD
1efa783a75a5420e8f265de5e6d339d4	1	196545	player	ft2play	FastTracker v2.00	16	1498730	45fbaa7d	060c5ac9	KAI/1999/Module4.lzh/Module4.xm
1fc653265f9b72323955e01c5487a699	1	149777	player+silence	ft2play	FastTracker v2.00	8	270004	7ca7c4ee	27eb3e03	y433/1997/raijin.zip/raijin.xm
20fd869aa2d4731c668c15aa2bfc63b6	0	309600	player	libopenmpt	ModPlug Tracker b3.2 - 1.09	21	7363	02d97693	5116cb10	pencase/1999/M52.zip/M52.it
212b27a902ed0aa869a7759ad60ee7c8	0	26482	player	libopenmpt	ModPlug Tracker b3.2 - 1.09	7	4244	3b7ce6ce	e59086bf	mori/1999-2002/chips+.zip/tec1.it
212b27a902ed0aa869a7759ad60ee7c8	0	26482	player	libopenmpt	ModPlug Tracker b3.2 - 1.09	7	4244	3b7ce6ce	e59086bf	mori/untitled 7.it
21382053d8ff012d2a8a26b982fa1e3f	1	156112	player	st3play	Scream Tracker 3.2x (GUS)	8	181246	e626933f	a0323a1a	hide/1996/look!.zip/LOOK!.S3M
214acfceeb125e634a7405885915fd52	1	80755	player	ft2play	FastTracker v2.00	16	394723	7fd125f6	edb1d181	X^WIeY/2001/snow.xm
21690dd3921e3774f90e872c945fb485	0	108247	player+silence	libopenmpt	ModPlug Tracker 1.09 - 1.16	15	251587	e2740efb	7e7c5663	fayies/2000/ishiya.zip/ishiya.it
21bce4187f227335b655b23db0f2fb8f	1	204187	player+silence	uade	Protracker compatible	0	147852	eb28bee2	8bdb0b33	Zi-phonium/z-x (2000)/SCI.MOD
21d4411964e6c5895df2ac8736f82227	0	92022	player	libopenmpt	ModPlug Tracker b3.2 - 1.09	12	23486	aaa1f81c	4a19be1a	core/1999/cr_ambi1.zip/cr_ambi1.it
23312f654a6548294fb50b0256e863f2	1	228549	player	ft2play	FastTracker v2.00	8	692911	73db419e	5902fa9d	HansamKiller/1998/hk_hate.zip/hate.xm
24b5bacc31198dd9fc8faed7da2e90f6	1	237590	player+silence	it2play	Impulse Tracker 2.14+	16	561145	001eeb3a	d59f9d49	MR.Master/global/1999/blizzard.s3m.zip/BLIZZARD.S3M
24c390af6b16df4b4a0ad663819f95c0	0	295891	player+volume	libopenmpt	ModPlug Tracker 1.09 - 1.16	17	252380	f8689635	f912f49d	mori/2001/oinsr.zip/oinsr.it
24c390af6b16df4b4a0ad663819f95c0	0	295891	player+volume	libopenmpt	ModPlug Tracker 1.09 - 1.16	17	252380	f8689635	f912f49d	mori/oinsrmx.it
24dbe3e2ee95fb6c1f0978e696533153	0	163377	player+silence	libopenmpt	ModPlug Tracker 1.09 - 1.16	10	156801	39136d72	75d0af04	ka_tsu/1999/space.zip/space.it
24fef11222c0a4c7c5d019d9bd50bd71	0	200396	player	libopenmpt	ModPlug Tracker 1.09 - 1.16	12	164422	afb5253f	fa15ec19	ka_tsu/1999/sky.zip/sky.it
2580833c8e2b3c8b465f9aeb6727e325	1	270399	player	ft2play	FastTracker v2.00	8	464280	f3458a9a	84f7ff10	ken_ken/2002/!k_soni3.zip/!k_soni3.xm
25ea8be5870639160f2747f84e702123	0	192328	player	libopenmpt	ModPlug Tracker 1.09 - 1.16	15	16232	a1e3ee50	d4280d26	mori/1999-2002/chips+.zip/at6.it
25f0c3f2853838de4c2ee3c8f89816ea	1	299180	player+silence	st3play	Scream Tracker 3.2x (GUS)	16	213140	eafeb849	3e630676	hide/1995/hide810.zip/hide810.s3m
26e345581750077a709db71fe0adbbe6	0	135620	player	libopenmpt	ModPlug Tracker 1.0 beta	13	91146	2814da0e	fd9ce7db	CxIxLx/1999/cil_n4u.zip/n4u.xm
2719d24b161f21e462328df2a82ff2b6	1	30654	player	ft2play	Fasttracker (M.K.)	4	13376	ddaf86a8	8b930333	zqf/1998/organ.lzh/ORGAN.MOD
27a698c3e63e628998dc51f0a34c13d0	1	135638	player	ft2play	FastTracker v2.00	8	2556788	d9fdcd3e	7ea39ca3	Toy Label/Karatechno/1996/imo.zip/Imo.xm
2884d7a7948a2e924e47ae63a60835c1	1	193292	player+silence	uade	Protracker compatible	0	151376	9d546f2a	d58ae47b	Zi-phonium/lunokhod (2002)/ARTEMIS.MOD
28993e40a80c924788c9d537aa80fa15	0	186437	player	libopenmpt	ModPlug Tracker 1.09 - 1.16	16	1530227	978c96c7	205f92dd	¨ê/2001/nes2.zip/nes2.it
28993e40a80c924788c9d537aa80fa15	0	186437	player	libopenmpt	ModPlug Tracker 1.09 - 1.16	16	1530227	978c96c7	205f92dd	ossan/2001/nes2.zip/nes2.it
28c2939368f96419ba5cb59302757354	1	107678	player	ft2play	FastTracker v2.00	12	87089	c44f0e70	7053d9d7	CxIxLx/1999/cil_ian.zip/cil_ian.xm
28c4a5628a963d9a0e471b936f92606f	1	170716	player	ft2play	FastTracker v2.00	6	47880	8a54bd17	edd51ba0	ken_ken/2001/!k_parth.zip/!k_parth.xm
28ff27b5cab6e5f4a21eca2630dab6a8	1	297395	player	uade	Protracker	0	238630	23d1f88f	1d82fd7b	misc/HANATYAN/archive/modules/grv_fun.zip/FUN.MOD
2955bcbbcac8542f8456373b039e367f	1	186012	player	uade	Protracker	0	165738	ef500fc5	5df7fefd	Zi-phonium/MOD Lib/1992/bison.lzh/bison.mod
29650f263c1590576a92f70e9b188ae8	1	11289	player+silence	uade	OctaMED MMD2	0	126074	bd60c50e	48ffdf11	Gony/1997-1998/MED.(Gony Shoot)gameover.gz
29a6f54757271df609c2c424546aa20e	1	121571	player	ft2play	FastTracker v2.00	4	66329	fc5fe018	ce7da023	ken_ken/2001/!k_zippy.zip/!k_zippy.xm
2a9cd7f291322c27d3af0938c1ca5141	0	311982	player	libopenmpt	ModPlug Tracker 1.09 - 1.16	19	3387787	23ab7640	f2296957	ÆÁ©[½/2001/sakura.zip/sakura.it
2b27494270a99f1bdd02c2a5f3d42c4e	1	289376	player+silence	uade	Protracker	0	106400	c6e10615	394edf1c	Zi-phonium/LrY}-Force- ­¯¿ (1999)/GIRLS.MOD
2b6420bda57aabe4ff4b67bb38b6fcc9	0	322778	player+silence	libopenmpt	ModPlug Tracker 1.09 - 1.16	29	719876	32f6612b	afb0651b	tems/2000/dswrtems.ZIP/DSW_r.it
2b6b65ce4a70e948acef48272c8d6830	1	217695	player	ft2play	FastTracker v2.00	22	515283	e3840428	31a76f04	tk4m/2000/b2.ZIP/BITCH2.XM
2ccbd75277db0b436dbcbb7d8244b4a0	1	345360	player	uade	Protracker compatible	0	143236	24fa33ce	dd7d5d7f	misc/HANATYAN/archive/modules/hnz-mile.zip/MILES.MOD
2cfcc0caef621cbf5c855f0d323dd00f	0	71446	player	libopenmpt	ModPlug Tracker 1.09 - 1.16	9	120828	5c19b9c0	de535e42	fayies/2000/muu.zip/muu.it
2d676a9cd991c54b3471e27e069c8379	0	230082	player+silence	libopenmpt	ModPlug Tracker 1.09 - 1.16	10	17811	0883657c	7a2bbd07	mori/1999-2002/chips+.zip/bur.it
2d6f6e873c042b8bf3a6950ce40eb220	0	226555	player+silence	libopenmpt	ModPlug Tracker 1.09 - 1.16	20	906155	4d4efaa9	6887ad67	ÆÁ©[½/2000/dream.zip/dream.it
2dd56ceae29e8aacb163be248c65a257	0	195643	player	libopenmpt	ModPlug Tracker 1.0 alpha	15	655636	0044b563	b596253f	AIRHEAD/MOD TECH REMIX Weeeek/1998/reair_01.ZIP/reair_01.XM
2e42e710ea9bd520e174365928c9a9dc	1	280442	player+silence	st3play	Scream Tracker 3.2x (GUS)	12	130524	7cdd6fdf	828bddea	hide/1996/hide37.zip/HIDE37.S3M
2e7f56762cd3ad5bd7dfdb2c2a22ac3f	1	263737	player	uade	Protracker	0	52212	5e89d92a	f90371b5	Zi-phonium/1996/travail.lzh/travail.mod
2eb654bbc6e492a7807acb39e13785cf	1	275336	player	ft2play	FastTracker v2.00	18	293022	83384532	5ca1d8a9	trash/2001/TO_DH.ZIP/to_DH.xm
2edc5b71d00c33907e2ce277138adbac	1	158604	player	uade	Protracker	0	46230	6f35894b	98d05357	Zi-phonium/1996/guru1.lzh/guru1.mod
2ef422ab7aab560a3a2401b496961402	0	216085	player+silence	libopenmpt	ModPlug Tracker 1.09 - 1.16	49	683498	06a8320d	b045aee5	ykk2/2003/t_f_o_m.it
2f3a02950cb66af69a8112f19a7c20a3	0	235232	player+silence	libopenmpt	ModPlug Tracker 1.09 - 1.16	14	534786	52b1ee29	f5f499f2	shotgun_edit/2000/shot_d2.zip/d21a2.it
2ffbde7e7bdc52d578d15df6d43c9556	0	130365	player	libopenmpt	ModPlug Tracker 1.09 - 1.16	9	186618	1d454aa0	3165a15b	fayies/2000/door.zip/door.it
304fed61a2cdbf9a74d5c2119ba98d86	0	124221	player	libopenmpt	ModPlug Tracker 1.09 - 1.16	6	31870	c2b28078	662ecdad	mori/1999-2002/chips+.zip/b123.it
3095e02a51cda990713d9288d640ead8	1	594299	player	ft2play	FastTracker v2.00	8	7545771	4182f52a	9a63e089	Toy Label/Karatechno/1997/kyokushi.zip/KYOKUSIN.XM
3123aa5748b9228220e5252ba152fe39	0	307719	player	libopenmpt	OpenMPT 1.23.04.00	32	685350	89fa600a	9685d34d	compilation/2014/½ÜÉÍMODgbJ[ÅÈìë¤º (MODTracker Strike back)/polygon prompt/tottumus.zip/tottumus(Module2).it
312b1996e0ef840874d3a798d7e8b75d	0	242369	player+silence	libopenmpt	ModPlug Tracker 1.09 - 1.16	13	23098	ae15e2dc	aacc7ebe	mori/1999-2002/chips+.zip/emo.it
3139679a8635b6bb41d61532ae78ea22	0	275749	player+volume	libopenmpt	ModPlug Tracker 1.09 - 1.16	12	998005	a8075e33	cd762be8	ìa¥/2003/kazunori kurokawa - WildCard.zip/WildCard.it
32076eeb7a56f0e76b7b78e9e16ce43b	1	258728	player+silence	st3play	Scream Tracker 3.2x (GUS)	12	215350	9cc18665	f6fedde5	hide/1996/for demo/house-ik.s3m
322ca0ef9149da33497f35b8e50e19a4	0	231883	player+silence	libopenmpt	ModPlug Tracker 1.09 - 1.16	7	2265	1ef606c3	80a24425	inout (acidzingi)/2003/nots.it
32a363a3bb0bdf86bfcff6d5acb96fd7	0	235578	player+silence	libopenmpt	ModPlug Tracker 1.09 - 1.16	7	15625	f3f5aa21	bfca0855	mori/1999-2002/chips+.zip/bt8.it
32d2822fbc84fac0e26dda75159ffbf9	1	205172	player	ft2play	FastTracker v2.00	12	635411	88dc54eb	1f0555e1	KEN1/1997-2002/ken1_-_live_earth.xm
32e7192c2229f9022d2d64cc38812abc	0	245394	player	libopenmpt	ModPlug Tracker 1.09 - 1.16	5	1746	785d7c30	d368eebc	inout (acidzingi)/2003/t.it
339de4a9f0ff33f42f722e73107367a5	0	253152	player+silence	libopenmpt	ModPlug Tracker 1.09 - 1.16	28	484720	de4dbcce	5cbeb278	ÆÁ©[½/2000/despair.zip/despair.it
33e8e3f5b4ee7a593cf0ed16beb276a2	1	262285	player+silence	uade	Protracker compatible	0	99044	4c1afafa	237ed126	Zi-phonium/G.O.U. (1998)/ANDES.MOD
33f0f80ceb7ce911923c7b4c93469ad5	1	473094	player	ft2play	MilkyTracker	20	1610822	5eca3ca1	71c82148	gwm/road.xm
34c5b513ddd59bbdc794f5b0405b087d	1	132495	player	ft2play	FastTracker v2.00	12	94667	1d022f7c	509a2da8	ken_ken/2000/!k_world.zip/!k_world.xm
35421be5acd8801d6449f5efb9fa4e65	1	201887	player	st3play	Scream Tracker 3.2x (GUS)	10	88210	a54dea9b	7db8eed7	hide/1996/hide34.zip/HIDE34.S3M
3664d00f73552af90532b04e718a6a7b	1	353574	player+silence	ft2play	FastTracker v2.00	6	146167	f2351480	e0adf712	CraftWorkJapan/TEN/1997/metron.zip/metron.xm
36cc55e201804b83ec23964a5bf8029a	1	193318	player	ft2play	FastTracker v2.00	8	112287	1b490d93	a03200f1	pencase/1999/m9.zip/m9.xm
37854e3ddf0526fce59ae7c5ae1b049c	1	334648	player	ft2play	FastTracker v2.00	24	358149	577f22ff	4a49e5a1	trash/2000/TO_AT.ZIP/to_AT.xm
37ad72d576233f3976f50479020895ef	0	272249	player+silence	libopenmpt	ModPlug Tracker b3.2 - 1.09	20	2397802	f0736ed7	1f1a09bf	tems/2000/nbar_tems.ZIP/nbar.it
381de876cd75fc19ac35ba97a753f16b	1	161900	player+silence	ft2play	Fasttracker	6	160666	5a76600d	a4e06dc2	misc/HANATYAN/archive/modules/lw_venus.zip/LW_VENUS.MOD
386c6e2f8527297c817ca5a27eb40705	1	157719	player	uade	Protracker	0	310716	798f241b	6230cb57	Zi-phonium/i»MODvWFNg/Mr.Wiwat Tarasangop/1992/p-yotl.lzh/P-YOTL.MOD
395393470a1559b33d7a12529861c94e	0	387142	player+silence	libopenmpt	ModPlug Tracker b3.2 - 1.09	16	363275	90d332cd	bf8999bd	Üä°¢/1999/firefly.zip/firefly.it
39b332647a54d0eb2f27e31180c93520	0	157372	player	libopenmpt	ModPlug Tracker 1.0 alpha	8	147957	e1427304	061fd11b	taropeter/1998/two_girls_choose_it_mix.xm
39cd0956a4d7b1edf62260da90242733	1	410063	player	it2play	Impulse Tracker 2.14+	25	255680	f287b115	1000047b	MR.Master/global/1999/astbomb2.it.zip/Astbomb2.it
3a0b83a30df263762d12111b9f94b813	1	123814	player+silence	uade	Protracker compatible	0	160312	ca4dbd3d	639a324c	Zi-phonium/G.O.U. (1998)/PEYOTL.MOD
3a2513ca36ea4ea5ce773ca20adf6f70	0	427086	player+volume	libopenmpt	ModPlug Tracker 1.0 alpha	31	1181731	8e4adf85	138edb1b	AIRHEAD/MOD TECH REMIX Weeeek/1998/reair_2a.ZIP/reair_02.XM
3a3d0ad51a2797322c25bf15c916b69e	0	303540	player+silence	libopenmpt	ModPlug Tracker 1.09 - 1.16	16	53167	b94a6881	dadb4a12	mori/1999-2002/chips+.zip/at16.it
3a5488662db74e55ba811163440a9275	1	166703	player+silence	uade	Protracker compatible	0	402462	ad44549a	270f73db	misc/HANATYAN/archive/modules/beau_day.zip/BEAU_DAY.MOD
3a55a8167b7ff8e88d785f678b835707	1	209426	player+silence	ft2play	FastTracker v2.00	16	678275	43f5896c	a5dadbbc	BODY/1999/diggin.ZIP/diggin.xm
3aa1e4fce5c389b01e08b222e77f4bd9	0	281099	player+silence	libopenmpt	ModPlug Tracker 1.09 - 1.16	11	26416	319cf08a	bd06f7cf	mori/1999-2002/chips+.zip/com.it
3abcbf37bf48e2a109c2893a96933129	1	241244	player+volume	ft2play	FastTracker v2.00	6	215296	2a624d2d	4e0f2572	ken_ken/2002/!k_moto2.zip/!k_moto2.xm
3afb00314981c9893d949eb07d38fbac	1	279752	player	st3play	Scream Tracker 3.2x (GUS)	16	218692	334b7a94	016aeba5	hide/1995/hide17.zip/hide171.s3m
3b1738f14df03f8ef7f263019c1cbc92	1	251125	player	ft2play	FastTracker v2.00	8	482444	0a4dd666	a6493a85	BODY/1999/battle.zip/battle.xm
3befd7624c6a71a479d98937936b04c7	0	214334	player+silence	libopenmpt	ModPlug Tracker 1.09 - 1.16	13	113787	160fb8f2	0071be99	ka_tsu/1999/africa.zip/africa.it
3cc75113fd9587929c1203b3429da484	1	322424	player+silence	ft2play	FastTracker v2.00	16	1819847	e44b0439	a91ad481	KAI/2000/Module1.lzh/Module1.xm
3ceab46cec377ba4f38c194a24236e5f	0	250090	player+volume	libopenmpt	ModPlug Tracker 1.09 - 1.16	18	4053338	75689265	2e38317b	gwm/2001/cel.it
3cffb49f4afbb3e380168cd1c1983fde	1	279752	player	st3play	Scream Tracker 3.2x (GUS)	16	218692	f3088d31	12f7dea3	hide/1995/hornet version/hide17.zip/HIDE17.S3M
3d5dec24dec1c818c6ab11bb639a016f	1	218980	player	ft2play	FastTracker v2.00	28	653061	9d5e8cdf	a2c90aa0	yamauchi/2000/retro_hell_jazz.xm
3e2f2f5e50dc207fcb495ce84cd009a6	0	92245	player	libopenmpt	ModPlug Tracker b3.2 - 1.09	16	344930	dcd5bdcd	2a3809e7	åKåN\Ù/2001/virtualwar.it
3f415220917720e54874d0543b5d9f7b	1	59981	player	it2play	Impulse Tracker 2.14+	12	200720	400da901	6940450d	MR.Master/global/1999/59sec.s3m.zip/59sec.s3m
409d14c282b9de07fe4800fa88e061e4	0	209194	player	libopenmpt	ModPlug Tracker 1.09 - 1.16	15	22381	48c78e71	418ad673	mori/1999-2002/chips+.zip/at1.it
40de3cae217d23b3f7cbeab5955c39c2	1	479558	player+silence	uade	Protracker	0	169822	5036c442	2a125d88	misc/HANATYAN/archive/modules/dream_s3.lha/DREAM_S3.MOD
415134f4683ed112ca5c0091f3d94231	1	325326	player	st3play	Scream Tracker 3.2x (GUS)	8	374420	86818953	1612a697	hide/1995/hide22.zip/hide22.s3m
41811c4880ffee844d6c4e6c77b826eb	1	211354	player+silence	ft2play	Fasttracker (M.K.)	4	141329	2098810c	b342b11e	misc/HANATYAN/archive/modules/dungeonw.zip/DUNGEONW.MOD
41bc56ba0221779c54fd5626d87cf5db	0	220319	player+volume	libopenmpt	ModPlug Tracker 1.09 - 1.16	10	30246	47d637f9	d6656f63	mori/1999-2002/chips+.zip/aod.it
41ec4b55654a6ebb6f011030fd4a2229	0	322416	player+silence	libopenmpt	ModPlug Tracker 1.09 - 1.16	15	431005	98a508b8	f3f7ca84	EXEA/2002/tsuki.zip/tsuki.it
4281e9c35f19bd27f2f732af1bbfdf1b	0	173794	player+silence	libopenmpt	ModPlug Tracker 1.09 - 1.16	15	13640	5321be50	f9834202	taropeter/taropeter_-_not_spatial._remix.zip/n.it
42897ba8c02d4de01ff77d309fe9a8d7	0	335321	player	libopenmpt	ModPlug Tracker 1.09 - 1.16	18	638167	10d9bd5d	2cd1e2f5	¨ê/2001/re-re-toto.zip/re-re-toto.it
42897ba8c02d4de01ff77d309fe9a8d7	0	335321	player	libopenmpt	ModPlug Tracker 1.09 - 1.16	18	638167	10d9bd5d	2cd1e2f5	ossan/2001/re-re-toto.zip/re-re-toto.it
42d8486000286fbac3b31dfac7a1ed36	1	71354	player	ft2play	FastTracker v2.00	4	99458	f79c7488	4dc9323f	CraftWorkJapan/NNK/1996/mdnthvwk.zip/mdnthvwk.xm
43b5afb092244ed8b162135d883e53b5	1	92242	player	ft2play	FastTracker v2.00	6	212220	442daf16	a88e81d2	KAI/2000/wednesday1.lzh/wednesday1.xm
43c777cc923f4b5f10d871784037b508	1	197445	player	ft2play	Fasttracker	8	481498	8ac9e163	84dd91f7	misc/HANATYAN/archive/modules/lw_mars.zip/LW_MARS.MOD
43f31bec250d859cae62f21af45501a9	1	265706	player	st3play	Scream Tracker 3.2x (GUS)	10	188842	220fb705	c51446a6	hide/1996/hide405.zip/hide405.s3m
4429a425b13bf83f7d4fbc3b3fe383aa	0	9962	player	libopenmpt	ModPlug Tracker 1.09 - 1.16	3	11989	15afd7e4	e4ce6840	mori/1999-2002/chips+.zip/123.it
4429a425b13bf83f7d4fbc3b3fe383aa	0	9962	player	libopenmpt	ModPlug Tracker 1.09 - 1.16	3	11989	15afd7e4	e4ce6840	mori/untitled.it
44604af309a6ac942ce98051ff47dba2	0	271999	player+silence	libopenmpt	ModPlug Tracker 1.09 - 1.16	24	813854	3057a307	515da64c	maak/2001/yeyeyeje.zip/yeyeyeje.it
44a5599880fc4c3811810f9b73a06329	1	246223	player+silence	ft2play	FastTracker v2.00	22	1553445	ee60bbe3	f4229667	gwm/gwm_light.xm
45c31590ebf4c31755e1cd1cb942ecec	1	139887	player+silence	uade	Protracker compatible	0	66784	9b6a4d87	21b2a036	Zi-phonium/G.O.U. (1998)/JUNGL3.MOD
45c6cb3c1a53c603f2e589236d9ded6c	1	163848	player	uade	Protracker compatible	0	262612	b92fb085	037c0da9	Zi-phonium/G.O.U. (1998)/1995/PEYOTL77.MOD
4720a3a6495d0c8a055d481dc7fbc3e8	1	18922	player+silence	ft2play	FastTracker v2.00	8	402820	922e4506	62dbcbae	CraftWorkJapan/TEN/1998/ten38.zip/ten38.xm
47495bbb1e28385daba0078c09989368	1	181553	player	ft2play	FastTracker v2.00	8	1915511	f6d493fa	fd57aa1d	BODY/1999/mountain.zip/mountain.xm
47bff97612035f13b4b4b5e8a8181dfa	1	653374	player+silence	it2play	Impulse Tracker 2.14+	32	1125420	a79af3ee	0a6f3377	MR.Master/global/1999/ritfevr.it.zip/RITFEVR.IT
47f2c642453504d286e85ba295114b01	0	243054	player+silence	libopenmpt	ModPlug Tracker 1.09 - 1.16	14	560073	c2900b6f	934a5855	EXEA/2002/daybreak.zip/daybreak.it
48967a282bf89bbd58205eddc0320286	0	258903	player+silence	libopenmpt	ModPlug Tracker 1.09 - 1.16	10	8346	96c1d02f	909ef634	hexa/2000/x-1224.zip/x-1224.it
48a5510f765bdaa57220262264769a0c	1	178776	player	ft2play	MilkyTracker	22	621032	4401d34d	385282c1	gwm/4kind.xm
4917d00288a10e08fd5b357d4603b76f	1	249168	player	uade	Protracker	0	285514	789d7ce6	8c44b0a0	misc/HANATYAN/archive/modules/ybstrsrf.zip/STR-SURF.MOD
4ac9354c9fe1a7cc681ccf2d040137e6	0	9478	player	libopenmpt	ModPlug Tracker 1.09 - 1.16	6	46402	a2cbe99a	e14ce9c4	mori/1999-2002/chips+.zip/ru6.it
4ac9354c9fe1a7cc681ccf2d040137e6	0	9478	player	libopenmpt	ModPlug Tracker 1.09 - 1.16	6	46402	a2cbe99a	e14ce9c4	mori/untitled 6.it
4af92c69b22f4c55df5a13d049bdcaf0	1	376264	player	ft2play	FastTracker v2.00	10	1997276	9db8b75f	04ba22a2	MEGUMix/1998/brs001.ZIP/BRS001.XM
4be79e0c6692ce27433a3ddec7a212a3	1	138253	player	ft2play	FastTracker v2.00	6	103785	96dd8f10	bd1851fa	CraftWorkJapan/TEN/1998/ten48.zip/ten48.xm
4c1675e36c990af84de49e276de2437c	0	174698	player	libopenmpt	ModPlug Tracker 1.0 alpha	20	857466	4d0e9f36	38911965	AIRHEAD/with MaTCHION/1998/utility.ZIP/utility.xm
4cffeb28696e980e007c2ce90035345d	0	188679	player+silence	libopenmpt	ModPlug Tracker 1.09 - 1.16	12	460249	f6773e78	569e11fe	uciwa/2004/ucw_uzumaki_ep.zip/@EP/2 JINZO.it
4d43fb064e3212a6ef13108b27209b36	0	360364	player+silence	libopenmpt	ModPlug Tracker 1.09 - 1.16	24	1260613	d107f1d5	ff6b6eb0	taropeter/mathar/narita.it
4eb1e1cb68e1230fe4820a78beb89b28	1	258717	player+silence	ft2play	FastTracker v2.00	12	78776	8038e832	9e674f38	tk4m/2000/dp1.ZIP/CA1.XM
4f6ca77503d61c43dcc14a86c4abcd68	0	232057	player	libopenmpt	ModPlug Tracker 1.09 - 1.16	11	1662375	c503d488	7e8aa45e	young6/2002/173-yng6.zip/173.it
4f9e3823705b99c4e485b18f6b7814b8	1	241539	player	ft2play	Fasttracker (M.K.)	4	121973	eee253b0	574ec0f0	misc/HANATYAN/archive/modules/ragingst.zip/RAGINGST.MOD
500a86e5da5432afcc42f465d7570d4a	0	159388	player+silence	libopenmpt	ModPlug Tracker 1.09 - 1.16	10	289762	8de2174f	8ec10b8e	KEN1/2000/ravage.it
50d9d66a73c00e82bccb4d3d81a003a9	1	139887	player+silence	uade	Protracker compatible	0	104690	cc6de1c4	89956e5c	Zi-phonium/G.O.U. (1998)/JUNGLE.MOD
50f14cd5ab3960d3e20d4a4b59e12836	0	517603	player+silence	libopenmpt	ModPlug Tracker 1.09 - 1.16	24	833986	22cf1644	9e9b1869	compilation/2014/½ÜÉÍMODgbJ[ÅÈìë¤º (MODTracker Strike back)/polygon prompt/p001_raie.zip/p_raie.it
50f14cd5ab3960d3e20d4a4b59e12836	0	517603	player+silence	libopenmpt	ModPlug Tracker 1.09 - 1.16	24	833986	22cf1644	9e9b1869	polygon prompt/2000/p_raie.zip/p_raie.it
50fae15c25aa0fa62ed12e91de0d078d	1	175554	player	ft2play	FastTracker v2.00	24	700313	bc867670	9c78b47b	y433/recommend/elw-swee.lzh/SWEETDRE.XM
518e3cddd7d5348e3dd07b21832f33d3	0	114885	player	libopenmpt	ModPlug Tracker 1.09 - 1.16	15	568408	a31c6c49	f1489313	Ç¢­ñ/2001/neotrip.lzh/neotrip.it
51b5e882548345f0c821c74f0c0d18b5	1	628942	player+volume	uade	Protracker compatible	0	461872	583c3879	abf918c8	misc/HANATYAN/archive/modules/creation.zip/CREATION.MOD
52ca07e416165761973b414c399c08fc	0	244206	player+silence	libopenmpt	ModPlug Tracker 1.09 - 1.16	19	42218	bf8f1f34	0b731027	mori/1999-2002/chips+.zip/at17.it
5345d684056764c1000e13716ceddffa	1	395615	player	uade	Protracker compatible	0	320950	2dc5a8a8	1b8e69ec	y433/recommend/brutal_r.lzh/BRUTAL_R.MOD
53a85ed822d4f5e081dab15855a5d664	0	283264	player+silence	libopenmpt	ModPlug Tracker 1.09 - 1.16	13	27865	08bff0ca	0efa9ca9	mori/1999-2002/chips+.zip/brs.it
547436ee34960cfdb18562d9ae65b591	1	77282	player	uade	Protracker compatible	0	123368	2d8b920b	892fcde7	Zi-phonium/LrY}-Force- ­¯¿ (1999)/CUBISM.MOD
548e1ee4ba25a2c68ecc1664e7f2c2da	1	251710	player	ft2play	FastTracker v2.00	8	732484	7fb556d1	2f7d9056	tems/2000/ge.ZIP/ge.xm
5523e5bc006a9994a359117ea14fa12a	1	252620	player+silence	ft2play	Fasttracker	8	183950	51220cf2	9cbfbd5b	misc/HANATYAN/archive/modules/inspired.zip/INSPIRED.MOD
552c9030cf2b132772970e41e303549c	1	255993	player+silence	uade	Protracker compatible	0	189532	83be4474	fb655b3d	Zi-phonium/lunokhod (2002)/TUKUYOMI.MOD
5546b6488e792e2cf2e5bda68207c8c2	1	128121	player	uade	Protracker compatible	0	185036	ccb7c2cd	170a733b	misc/HANATYAN/archive/modules/hnz-sfrn.zip/SUFFERIN.MOD
55bed3db83c4096cc9924b858b09e9d2	1	215798	player	ft2play	FastTracker v2.00	12	536045	7c3134c5	777f02c0	ken_ken/2002/!k_s3cn.zip/!k_s3cn.xm
55d11db7f52298b406ecb213ce49764d	1	200078	player	st3play	Scream Tracker 3.2x (GUS)	16	183774	e6c3d3cb	d4d2710c	hide/1995/hide07.zip/hide07.s3m
55d11db7f52298b406ecb213ce49764d	1	200078	player	st3play	Scream Tracker 3.2x (GUS)	16	183774	e6c3d3cb	d4d2710c	hide/1995/hornet version/hide07.zip/hide7.s3m
56130264a8291d236c20a7a4ac7481fd	0	186940	player+silence	libopenmpt	ModPlug Tracker b3.2 - 1.09	11	362875	ed627e05	c8a4f482	´]H[/1998/pix_vien.zip/pix_vien.it
56528e11fd349593aa77111cc36cce8f	0	342796	player+silence	libopenmpt	ModPlug Tracker 1.09 - 1.16	16	1908138	de65a944	3276c62e	gwm/2000/su2000.it
567affc10a2fa5f085fbda37145c7480	1	271164	player+silence	ft2play	FastTracker v2.00	22	522922	b8d29cee	2876f453	tk4m/2000/b1_5.ZIP/Bitch1@5.xm
5685e74862f0a1148a9b381a2e252ddc	1	163547	player	uade	Protracker compatible	0	240242	e1a0044f	ff5aa6cf	y433/recommend/testlast.lzh/9finger.mod
56e3978b03364726c84033055d86dc92	1	135702	player+silence	ft2play	Fasttracker	8	327496	65d6c362	1fb2af7e	misc/HANATYAN/archive/modules/ambpower.zip/AMBPOWER.MOD
573d024ae64c9d9092246129b6e88659	0	216203	player+silence	libopenmpt	ModPlug Tracker 1.09 - 1.16	19	63852	9f232c79	6899479f	mori/1999-2002/chips+.zip/minamo.it
574cf7dec4617af7b38bafc152807a3f	1	281468	player+silence	ft2play	Fasttracker (M.K.)	4	169047	d7319cb1	829899f5	misc/HANATYAN/archive/modules/unlimitd.zip/UNLIMITD.MOD
575b961cde18310aa7fc173a9662b19a	0	296673	player+silence	libopenmpt	ModPlug Tracker 1.09 - 1.16	34	101704	902be0f6	0dac8a61	taropeter/taropeter_-_f_.zip/f_.it
57d61d338d61a8ea6b558908ae1daeae	1	325952	player	ft2play	FastTracker v2.00	10	1165598	a7a1f295	c0e7a6a2	Toy Label/Karatechno/1997/asahi.zip/Asahi.xm
581b7a8c19df8a6076e1fa38dd880d49	1	171632	player+silence	uade	Protracker	0	52454	21b56781	7b8bebe8	Zi-phonium/LrY}-Force- ­¯¿ (1999)/MARVEL7.MOD
5965471f4facd9b006feeae4d6b4fcdd	1	166880	player	ft2play	MilkyTracker	8	835626	dc301936	33b55830	YeeM/2012/deskwork.xm
59e9b1e820d0544bc169f52e6fd483f3	1	398718	player+volume	ft2play	FastTracker v2.00	16	660059	527afd36	6223cdb9	compilation/2014/½ÜÉÍMODgbJ[ÅÈìë¤º (MODTracker Strike back)/polygon prompt/p002_unmo.zip/p_unmo.xm
5ad710f011479b31d97ae9682d8ca419	0	107359	player	libopenmpt	ModPlug Tracker b3.2 - 1.09	8	80066	9497e098	a2627e89	ka_tsu/1999/carnival.zip/carnival.it
5b1cb271c55b539518588a7700f2abfd	1	206877	player	ft2play	FastTracker v2.00	16	3875978	d47954d8	6451340a	Takumura Evo/2004/TREC-collabo-1R.xm
5b2a7d6ccb01b370fdb43611e28752d6	0	177466	player+silence	libopenmpt	ModPlug Tracker 1.09 - 1.16	16	28494	7aeca74e	7a23cbb8	mori/1999-2002/chips+.zip/mys.it
5b33c732a37e3a5956cd90837f0f925b	1	276597	player	uade	Protracker	0	142366	616e95f2	f6d7f84f	misc/HANATYAN/archive/modules/m_byte.lha/mod.byte me.
5b56be53350b5f715640c7c691bfd90c	1	157579	player	uade	Protracker	0	118674	8ca134a0	97507b27	misc/HANATYAN/archive/modules/tedium.zip/TEDIUM.MOD
5b81696d3851aa3ad7b3f171e5c738bc	0	266003	player	libopenmpt	ModPlug Tracker b3.2 - 1.09	8	858320	5517f3e3	f62a84bd	saibaba/1999/kyuujitu.lzh/·©½ñVâÌxú.it
5bc1c4b0274693c84c9f3593ae02312c	1	185416	player	ft2play	FastTracker v2.00	4	18924	24f1104f	36aad79b	ken_ken/2002/!k_wl2.zip/!k_sml3e.xm
5c340e208c6ed26484329610b9727055	0	144425	player	libopenmpt	ModPlug Tracker 1.0 alpha	10	403345	bf3b1816	2ee00cae	y433/1998/kyuri.zip/kyuri.xm
5c672b0462e8458549226105cad581f2	0	101485	player	libopenmpt	ModPlug Tracker 1.0 alpha	15	617703	959d2859	31a022ad	AIRHEAD/1998/relau.ZIP/lau.xm
5c9ed48abd89a8b0cb28e9363c52050d	1	228293	player	ft2play	FastTracker v2.00	8	701222	d9524e2f	451f63db	Toy Label/Karatechno/1997/finish.zip/FINISH.XM
5c9f13a3ed87bc2a799ba55c26068fe0	1	212384	player	ft2play	FastTracker v2.00	8	256911	22f42298	5fc1bc89	BODY/1999/dope.zip/My Documents/dope.xm
5caa38e322b5c4c570deb5f9dbb8a2df	0	259635	player	libopenmpt	ModPlug Tracker b3.2 - 1.09	12	645572	1eef562f	e443507f	Üä°¢/1999/Dont_you_Fear.zip/Dont_you_Fear.IT
5cdf74d8ca0862c7b67e5a66f5ec8ef4	1	386559	player+silence	ft2play	FastTracker v2.00	20	353591	2cb7c940	c1f189fd	shotgun_edit/2000/shot_cloud.zip/CLOUD.XM
5cf43786baaf15e8ae516ad3e215bcad	0	338687	player	libopenmpt	ModPlug Tracker 1.09 - 1.16	15	1169443	da1d414f	6c0982ea	¨ê/2001/sonsi.zip/sonsi.it
5d0548103937064b4ffbf78eb695fa4c	1	110370	player+silence	uade	Protracker compatible	0	268604	b6588c37	c8fd229c	Zi-phonium/G.O.U. (1998)/UKIROYZ.MOD
5d3bf0374c601bfcc4652354f7268629	0	242060	player	libopenmpt	ModPlug Tracker 1.09 - 1.16	11	17766	a26d8004	3bca8839	mori/1999-2002/chips+.zip/at3.it
5d5d0b745499067c8250b3e32c44d67f	1	156614	player	uade	Protracker compatible	0	74750	d49d7ea2	4fcf2165	CraftWorkJapan/TEN/1996/ten111.zip/ten111.mod
5f264004f33a8c2861b164df0e0ec39c	1	188268	player	ft2play	FastTracker v2.00	4	31444	bee03a8b	b4af38fd	ken_ken/2002/!k_wl2.zip/!k_wl2e.xm
5f52dadbb99124e79716788db51fb6d5	0	421703	player+silence	libopenmpt	ModPlug Tracker 1.09 - 1.16	27	775079	5330624a	f9fbcf7c	taropeter/SABI/rmt.it
606aaa1d919116021f289aadaa96a64f	1	110297	player	uade	Protracker	0	217838	ed8146ce	59ca65d5	misc/HANATYAN/archive/modules/spekuula.zip/SPEKUULA.MOD
609d5d3aad316ce4ae287085a734c7c3	0	245422	player	libopenmpt	ModPlug Tracker 1.09 - 1.16	12	10138	d2587e37	8ded90ba	mori/1999-2002/chips+.zip/ego.it
60cfa38d591ba1afd290344994aa4d4f	1	256334	player	ft2play	FastTracker v2.00	16	366027	22b4c00e	dc029c62	sat6/1998/m6r-mshr.zip/m6r-mshr.xm
6167078c95d6dd165b453036a94595de	1	87605	player+silence	ft2play	FastTracker v2.00	8	2502997	b29af248	7176a659	tk4m/2001/tht.ZIP/CHAIN2.XM
61bd78332d51390dade4a8c3afac4264	1	172931	player	uade	Protracker compatible	0	30600	35e25fcc	db79c4d4	zqf/1997/binary.lzh/binary.mod
62816b8b730bcc35de760bf9d952087d	1	296102	player+silence	ft2play	FastTracker v2.00	16	66495	f7f75a84	a51f42ec	oto/1999/guiter.zip/guiter.xm
6320718eaea2438eb24521ea8caa25dd	0	30674	player	libopenmpt	ModPlug Tracker 1.09 - 1.16	6	20706	e72cce28	c0af2a08	fayies/2000/helmony.zip/helmony.it
645e79a560cf5b86859cfc064e41a325	1	144584	player+silence	ft2play	FastTracker v2.00	16	1897838	9e1ec72d	35a709bc	8o8/2002/80.zip/no name.it
64815b80825c324f2374779d3ef70954	0	384005	player	libopenmpt	ModPlug Tracker 1.09 - 1.16	16	3438533	6611d32f	a18701dd	Takumura Evo/2004/TREC-collabo-3M.it
649996f8d435474101806a6ccd20d55b	0	202150	player+silence	libopenmpt	ModPlug Tracker 1.09 - 1.16	10	545594	48e628f5	dc1ce609	uciwa/2003/ucw_himawari.zip/ucw_himawari.it
651305971db96ef5f47eed68ccad887a	1	54088	player+silence	ft2play	FastTracker v2.00	8	555720	d83f1961	53878616	phazz/2000/slave_m.zip/slavemaket.xm
65d14e1ad9deb0e430523f11e0a9c925	1	199362	player	ft2play	FastTracker v2.00	16	57894	3f40ca75	956f49d4	oto/1999/cut.zip/cut.xm
6690933d867f36d3b0581386957c3794	1	372467	player	uade	Protracker compatible	0	353926	1900d6ad	42788637	Zi-phonium/b_|{I (2001)/MODDER.MOD
66d0c57e9cda4a318270cc201a15950b	0	617944	player+silence	libopenmpt	ModPlug Tracker 1.09 - 1.16	32	78548	3b61c370	230cedde	taropeter/SABI/2001/colorblind.zip/colorblind.it
670d31317208d2319c97a9e48227f364	0	194871	player+silence	libopenmpt	OpenMPT 1.23.04.00	25	380877	aaecdd0e	c7080efc	compilation/2014/½ÜÉÍMODgbJ[ÅÈìë¤º (MODTracker Strike back)/oni-muh/it_rev.it
671745d40ae25e0221f1a35a456740e4	1	193020	player+silence	uade	Protracker compatible	0	467832	88384016	29ecc63f	Zi-phonium/lunokhod (2002)/TUKINIWA.MOD
676e74d209e87e739882686952f87cf7	1	134234	player+silence	ft2play	Fasttracker	8	214204	a0760255	2bd449d2	misc/HANATYAN/archive/modules/corinth.zip/CORINTH.MOD
67ced5f79dddab7fa35e546056679a75	0	117279	player	libopenmpt	ModPlug Tracker 1.0 alpha	14	1316784	6311ad69	86a6aa54	AIRHEAD/with MaTCHION/1998/drive.ZIP/drive.xm
680c538ca7958484537fad7296a2e2ef	0	276793	player+volume	libopenmpt	ModPlug Tracker 1.09 - 1.16 (ADPCM packed)	20	388400	a890c519	8fbed0d4	ÆÁ©[½/2000/instable.zip/instable.it
68a6b027ea157864743a93d25409667f	0	211614	player+volume	libopenmpt	ModPlug Tracker 1.09 - 1.16	14	226767	bc6bfb0d	e058e701	ka_tsu/2000/yuro.zip/yuro.it
68fdfacf42d8bdcd38869a14cf1fe755	1	227842	player+silence	ft2play	Fasttracker (M.K.)	4	137206	a2774050	baac3e3f	CraftWorkJapan/1998/C11_SPA1.ZIP/c11_spa1.mod
690761c723ec5f21f98ec7280679dc53	0	245895	player+silence	libopenmpt	ModPlug Tracker 1.09 - 1.16	11	24730	a1153665	b12d828c	mori/1999-2002/chips+.zip/cws.it
696899cba0384d6fdf3b4242c9947c6c	1	239411	player	ft2play	FastTracker v2.00	8	464887	06ed9194	889e047f	Project Gabbangelion/1996/pg_loldw.zip/LOLITDWN.XM
6a02371fb257dcad824660e40ff88c12	1	142347	player	uade	Protracker	0	197506	ea4367e7	feb9a935	misc/HANATYAN/archive/modules/m_rturn.lha/mod.return
6ab944145bd4288734db894335ef0e29	1	143211	player	uade	Protracker compatible	0	24916	dbecd6c2	121e9a10	CraftWorkJapan/TEN/1996/ten091.zip/ten091.mod
6b0eb5e3b5cddad15a64b1d20f0216f0	1	161900	player+silence	ft2play	Fasttracker	6	160666	647ad870	91fae2c5	misc/HANATYAN/archive/modules/venus.zip/VENUS.MOD
6b2e09b38ebb9be6a355222b7f392785	0	343287	player+silence	libopenmpt	ModPlug Tracker 1.09 - 1.16	17	288043	28fd5878	6a3f255a	taropeter/caal point f.it
6b97d03fd58364ca9444e558bf578c9c	1	153381	player	ft2play	FastTracker v2.00	10	356656	743c26a3	8aa5156c	KEN1/1997-2002/ken1_-_umba_umba.xm
6bee2a649de7e76300dac97ad8d36d38	1	145824	player	uade	Protracker	0	116164	3271b5ea	27e7b221	misc/HANATYAN/archive/modules/ybroam.zip/ROAMING.MOD
6ca2cc99281e0ba258511860deb45a79	0	61943	player	libopenmpt	ModPlug Tracker 1.09 - 1.16	5	161988	671c620a	6dc15872	åKåN\Ù/2001/newday.it
6cdbe31821669dfa19a17981e95b535a	1	355446	player+volume	uade	Protracker	0	335832	207f5928	bbe7ed04	misc/HANATYAN/archive/modules/m_space.zip/SPACE.MOD
6cde0f2f946cd5d92c58ea8ded21ea3b	1	325706	player	ft2play	FastTracker v2.00	14	215255	7e4e81d8	659e2f51	trash/2001/TO_RDH.ZIP/to_RDH.xm
6d11205a2920effe4501c4f0cf85925f	1	279909	player+silence	uade	Protracker compatible	0	132452	25587ab1	329a241d	Zi-phonium/G.O.U. (1998)/KABURI2.MOD
6d1e38add126348392876f5977083deb	1	81360	player	ft2play	FastTracker v2.00	4	26300	665492a8	01b873f1	ken_ken/2002/!k_kdl2.zip/!k_kdl1e.xm
6efc6550a3a4f0ca6e4487534fd79716	1	330298	player+silence	ft2play	FastTracker v2.00	10	1475787	75e268d6	45dd9d3f	Murder Yacht School/THE SPEED LILITA/1998/Kotobuki.zip/KOTOBUKI.XM
6f2e8e00c95c49bdd060c9cfd27705a0	0	88426	player	libopenmpt	ModPlug Tracker 1.0 pre-alpha / alpha	8	979520	8d42474e	d4cd5226	AIRHEAD/1997/1c.lzh/1.it
708a569ed474db7b9dcd7b037f72c150	1	236188	player	uade	OctaMED MMD1	0	359946	18909e4d	ba1ec4a2	y433/recommend/SlowDeath.lzh/SlowDeath.med
70ca702ac2759c02a025c9972ebe988a	0	245950	player+silence	libopenmpt	ModPlug Tracker 1.09 - 1.16	11	157701	eb7bda6e	0d9fa375	ka_tsu/1999/getup.zip/getup.it
70cec5a7fa8b89fb858525ac57da30b7	1	320302	player	ft2play	Fasttracker (M.K.)	4	192569	b8cff98f	8f853dc6	misc/HANATYAN/archive/modules/farewell.zip/FAREWELL.MOD
70d32b5020969ef841c913cb8816cd23	1	7189	player	ft2play	FastTracker v2.00	8	80234	3470676b	c7e054e6	À¡¾Y/1999/8-2.zip/990402.XM
70fb41b534b1a6036de71a46d8636c26	0	98310	player	libopenmpt	ModPlug Tracker 1.09 - 1.16	6	40644	9e67c964	2c83e1af	Kitano a.k.a. mura/2002/k152.it
711f14ff0b2f273b8ac93c3611f5fec3	0	246382	player	libopenmpt	ModPlug Tracker 1.09 - 1.16	10	29099	11652516	93cc765d	mori/1999-2002/chips+.zip/ifm.it
7195d2d4d61515ed28654c70bb34c17b	0	252217	player	libopenmpt	ModPlug Tracker 1.09 - 1.16	32	571008	143e2de7	4191b051	yamauchi/2000/awrns.it
7206f62309a68dfc4c360c2aa375f63e	0	177540	player+silence	libopenmpt	ModPlug Tracker 1.09 - 1.16	13	31083	b625dbae	a307cf40	mori/1999-2002/chips+.zip/htk.it
7227cce4825473564ae9bf5356fac0ca	0	214627	player+volume	libopenmpt	ModPlug Tracker 1.09 - 1.16	12	31389	a415319c	36b882e0	mori/1999-2002/chips+.zip/grw.it
7233d87af3b75c35b03d1e8728f89320	1	82524	player+silence	ft2play	Fasttracker (M.K.)	4	30188	b51a74bc	fce4ffc6	CraftWorkJapan/Tomoo/1997/POPCORN1.ZIP/popcorn1.mod
734d8356e672f0b5444f3f46bad5e7d1	1	185731	player	uade	Protracker compatible	0	238304	407296f5	cc7f0419	misc/HANATYAN/archive/modules/drumrunr.zip/DRUMRUNR.MOD
7354bc21b80a4164af0000bc15623d40	0	160490	player	libopenmpt	ModPlug Tracker 1.09 - 1.16	14	598142	3595a8cf	0907e72d	EXEA/2002/green_light.zip/green_light.it
73c5956e0f8373ad7b9a7fdd59855441	0	320579	player+silence	libopenmpt	ModPlug Tracker 1.0 alpha	26	750651	44f0d9a0	4e9a3e43	AIRHEAD/1998/sticube-.ZIP/Sticube-.xm
7419eb4226de28d3cef52e4dd45d25d8	1	231787	player	st3play	Scream Tracker 3.2x (GUS)	8	135296	00034a4e	bb02a88c	hide/1995/hornet version/houseeey.zip/houseeey.s3m
7419eb4226de28d3cef52e4dd45d25d8	1	231787	player	st3play	Scream Tracker 3.2x (GUS)	8	135296	00034a4e	bb02a88c	hide/1995/houseeey.zip/houseeey.s3m
74b46d2fa87d4d9aa4f9a43f3bbbca54	0	359291	player	libopenmpt	ModPlug Tracker 1.0 - 1.16	19	429335	a469cf8d	bbd23ab2	trash/2001/TO_RE.ZIP/to_RE.xm
74ce215eb14eab25d9594785ab5d6eb0	0	213552	player	libopenmpt	ModPlug Tracker 1.09 - 1.16	16	971821	4b4a1a01	6eb8c427	´]H[/2002/pix_aktk.zip/pix_aktk/pix_aktk.it
74f1c2e18544f72b53139dd803f99ed4	1	246223	player+silence	ft2play	MilkyTracker	22	759871	8a76f5c9	ce2942b4	gwm/82078-light.xm
7539f996284a85ba263042bc107355f1	0	254211	player+silence	libopenmpt	ModPlug Tracker 1.09 - 1.16	11	22777	05d17474	198c5741	mori/1999-2002/chips+.zip/res.it
75be54ecdd8f5068231f4520bb56f893	1	209933	player+silence	uade	Protracker compatible	0	120566	c3e4a6af	4e013b3f	misc/HANATYAN/archive/modules/teknodan.zip/TEKNODAN.MOD
76a6aae00e77ea2bafbe12be6ff0d395	0	218096	player+silence	libopenmpt	ModPlug Tracker 1.09 - 1.16	32	727921	c0936a4c	0b52cc97	KEN1/2000/wanderers.it
76c15a12a68759eaf45678952e2a6ece	1	242315	player+silence	ft2play	Fasttracker (M.K.)	4	136334	d922d2cf	575c5af7	CraftWorkJapan/1998/C12_SPA2.ZIP/c12_spa2.mod
76f5e2c871393d6f8b5f74385f68ffd7	1	304663	player+silence	ft2play	FastTracker v2.00	32	1465326	4e6ba2ee	a688a7e7	Murder Yacht School/Shiqadi/1998-1999/shq-trmm.ZIP/SHQ-TRMM.XM
792038ba5629cbb9d31e1dae858396cf	0	242952	player+silence	libopenmpt	ModPlug Tracker 1.09 - 1.16	10	273100	9f5c2cf3	d1555802	uciwa/2003/ucw_001.zip/001/4 the north star.it
792e081f623878cb5b0b08aaf9a9f8d2	0	188918	player	libopenmpt	ModPlug Tracker 1.09 - 1.16	16	20720	9a4c02de	56a51507	mori/1999-2002/chips+.zip/fng.it
7932f19ee05d63fdcd93fbdb1ead3e38	0	283486	player	libopenmpt	ModPlug Tracker 1.09 - 1.16	46	978713	eb6ba1e8	9fe02729	ykk2/2002/matchmake.it
79532f307e328df560ae8cda7836cabf	1	178015	player	uade	Protracker compatible	0	181442	f3c09eb3	aa4040c5	misc/HANATYAN/archive/modules/hnz-tran.zip/TRANSFER.MOD
79aae9812f00bb5db250601d2d16ff31	1	156802	player+silence	uade	Protracker compatible	0	50000	052ca979	8b6b5529	misc/HANATYAN/archive/modules/seekmist.zip/SEEKMIST.MOD
7af9ddffbd64ae2218b24684bc972a93	1	346561	player+volume	ft2play	FastTracker v2.00	16	1111837	774d307f	3543afa6	young6/2001/102.XM
7b4dd00c5c6691345d38de543bc367ed	0	232438	player	libopenmpt	ModPlug Tracker 1.09 - 1.16	15	24462	1a9408c3	cc92e515	mori/1999-2002/chips+.zip/fst.it
7b67b5307b01e93bd4c8795e6454a1d5	1	7426	player	ft2play	FastTracker v2.00	12	6830	39a80fcf	a8ca87f5	pencase/2000/delay.xm
7b92861b4c8948f0687498ad2b52c60f	0	334835	player+silence	libopenmpt	ModPlug Tracker 1.09 - 1.16	27	1129555	cd9f31c5	d4bc7de8	ÆÁ©[½/2000/kaze.zip/kaze4.it
7b9fe8d6307acbe3196fccbeb8a543bd	0	386143	player	libopenmpt	ModPlug Tracker 1.09 - 1.16	18	750316	610f9f71	b0a93199	compilation/2014/½ÜÉÍMODgbJ[ÅÈìë¤º (MODTracker Strike back)/polygon prompt/p004_pride.zip/p_pride.it
7be3adc4d098e918e24ac756bdb7ee23	1	53660	player	ft2play	Fasttracker (M.K.)	4	81368	e01de7ee	f5381213	compilation/2014/½ÜÉÍMODgbJ[ÅÈìë¤º (MODTracker Strike back)/HyottokoRP/KOWAKE_20011115.mod
7c93f3e3218e52bd5cef1442952925cc	1	318803	player+silence	ft2play	FastTracker v2.00	20	299913	94578110	00eb8712	abu/Jumbo 900/1999/butter.zip/BUTTER.XM
7d2db3c7972891ce911e6a4d89b4c6b8	0	219240	player+volume	libopenmpt	ModPlug Tracker 1.09 - 1.16	14	369924	c0df4c9e	e612848c	uciwa/2004/ucw_uzumaki_ep.zip/@EP/3 URANIUM RADIOARMS.it
7dfab8a939cd089dc4df6a6183fcff2d	1	95713	player	ft2play	FastTracker v2.00	8	490945	4b217c13	a8c67341	BODY/1999/funky.zip/funky.xm
7e170d4290f0cd5442019ae701b975d6	0	253518	player+silence	libopenmpt	ModPlug Tracker 1.09 - 1.16	11	23697	70b79c36	326ea0a0	mori/1999-2002/chips+.zip/tntrmx.it
7e28d7f5803d45474b809278e2c79784	0	155188	player+silence	libopenmpt	ModPlug Tracker 1.09 - 1.16	16	379121	12c3d082	dd8ba1fa	EXEA/2003/red_kite.zip/red_kite.it
7ea747d06a02a09c5b7f37d9eca25314	1	223806	player	ft2play	FastTracker v2.00	8	212510	0f28f14f	01e501f8	}/1998/rmcat.zip/rmcat/rmcat.xm
7eb4cc933d7a68244e715ddd4d4f918d	0	222039	player+volume	libopenmpt	ModPlug Tracker 1.09 - 1.16	15	26889	8e8e60d7	e7ea1939	mori/1999-2002/chips+.zip/dws.it
7ed488580c20acc084e237e597c54a7e	1	208377	player	uade	Protracker compatible	0	230026	188ce30d	874dc9ac	misc/HANATYAN/archive/modules/luminous.zip/LUMINOUS.MOD
7f31b39a7270083c495697d5eb3ce6f1	0	313307	player+volume	libopenmpt	OpenMPT 1.23.04.00	32	4401904	9c3b2ef4	71362445	compilation/2014/½ÜÉÍMODgbJ[ÅÈìë¤º (MODTracker Strike back)/ÏÁ·ñ/yababan.xm
7f6e9c35d00c9a7cb75a3955f752c1dc	1	120879	player	ft2play	Fasttracker (M.K.)	4	124954	3540144f	40c7fdfd	zqf/1997/brain_1.lzh/brain_1.mod
7f6e9c35d00c9a7cb75a3955f752c1dc	2	128548	player
800580466004027a9d461b14d6a1033e	1	184517	player+silence	ft2play	Fasttracker	8	315060	e7df9f2c	49ef55e7	misc/HANATYAN/archive/modules/batucada.zip/BATUCADA.MOD
805a475e3f8bc56ddd4af6620d4ef8aa	1	135133	player	uade	Protracker compatible	0	34628	54d900d5	b4171d1d	Zi-phonium/G.O.U. (1998)/1997/AUTOM1.MOD
8205345321dfb04b234c9b40f0db9c8d	0	262922	player	libopenmpt	ModPlug Tracker 1.0 alpha	12	1077204	a6bd2887	766067c9	abu/1998/bfw95.zip/BFW95.XM
83065fa0b2070a068ae13f188091a4ce	1	264096	player+silence	uade	Protracker compatible	0	375272	dc7cc371	8ac0e070	Zi-phonium/lunokhod (2002)/MICHI.MOD
8343f490073600736c797649d2073972	0	101444	player+silence	libopenmpt	ModPlug Tracker 1.09 - 1.16	6	317828	1cdfce87	dbf15119	åKåN\Ù/2001/robo_tomy.it
83b88001f24fd284994835011b928d15	1	268246	player+silence	uade	Protracker	0	109242	93ed2b83	2154496e	Zi-phonium/LrY}-Force- ­¯¿ (1999)/MUTANT.MOD
83cca961899daa8d6ac094314f765a7b	0	266452	player+silence	libopenmpt	ModPlug Tracker 1.09 - 1.16	6	41285	977a34a7	59c73600	mori/1999-2002/chips+.zip/isono.it
842f1d070de1d4e4afa98389a6f3b7e0	1	82044	player	uade	Protracker compatible	0	20546	aa721060	0cd754a2	misc/HANATYAN/archive/modules/tinytune.zip/TINYTUNE.MOD
845ac3ea32d5732be0da94819bc3d78e	1	101436	player	ft2play	FastTracker v2.00	16	3082944	186adb06	fc91c9da	¨ê/2001/ampmMAN.zip/ampmMAN.xm
845ac3ea32d5732be0da94819bc3d78e	1	101436	player	ft2play	FastTracker v2.00	16	3082944	186adb06	fc91c9da	ossan/2001/ampmMAN.zip/ampmMAN.xm
8527ebb9e8123b9f18f5d6685340b42b	1	206846	player+silence	ft2play	FastTracker v2.00	12	335489	bb27db29	62add1b2	ka_tsu/2000/spaceremix.zip/space a trip remix.XM
8562ac98da57ddf3bc0f3c18bfdd16ec	1	190793	player+silence	ft2play	FastTracker v2.00	8	1299722	3fa743ac	8f422469	Murder Yacht School/JET JAGUAR/1998/justice.zip/justice.XM
858c7b9fa0f32805c06d7ac74c6c1b3d	1	609025	player+silence	it2play	Impulse Tracker 2.14+	22	1269644	b2a872fc	21bb1fc6	MR.Master/ch200x/2001/smdk.zip/Smdk.it
85b8e62e8a2df539fcbbbddd173a2aa1	0	261350	player+silence	libopenmpt	ModPlug Tracker 1.09 - 1.16	20	294103	ce266a87	d9276f0d	itokin/2001/tww.LZH/ta_tww.it
85b8e62e8a2df539fcbbbddd173a2aa1	0	261350	player+silence	libopenmpt	ModPlug Tracker 1.09 - 1.16	20	294103	ce266a87	d9276f0d	taro/2001/2001/tww.LZH/ta_tww.it
85fe075c79a7c3519ed21e3a6c7231e8	0	149723	player+silence	libopenmpt	ModPlug Tracker 1.09 - 1.16	14	316398	0c8198dd	847fdf62	EXEA/2002/camouflage.zip/camouflage.it
86261949470aae0fceb95c1990de1835	1	221393	player+silence	uade	Protracker compatible	0	100316	000baf89	f2343758	misc/HANATYAN/archive/modules/route78.zip/ROUTE78.MOD
867445978b394e674d70defb2ad807e8	1	158066	player	ft2play	FastTracker v2.00	16	1243663	69ca81a0	28052aa1	BODY/2000/one.zip/one.xm
878fc86ec72d69d43253057374ce66e5	0	244536	player	libopenmpt	ModPlug Tracker 1.09 - 1.16	12	22854	4bea3e97	d4919180	mori/1999-2002/chips+.zip/mt1.it
89301836a727158fa80ddeeb159f5b6f	0	169446	player+silence	libopenmpt	ModPlug Tracker 1.09 - 1.16	14	192620	d349e40e	0fff1c43	uciwa/2002/ucw_gokiburi.zip/ucw_gokiburi.it
894f50344b8360cea3d1eac2c469886f	1	110380	player+silence	uade	Protracker compatible	0	276574	77eebb80	c0115c38	Zi-phonium/G.O.U. (1998)/ZYORIKU.MOD
8a29062b5238b4653764fdc503abef46	1	273271	player+silence	it2play	Impulse Tracker 2.14+	15	1126473	6f2f3b9d	5dd40764	MR.Master/global/2000/cmpfml.it.zip/CMPFML.IT
8a78af1f4ae1256d67d103bcf6c43002	1	117903	player+silence	uade	Protracker compatible	0	67406	01c71f92	75377eb9	Zi-phonium/G.O.U. (1998)/1997/AUTOM2.MOD
8a88bc2451ff102fa0d8dcf591f22e21	1	242154	player+silence	st3play	Scream Tracker 3.2x (GUS)	8	191082	97c71276	c2eacf5e	hide/1996/4u.zip/4U.S3M
8a9af224cabb7e73a417a8f9f6a9b85a	0	347913	player	libopenmpt	ModPlug Tracker 1.09 - 1.16	19	2171092	bf106381	2edab170	BODY/2001/LJS.zip/LJS.it
8aebb56f105e1a05f4ff766fd3328d2b	1	174346	player+silence	uade	Protracker compatible	0	197794	3a6ec200	833d2b48	misc/HANATYAN/archive/modules/hnz-grow.zip/GROWTOFA.MOD
8b1cd8947740a67f5fbd878b4201e7ea	0	212960	player+silence	libopenmpt	ModPlug Tracker 1.09 - 1.16	12	26924	230c92e5	85dcf9e2	mori/1999-2002/chips+.zip/kjf.it
8b1cd8947740a67f5fbd878b4201e7ea	0	212960	player+silence	libopenmpt	ModPlug Tracker 1.09 - 1.16	12	26924	230c92e5	85dcf9e2	mori/untitled 4.it
8bb1baf44c2dcf01e7145d7c22596305	1	185444	player+volume	uade	Protracker compatible	0	166762	f0080728	3e9ea854	Zi-phonium/G.O.U. (1998)/1996/BISON.MOD
8bf3e8df87ebfc4b5b9af19f20a866ff	1	236938	player	ft2play	FastTracker v2.00	10	340824	35c38b79	f92d13ea	BODY/1999/remix01.zip/remix01.xm
8c05cc0f64f264ae0887f3d181723285	0	328497	player+silence	libopenmpt	ModPlug Tracker 1.09 - 1.16	24	4129231	079955af	7669ea28	gwm/2000/hotinside.it
8c3f040c4cce414a64ed08c9befb9d90	1	235768	player+silence	it2play	Impulse Tracker 2.15	20	278852	41866fb9	e5c02908	mori/komoriuta.it
8c44f8217f5831f4562b16f25fad2a46	1	269922	silence	uade	Protracker	0	1203148	47410f1d	6a0e58e5	misc/HANATYAN/archive/modules/bass.zip/bass.mod
8ca4eb8c2fed674fdde44a7d0c3248dd	0	469292	player+silence	libopenmpt	ModPlug Tracker 1.09 - 1.16	26	272168	fb1475f5	9b6019cc	hexa/2000/x-chloro.zip/x-chloro.it
8cf68f90af84ba0ff53ed6cee83eb197	1	313444	player+volume	it2play	Impulse Tracker 2.14+	16	240037	62b38f93	843ed806	mori/nuruinurui.it
8d0f6aaed892215d7c2fb88b555dd489	1	141848	player	ft2play	FastTracker v2.00	8	208651	d235f6c2	7221d4f1	CraftWorkJapan/NNK/1996/tmrwfidy.zip/tmrwfidy.xm
8e367df0614ec452fb721c0fa05e2a6c	1	350069	player	ft2play	FastTracker v2.00	10	780698	dce68e30	664da622	¨ê/1999/RE-EIGO.zip/RE-EIGO.XM
8ea69dc884fb2a23578a8f83b634b688	0	218911	player+silence	libopenmpt	ModPlug Tracker 1.09 - 1.16	8	372010	f3f73701	49be945e	uciwa/2004/ucw_uzumaki_ep.zip/@EP/4 KEEP IT UNDERGROUND.it
8f356589aca21ab4d84f5a598456a396	0	215092	player+silence	libopenmpt	ModPlug Tracker 1.0 alpha	28	837108	ddfb58ce	37561050	AIRHEAD/with MaTCHION/1998/n-i-m.ZIP/n-i-m.xm
8f6c5944b976197a4651f3a09dd52d40	1	210045	player	uade	Protracker compatible	0	170926	578af5bf	eb751349	misc/HANATYAN/archive/modules/slowds.zip/SLOWDS.MOD
90670a9c9c51bcce1d3d9524a3904a48	1	267546	player+silence	ft2play	FastTracker v2.00	10	941049	dbf598cd	69e8af19	tk4m/2001/kws.ZIP/KAWOTH.XM
9067a6205b41480b5291186553e36d45	0	189974	player+silence	libopenmpt	ModPlug Tracker 1.09 - 1.16	15	170533	f261823e	d754adce	ka_tsu/2000/crusing.zip/crusing.it
908ce37e2bb634af59f1032eb9687ddf	1	129516	player+silence	uade	Protracker compatible	0	119730	bc9e3317	3ad0bce8	y433/recommend/oh_yeah.lzh/OH_YEAH.MOD
916f5531e658242f07a49323a2cdc02e	1	198758	player+silence	ft2play	Fasttracker (M.K.)	4	51502	8642bda2	8b084000	zqf/1998/bookend.lzh/bookend.mod
91ea86ea13af7929cdfbb22967f2326f	1	334035	player	ft2play	FastTracker v2.00	6	96969	a2ac4690	bdcffa8d	ken_ken/2001/!k_kaerx.zip/!k_kaerb.xm
9288cde3c545ca0cc98f3c6e68438c48	1	152392	player	ft2play	Fasttracker	6	170360	8836afa7	c1be9482	misc/HANATYAN/archive/modules/bellsfd.zip/BELLSFD.MOD
92d5cc5ca2b7049d506c1f44cc184654	1	124845	player	uade	Protracker compatible	0	337501	0c897e45	13af0597	Zi-phonium/lunokhod (2002)/NUMBO.MOD
93ad9675c59a6dcd7d5f6b3b5c0aa094	1	233058	player+silence	st3play	Scream Tracker 3.2x (GUS)	16	185204	b293e6ec	81537ef4	hide/1995/hide123.zip/hide123.s3m
93b4c1e21a546690d90d3ef4db3f9b78	1	101536	player	ft2play	Fasttracker	8	100180	42da018c	d808915b	Zi-phonium/z-x (2000)/PEYOTLX.MOD
93c31750ab751227194385cd22b8d0fe	0	265462	player	libopenmpt	ModPlug Tracker 1.0 alpha	22	1141282	1054266c	34711b68	AIRHEAD/with MaTCHION/1998/kill.ZIP/kill.xm
93d692700d28de3d3301e25c8d30f325	1	270124	player+silence	ft2play	FastTracker v2.00	16	978700	792cd3c5	a15d5bfd	Mr.Û/2001/heavy.lzh/heavy.xm
9420591a5570b69cda3b252e7043e62c	1	327552	player+volume	ft2play	FastTracker v2.00	6	97366	b59b2ee8	55303b91	ken_ken/2002/!k_kdl2.zip/!k_kdl2.xm
9530f88dc713d01fe2536038eac8a683	0	170501	player+silence	libopenmpt	ModPlug Tracker 1.09 - 1.16	25	902573	8c43a1bf	ff3dedc2	fayies/2002/hevenskitchen.zip/heven's kitchen(2step).it
95b3de6a6e43f48fd8a396940d196f06	1	252142	player	uade	Protracker	0	377540	18d29c75	5c35d299	y433/recommend/mr_vain.lzh/mr-vain.mod
96305f8f6f5c9c468be1c0bee741ec0e	1	201887	player	st3play	Scream Tracker 3.2x (GUS)	10	88210	9a7db481	4d8c5ade	hide/1996/hide352.zip/Hide35.s3m
96f21ead36c4cb045baabd1821013e63	0	167661	player+volume	libopenmpt	ModPlug Tracker 1.09 - 1.16	27	562587	eaafdd3d	d6f42e3d	KEN1/2000/dg2000.it
976f4bd6b928d76a7b1935038aeb5996	1	85055	player	ft2play	FastTracker v2.00	12	290430	2a1b76f8	be1f5305	KEN1/1997-2002/ken1_-_unknown_component.xm
97b03bb5f1de477dea0effcf2461b891	1	207734	player	uade	Protracker compatible	0	168130	60fd9418	8e2c414f	misc/HANATYAN/archive/modules/dreamsre.zip/DREAMSRE.MOD
98801181f147b76cb0f51a91e15c5b9a	0	239345	player	libopenmpt	ModPlug Tracker 1.0 beta	8	565446	97f4c14a	c99c0693	BODY/1999/dij.zip/dij.xm
98ee56618b6a5f00d63b46c685ffe300	0	262922	player	libopenmpt	ModPlug Tracker 1.09 - 1.16	9	25487	82e9befc	4051ed23	mori/1999-2002/chips+.zip/kamikire.it
99c8634e0e10f3628fb149aa6c3a6a0f	1	191459	player	ft2play	MilkyTracker	8	347132	1f9bec70	7362dd1e	compilation/2014/½ÜÉÍMODgbJ[ÅÈìë¤º (MODTracker Strike back)/tdhr/squatmaster.xm
9a5816f13ace380a85ef54d03cea49ad	0	267164	player+silence	libopenmpt	ModPlug Tracker 1.0b2	16	53639	9dc14c01	55a0379d	y433/1998/thesign.zip/Module2.it
9ad60d2f56c837cad3fc56588b48d909	1	272613	player+silence	uade	Protracker	0	109978	6524779a	5134db41	Zi-phonium/LrY}-Force- ­¯¿ (1999)/GIRLS2.MOD
9ae6c7f0d517d3f630075ef46836eb73	1	38520	player	uade	Protracker	0	85168	32f94445	bc172540	misc/HANATYAN/archive/modules/rd.zip/RD.MOD
9b489334006e426a1d5ed7f28dc2595f	0	195664	player	libopenmpt	ModPlug Tracker 1.09 - 1.16	14	856446	825aec7a	524be7cc	uciwa/2004/ucw_people.zip/ucw_people.it
9b8fb01a27041d804bd8a5720cd25072	1	261954	player	ft2play	Fasttracker (M.K.)	4	242280	ee12ee98	64504e05	zqf/1997/c_jesus.lzh/c_jesus.mod
9bd0bc693946840b6af76e1808dcef32	1	76381	player+silence	uade	Protracker compatible	0	146554	be2ea5b2	ddcaed01	Zi-phonium/d¥gíàfp}¹yWVOL.1 (1997)/DENPA.MOD
9be10381c7fc209f84fca9f0dea6ecac	1	86515	player	ft2play	FastTracker v2.00	10	86208	76a597f5	8eb234a7	HansamKiller/1998/kinglion.zip/kinglion.xm
9bf60e126994de78a1f9872adefd2097	0	280085	player+silence	libopenmpt	ModPlug Tracker 1.09 - 1.16	20	1557812	6c9820b3	dcbaa457	maak/2002/imitation.zip/imitation.it
9c1e0f1e00073fe182d4ce05ac00ae49	0	28340	player	libopenmpt	ModPlug Tracker 1.09 - 1.16	6	2685	e632c643	89ba5742	mori/1999-2002/chips+.zip/jk.it
9c1e0f1e00073fe182d4ce05ac00ae49	0	28340	player	libopenmpt	ModPlug Tracker 1.09 - 1.16	6	2685	e632c643	89ba5742	mori/untitled 3.it
9cda24c5541bd395f373c1a451dbf249	0	259569	player+silence	libopenmpt	ModPlug Tracker 1.09 - 1.16	47	487012	71c6adf4	bf8a70b1	ykk2/2002/meditation.it
9d3d801e422a2e463b296d12733dce41	1	247139	player+silence	uade	Protracker	0	199858	8b5624fe	787df7c3	y433/recommend/cubic-do.lzh/CUBIC-DO.MOD
9d73cb85d460bd8269103cf74e68b76e	0	125745	player	libopenmpt	ModPlug Tracker 1.0 alpha	20	774799	60e014c5	7886dd1d	AIRHEAD/1998/napalm.ZIP/napalm.xm
9d9baa7234187262cda3e4f51946b45c	1	224151	player+silence	ft2play	Fasttracker	8	265180	0540b9a4	bbf028b4	misc/HANATYAN/archive/modules/radius_f.zip/function.md8
9e747b2f60f89673a5251d770edfb549	0	105311	player	libopenmpt	ModPlug Tracker 1.09 - 1.16	2	2329714	806273e2	a4a7d340	Ô¢a¯/2001/decit.rar/decit_8bit.it
9ecff39ce40b82311d85c0cea72fa2fe	1	182314	player	ft2play	FastTracker v2.00	16	1106828	d4f218de	64930a64	KAI/2000/pizza.lzh/pizza.xm
9f864d00b7220d024e03d66833974685	0	120673	player+silence	libopenmpt	ModPlug Tracker 1.09 - 1.16	6	90625	e471c8b8	70ccdf44	phazz/2000/redsnow.zip/redsnow.it
9f8808202925f71bd1a00f89cf4fba2e	1	293075	player	ft2play	FastTracker v2.00	16	716370	d5792b37	1a7e4ae8	ken_ken/2003/!k_splat.zip/!k_splat.xm
9fadd28e7c5380d2d0eb3027ccc456d6	0	301919	player+silence	libopenmpt	ModPlug Tracker 1.09 - 1.16	22	270827	8d4ec6d6	e52a4ef8	mori/samba for parabola antenna.it
a0e6afbdd7c4fdf587ee17a952a2e533	0	222555	player	libopenmpt	ModPlug Tracker b3.2 - 1.09	30	951359	cd400078	f8cda272	tems/2000/dma_tems.ZIP/dmal.it
a140c6e75211719f20e1d5e420640844	0	295360	player+silence	libopenmpt	ModPlug Tracker 1.09 - 1.16	26	565167	b6cf1f19	c87c2442	uciwa/2002/ucw_blue_giant.zip/ucw_blue_giant.it
a26acfea948ad649c3e8d26f8d72d51b	1	135133	player	uade	Protracker	0	34628	1ba4d191	5453b241	Zi-phonium/MOD Lib/1997/autom1.mod
a285007cd30ee3684bd33b6c4e0a11f3	1	175779	player	ft2play	FastTracker v2.00	8	538649	6f5415d9	24f13567	}/1998/isamu.zip/isamu/isamu.xm
a30f8d8a703b8fa67904365df5bc05d1	1	174538	player	it2play	Impulse Tracker 2.14+	11	482015	660e0071	cf656234	son/1997/ti_8.zip/TI_8.IT
a38c4a131e09d8acde44935fc96a3e52	1	348560	player+silence	it2play	Impulse Tracker 2.15	22	344917	3b235010	68078b0c	mori/ecotero.it
a43535235acf9e08ebdc5bac2606c734	1	106801	player	uade	Protracker compatible	0	191622	fe0cf4cc	c2c8af49	Gony/1997-1998/giziogr.mod
a44dad44f20366ded9765a4ea6acd59f	1	154826	player	uade	Protracker compatible	0	127142	02837c73	82974652	misc/HANATYAN/archive/modules/hnz-evnt.zip/EVENTS.MOD
a4572b0366debabe1c036549fb558889	0	231485	player	libopenmpt	ModPlug Tracker 1.0 alpha	27	934669	0095bf0c	ced6bc7e	AIRHEAD/1998/pcb.ZIP/pcb.xm
a50082147283f0519aa61aea75baba85	1	377732	player	uade	Protracker	0	323368	bd5909cd	ac8d7e34	y433/recommend/KILLME.lzh/KILLME.mod
a50c609645a85d70106bf8e9a998a26f	1	76920	player	uade	Protracker compatible	0	124466	bdb5d444	441721f3	misc/HANATYAN/archive/modules/hnz-tech.zip/TECHORSE.MOD
a569205de8a3fe83cb58ef1df497e877	1	130972	player	ft2play	FastTracker v2.00	8	55142	0240d9ed	f00ea426	KEN1/1997-2002/ken1_-_double_pointer.xm
a5c699b53138efab31264122634230ee	1	251109	player+silence	ft2play	FastTracker v2.00	16	324659	69d02882	8747b2bc	y433/recommend/dgroove.lzh/dgroove.xm
a605777d66d4def996b706b473f4e957	0	308142	player+silence	libopenmpt	ModPlug Tracker 1.09 - 1.16	13	561370	73528742	6fa1b206	uciwa/2004/ucw_uzumaki_ep.zip/@EP/5 RASEN.it
a6eb936b47e29406db53f9c8c60acdb4	0	21148	player	libopenmpt	ModPlug Tracker 1.09 - 1.16	13	67138	beaa3155	6c373eda	Kitano a.k.a. mura/2002/k278.it
a73cc0200f95ce1764d812bdb29be40b	0	216576	player+silence	libopenmpt	ModPlug Tracker 1.09 - 1.16	32	430633	b8f66c9d	1e0a8b17	uciwa/2001/ucw_fuji.zip/ucw_fuji.it
a87326dc45f3289b06cb7ff39b8a5e9c	0	198258	player+volume	libopenmpt	ModPlug Tracker 1.09 - 1.16	18	26647	5cf45f46	5c0c99ec	mori/1999-2002/chips+.zip/gam.it
a900fb6413dcc3fe3d7cf30e7c32be18	0	8621	player	libopenmpt	ModPlug Tracker 1.09 - 1.16	17	27903	a75aeaac	52ceb78c	mori/1999-2002/chips+.zip/6ro8.it
a900fb6413dcc3fe3d7cf30e7c32be18	0	8621	player	libopenmpt	ModPlug Tracker 1.09 - 1.16	17	27903	a75aeaac	52ceb78c	mori/untitled 9.it
a9827271c331cae635761a8a0ecf1339	1	292120	player	ft2play	MilkyTracker	8	1726267	21074af4	2a5fcc9f	YeeM/2012/cloudcloud.xm
a9849ce9adb9e353891c0f154259b86a	0	283588	player+silence	libopenmpt	ModPlug Tracker 1.09 - 1.16	16	234824	9e5c77b5	a7a1c59e	´]H[/2002/pix_glas.zip/pix_glas.it
a9b7704b792041916f60a5faa2367fa5	1	192141	player	uade	Protracker compatible	0	41118	e64506b8	3625442b	Zi-phonium/G.O.U. (1998)/1997/AUTOM4A.MOD
a9ef937f17f69980b34e580a8341331a	1	248028	player+silence	ft2play	FastTracker v2.00	16	658271	5de978c7	4f0ee62c	tk4m/2001/skyb.ZIP/SKY.XM
a9f1d007c173bff1b2fd3943dc8aeea3	1	260225	player	ft2play	FastTracker v2.00	8	1799146	44fef84e	86018110	abu/1998/redms.zip/redms.xm
aa091eb82fe0cf2a9f61c740d08663dc	0	72684	player+silence	libopenmpt	ModPlug Tracker b3.2 - 1.09	12	14784	cf8bf325	3adbb460	core/1999/cr_ambi2.zip/cr_ambi2.it
aaa42a85cac484cd7fa6d91752a381db	0	289746	player+silence	libopenmpt	ModPlug Tracker 1.0 - 1.16	64	4957738	f8c143d8	63330460	KAI/1999/Modole5.lzh/Modole5.xm
aaa7b1fef81705cf6aa0cdda48b6dd3c	0	142865	player+silence	libopenmpt	ModPlug Tracker 1.09 - 1.16	14	353318	150e4031	cf093f7b	fayies/2000/pika.zip/pika.it
ab43a8c0c5d176961cd67861178b8e7b	0	183378	player	libopenmpt	ModPlug Tracker 1.0 beta	12	874882	a5b4c05d	929b1b52	BODY/1999/tuyauta.zip/tuyauta.XM
ac02c622a7d1f195691ba3e73caac943	0	241221	player+volume	libopenmpt	ModPlug Tracker 1.09 - 1.16	22	1018409	392c99d6	1402febf	Kitano a.k.a. mura/2001/daydream.zip/daydream.it
ac05e10cae257756d7acc272c5086a12	1	266099	player+silence	uade	Protracker compatible	0	53236	f05b8f05	309c2fe6	Zi-phonium/G.O.U. (1998)/TRAVAIL.MOD
ac67fe7077be14777748ed2818966022	1	186655	player	it2play	Impulse Tracker 2.14+	11	264797	7d90b644	610ddc48	MR.Master/global/1999/lambada.it.zip/LAMBADA.IT
af26417d1f667eae100d0da778671bac	1	49676	player	ft2play	FastTracker v2.00	8	1110205	db074749	58ed96cf	CraftWorkJapan/TEN/1998/ten43.zip/ten43.xm
af82d3cc70f60728f2519634bcefa478	1	344593	player+silence	ft2play	FastTracker v2.00	16	565307	3299005e	1714eb4e	shotgun_edit/2000/shot_air.zip/airbike.xm
af8c9d8b7713f3e7c7e735a54f93a1f5	1	831744	player+silence	uade	Protracker	0	163008	332e0bc3	65527ea7	misc/HANATYAN/archive/modules/agony_od.lha/AGONY_OD.MOD
b03494be1c6734b5bd7a1932c5641c04	1	132789	player+silence	uade	Protracker compatible	0	52804	f4a38b21	d9e5f38a	Zi-phonium/G.O.U. (1998)/1997/AUTOM3.MOD
b05d1b83ad2867d70fdc4b7c1caca82e	1	156646	player+silence	uade	Protracker compatible	0	60308	4c36b507	2facfd3c	Zi-phonium/G.O.U. (1998)/1992/VAPOR.MOD
b06507d63f49abc31a2e82ee8abf38d9	0	361655	player	libopenmpt	ModPlug Tracker 1.09 - 1.16	24	764308	48f7b0f3	85185638	R.M.Lab/2001/dual_cpp.it
b13867887e9c585728435aa34d58b213	1	157639	player	uade	Protracker compatible	0	117876	8195a6d1	ef5d9075	Zi-phonium/G.O.U. (1998)/KABURI1.MOD
b1648914d42031be1117faacf10b2e6f	0	99691	player	libopenmpt	ModPlug Tracker b3.2 - 1.09	8	22690	fa8676bb	57f4a520	core/1999/cr_ambi3.zip/cr_ambi3.it
b17b85636a00acd7013aeb3a0870e321	0	7668	player	libopenmpt	ModPlug Tracker 1.09 - 1.16	4	2362	e3e3306c	a6c8d7c4	mori/1999-2002/chips+.zip/e57.it
b17b85636a00acd7013aeb3a0870e321	0	7668	player	libopenmpt	ModPlug Tracker 1.09 - 1.16	4	2362	e3e3306c	a6c8d7c4	mori/untitled 2.it
b1bd6615f79b62a32a63349d6834c299	1	210320	player	ft2play	FastTracker v2.00	12	236942	feaeff06	31b4fe3a	ken_ken/2001/!k_alien.zip/!k_alien.xm
b1cd84498a88d39f9c6c1efd5cea0b1e	1	426986	player+silence	uade	Protracker compatible	0	414082	37577dea	c7fdc3b5	misc/HANATYAN/archive/modules/tzonerx2.zip/TZONERX2.MOD
b217690644c0af40fd0890ede0d13903	1	308426	player	uade	Protracker compatible	0	549112	86940775	fa38806e	Zi-phonium/lunokhod (2002)/BISON2.MOD
b2965ee08baab55794bfa151401128df	1	440365	player	uade	Protracker compatible	0	276562	fa2d109e	9ca4ecd1	misc/HANATYAN/archive/modules/tzonerx1.zip/TZONERX1.MOD
b2af74b1f103efcb2af7a26309c3fcb1	0	262469	player	libopenmpt	ModPlug Tracker 1.0 pre-alpha / alpha	12	1216292	edaac181	41b2ecd8	AIRHEAD/1998/brow.lzh/brow.it
b2eaf370178a20c94d7ffe53926d304f	1	61750	player+silence	uade	Protracker compatible	0	66344	6d1c9736	85a735af	Zi-phonium/G.O.U. (1998)/KOEPLER.MOD
b3130101b3de3d46ee3fb2b2a94e5420	1	296059	player	ft2play	FastTracker v2.00	16	1660826	e7a32db3	0cf9886b	KAI/2000/remix.lzh/Module3remix .XM
b371ada5dcfc1ed444d3686a589779e7	0	264589	player	libopenmpt	MOD Plugin packed (ADPCM packed)	32	1072677	6ee7d5b8	c65a8d4d	ÆÁ©[½/2001/cotton.zip/cotton.xm
b455f01ae3c8f7f92fbfca5c68550198	0	182040	player+silence	libopenmpt	ModPlug Tracker 1.09 - 1.16	10	170735	63ecc5a1	dd661ef9	uciwa/2003/ucw_001.zip/001/7 tower over.it
b459a71bdbcb08b80d682bb4d6f9a0c5	1	192141	player	uade	Protracker	0	41118	84ef74bd	83add841	Zi-phonium/MOD Lib/1997/autom4a.lzh/autom4a.mod
b4a6306e0c037c2911c26d08b526bba9	1	259378	player+volume	ft2play	FastTracker v2.00	12	999220	104f9316	ac8b570e	Ganchiky/1998/nirai-1.zip/nirai.XM
b50beb88db1ad4f75e6f5892db3683a0	1	172393	player+silence	uade	Protracker	0	52604	ea2d4b71	801f37f3	Zi-phonium/LrY}-Force- ­¯¿ (1999)/KUR.MOD
b53917a50a59f54d516dc7df3bebbf35	0	382142	player	libopenmpt	ModPlug Tracker 1.0 - 1.16	21	289871	11c78fca	d98e0283	trash/2001/TO_RD.ZIP/to_RD.xm
b5a07a7b6fbe19ef20d4f98b068389d8	1	265398	player+silence	uade	Protracker compatible	0	178630	b103014e	04d5e6bd	misc/HANATYAN/archive/modules/voice.zip/VOICE.MOD
b5e62ca36b8148a3ed750157fb6a1b22	0	322137	player+silence	libopenmpt	ModPlug Tracker 1.09 - 1.16	11	79975	78882b1c	614250dd	hexa/2001/x-DNA.ZIP/x-DNA.it
b619f7c8fa61ae09e224de6acedef6e6	1	136211	player	ft2play	Fasttracker	8	114414	6e5dff21	7bfc052a	Zi-phonium/z-x (2000)/PEYOTLM.MOD
b62e0f7ddce8bbe7104a44724300ce3a	1	359499	player+silence	ft2play	FastTracker v2.00	22	769404	f7a7ffd0	e7307630	abu/Jumbo 900/1999/apeach.zip/APEACH.XM
b6b929498f4e518826ed1f671ac0c8d7	0	106788	player	libopenmpt	ModPlug Tracker 1.09 - 1.16	11	397244	c1daaca2	5947c786	fayies/2001/chienchien2.zip/chienchien2.it
b8785712cbb4062afdfe110003a40c48	0	71732	player	libopenmpt	ModPlug Tracker 1.09 - 1.16	5	41965	8fb9bb2c	b6ba670a	fayies/2000/ska.zip/ska.it
b91a3279259398df05ff29462676d3a1	1	190688	player	ft2play	FastTracker v2.00	16	973585	d897b9b9	9e18946c	BODY/1999/radioshow.zip/radioshow.xm
b9277928da824a6dc8a6d106af98ec6b	1	69385	player	uade	OctaMED MMD2	0	63142	5b5b5ae8	6e698877	Gony/1997-1998/MED.(Gony Shoot)maintheme.gz
b99c7a93378e8e0049b9284d310b76c5	0	197382	player	libopenmpt	ModPlug Tracker 1.0 alpha	10	697485	73b46278	6f6786db	y433/1998/sinmania.zip/sinmania.xm
ba0463f0609d1825db2b5874307f228c	1	240555	player+silence	ft2play	FastTracker v2.00	8	616682	3a690aee	43fd724b	CraftWorkJapan/TEN/1998/ten441.zip/ten441.xm
ba46f446db0df8ada3c0c890e0542d8e	0	187760	player	libopenmpt	ModPlug Tracker 1.0 beta	8	246545	cf0e4e68	8c387a9f	BODY/1999/afroblue.zip/afloblue.xm
ba70c206c897e78daef59839526cd6cf	0	297344	player+silence	libopenmpt	ModPlug Tracker 1.09 - 1.16	32	1306222	0653184a	7d51088d	KEN1/2001/dreamygaze2001.it
baa9a0c1020925edc1249505e2232bba	0	178456	player+volume	libopenmpt	ModPlug Tracker 1.09 - 1.16	8	19480	cb477eff	1ad83089	mori/1999-2002/chips+.zip/fum.it
badccddfbab88d856cab2daa4a59b032	1	35322	player	ft2play	FastTracker v2.00	4	16151	3aa90a4a	0affa512	CraftWorkJapan/NNK/1996/funifuni.zip/funifuni.xm
bb6830af6f33670ab4143fb5aed21e02	0	113206	player+silence	libopenmpt	ModPlug Tracker 1.09 - 1.16	10	68158	bc7d0494	54e2e26d	ka_tsu/1999/afternoon.zip/afternoon.it
bb72fe17af0ae40907aec4ddb5f83425	1	167761	player	ft2play	FastTracker v2.00	32	566489	1144811a	5c023d4f	PET/2000/p_combat.zip/p_combat.xm
bba86106fc69701d4cb2c1abc56fdd73	1	139296	player	ft2play	FastTracker v2.00	12	197933	d035e08e	67db84f3	y433/1997/EOF.zip/EOF.XM
bbaf3d5cf268d9c6d8a264edc8a874a4	1	137878	player	ft2play	FastTracker v2.00	4	126981	e7844dfd	13a71e3a	ken_ken/2003/!k_devil.zip/!k_devil.xm
bc633fd9dd283dc9412a6e4f5f80dfbe	1	463144	player	ft2play	FastTracker v2.00	26	458999	2e8d5925	d0e70bd3	AIRHEAD/1998/napalmrmx.zip/napalm remix.XM
bd4e4943e77ea42156bae1ec27306940	0	4465	player	libopenmpt	ModPlug Tracker 1.09 - 1.16	6	5393	8bd039b2	aad10cfe	inout (acidzingi)/2002/32.it
be1e4a077a39218676ef0e3e6ab8aa29	0	211210	player+volume	libopenmpt	ModPlug Tracker 1.09 - 1.16	13	515132	1c6407d9	b31e3b1e	EXEA/2003/oblivion.zip/oblivion.it
bee898a0f6652938b6c49141e3960d7a	0	214838	player	libopenmpt	ModPlug Tracker 1.0 alpha	22	759522	79670aef	de8810a3	AIRHEAD/with MaTCHION/1998/getout.ZIP/getout.xm
bf013e8eb664a5a64cc425e662a0e306	1	166643	player+silence	ft2play	FastTracker v2.00	16	1648879	f6c3b9f6	b0d0059c	¨ê/2001/uoi.zip/uoi.xm
bf013e8eb664a5a64cc425e662a0e306	1	166643	player+silence	ft2play	FastTracker v2.00	16	1648879	f6c3b9f6	b0d0059c	ossan/2001/uoi.zip/uoi.xm
bf26c457324afe452569f59312f03363	1	117189	player	it2play	Impulse Tracker 2.14+	10	1119226	da46a30f	9e11082b	¨ê/1998/HIDARI2.zip/HIDARI2.IT
bf3336b7860754d254af0a3cd9b267ad	1	210451	player+silence	ft2play	FastTracker v2.00	20	423999	02c4ec4e	e2a62128	KEN1/1999/ken1_-_dreamy_gaze.xm
bf3351968b994e61a1afab7ea27dc69f	0	219102	player+silence	libopenmpt	ModPlug Tracker 1.09 - 1.16	23	5525688	a43a76f9	0a05354c	PET/2001/Fire_in_the_dark.zip/Fire_in_the_dark.it
bf4d7afad94917c4ba75173541de3404	1	83612	player	uade	Protracker compatible	0	50904	afffbab0	1aa8c6f2	Zi-phonium/d¥gíàfp}¹yWVOL.1 (1997)/SPARK.MOD
bf86352e2d4a76aff428aeb8fc97a93d	1	294725	player	ft2play	rst's SoundTracker	10	263061	3259ccdd	524236db	EmP/1999/vain.lzh/vain.xm
bf94f4ec10a882176ba48264ffa9b047	0	232537	player+silence	libopenmpt	ModPlug Tracker 1.09 - 1.16	16	448822	d26f2e15	4de62668	uciwa/2003/ucw_ecotones.zip/ucw_ecotones.it
bfbda7d2d65313ffe64d5524bea305e9	0	287682	player	libopenmpt	ModPlug Tracker 1.09 - 1.16	30	447689	9fcd00b5	38c6a3bd	tems/2000/OD_tems.ZIP/OD_tems.it
bfc841b43aead81b4b667483991decb4	0	254073	player+silence	libopenmpt	ModPlug Tracker 1.09 - 1.16	10	613562	9f478066	37036305	uciwa/2004/ucw_elasmosaurus.zip/ucw_elasmosaurus.it
bfd5a662f30bdb4995baaa4a622c72d0	1	10560	player	ft2play	FastTracker v2.00	2	2724	d57d762d	794d61f4	ken_ken/2001/!k_zippy.zip/!k_pac.zip/!k_pac.xm
c075479be1a68f4422f35c66475a0039	0	320680	player+silence	libopenmpt	ModPlug Tracker 1.09 - 1.16	20	250018	598c4213	2c37659f	uciwa/2001/ucw_shel_jungle.zip/ucw_shel_jungle.it
c0cf22b63864d9f50087326ee13e9bc0	1	318714	player+volume	ft2play	FastTracker v2.00	4	48843	d9b6ba3c	cd2f0c53	ken_ken/2002/!k_wl2.zip/!k_wl2.xm
c0fb8f078a0c40e9a3b88454158af23f	1	130693	player	uade	Protracker compatible	0	68664	a8d85ce9	ecc4db2c	zqf/1997/naga_4.lzh/NAGA_4.MOD
c107152e4cb7ce29d131f8c904883dd9	0	115028	player	libopenmpt	ModPlug Tracker 1.09 - 1.16	17	452906	15e72c60	6cecb3f4	fayies/2000/foget2.zip/foget2.it
c19f7de52f6f392dc25e8b591bb7b928	0	195477	player	libopenmpt	ModPlug Tracker 1.09 - 1.16	7	17510	1818fa95	355ae3af	mori/1999-2002/chips+.zip/326.it
c1e111307cd1518d9bbfacd17cf243ae	0	292695	player	libopenmpt	ModPlug Tracker 1.0 pre-alpha / alpha	55	630819	3aecf60a	361bd3b4	y433/recommend/revenge.lzh/revenge.it
c211879d1a9385995df43289bc79bf67	1	130693	player	uade	Protracker	0	63366	3041e797	7de3f227	Zi-phonium/1996/naga.lzh/NAGA.MOD
c26020f284bb2ec481425d204a204ec1	1	141576	player+silence	uade	Protracker compatible	0	104084	c970bf27	c704a892	Zi-phonium/G.O.U. (1998)/GURU2.MOD
c26fc6fce52eebba29207e17d83d6c21	0	271319	player+silence	libopenmpt	ModPlug Tracker 1.09 - 1.16	16	534170	f13b4293	ecfc3402	EXEA/2004/brainstorming.zip/brainstorming.it
c2b36412c6f49477d00e5f9830f13d2b	0	242054	player	libopenmpt	ModPlug Tracker 1.09 - 1.16	16	23207	67d6291d	40029924	mori/1999-2002/chips+.zip/pok.it
c371613cb18224b2f9a4e39afd41d659	1	81958	player+silence	uade	Protracker	0	202398	92442338	6d3f110e	Zi-phonium/b_|{I (2001)/MOD_OKE.MOD
c44d35759e8805f22d10533cae0ad8bb	1	342819	player+silence	ft2play	FastTracker v2.00	22	455079	53447483	1751ed59	abu/Jumbo 900/1999/u5000.zip/U5000.XM
c45ba2cab9226cab0730064e0cf3e725	0	218482	player	libopenmpt	ModPlug Tracker 1.09 - 1.16	28	1017721	1f47db1e	17d14b5c	KEN1/2001/wanderers2001.it
c5be442ee7becab312e45752066c6654	1	131444	player	ft2play	FastTracker v2.00	2	1808548	3abdec62	5171510d	abu/2001/hammer.zip/HAMMER.XM
c6332fae1cbe336110c06de72c9b383d	1	120620	player	ft2play	MilkyTracker	18	1496969	4bd20867	049433e6	gwm/lifeis.xm
c648889a91d71532bdea2d1d720eaaa7	1	182450	player+silence	st3play	Scream Tracker 3.2x (GUS)	8	206384	b614e7f7	4c09b862	hide/1996/hide38.zip/HIDE38.S3M
c72aafefed6ddbf79b7599dc37dc6285	0	164913	player+silence	libopenmpt	ModPlug Tracker 1.09 - 1.16	9	120098	d9f763c0	0d397689	ka_tsu/1999/abrest.zip/abrest.it
c862aa3391737e634ac246b5dd197850	1	187047	player+silence	ft2play	MilkyTracker	10	2098059	8cbd40ae	fb36f0d1	YeeM/2012/ttrain.xm
c8aaa5eb068014830ba39ffcc79492d7	1	291065	player+volume	ft2play	FastTracker v2.00	16	759863	ef48f417	e5553f44	oto/1999/air.zip/air.xm
c9adfaf58d2a0bc7efefc97326793fb2	1	181228	player+volume	uade	Protracker compatible	0	190036	ae68895d	1ba6ff87	Zi-phonium/lunokhod (2002)/1000.MOD
c9c3872d93bc908af497f037c8ed77a2	1	109991	player	ft2play	FastTracker v2.00	8	44461	e783fddf	f82957f5	son/1996/summer.zip/SUMMER.XM
cad0c252d66ed707f3803a1d866a0f52	1	170605	player	ft2play	Fasttracker	6	245092	139ef271	6ac512d6	misc/HANATYAN/archive/modules/t_krdogg.zip/T_KRDOGG.MOD
cadbf880e6810059f12547533ec2b3b7	0	339428	player+silence	libopenmpt	ModPlug Tracker 1.09 - 1.16	30	961833	8250f372	d84ccaa6	ykk2/2003/navigater_0116.it
cb107ce8201b324a6b28b52db511e596	1	11766	player+silence	uade	OctaMED MMD2	0	115566	1e373e6c	fd4d9163	Gony/1997-1998/MED.(Gony Shoot)logo.gz
cbd368ef12d97f69150b4eca51029f71	0	380485	player+silence	libopenmpt	ModPlug Tracker 1.09 - 1.16	19	787660	72847a5d	a84b0d5e	itokin/2001/sprinter.LZH/ta_sprinter.it
cbd368ef12d97f69150b4eca51029f71	0	380983	player+silence	libopenmpt	ModPlug Tracker 1.09 - 1.16	19	787660	72847a5d	a84b0d5e	taro/2001/2001/sprinter.LZH/ta_sprinter.it
cc7057dbf1f2f67021130b9da9608228	0	6715	player	libopenmpt	ModPlug Tracker 1.09 - 1.16	8	63203	b1f1b46e	a8e0b1bb	mori/1999-2002/chips+.zip/yri.it
cc7057dbf1f2f67021130b9da9608228	0	6715	player	libopenmpt	ModPlug Tracker 1.09 - 1.16	8	63203	b1f1b46e	a8e0b1bb	mori/untitled 8.it
cd71f506462faf90fa507e621a16a2fa	1	280768	player	ft2play	FastTracker v2.00	10	234818	7cdedf31	3ee7d23e	ken_ken/2002/!k_ps3op.zip/!k_ps3op.xm
cd742b1edb2203cb8acd631b3c80bb9c	1	84817	player	uade	Protracker	0	80954	a3f63c46	11444d89	CraftWorkJapan/1998/JAG_SANK.ZIP/jag_sank.mod
cd8bcf79536247c313622f4c1f69dfca	1	251464	player+silence	uade	Protracker compatible	0	169994	9eb3baf1	fb5f8330	Zi-phonium/G.O.U. (1998)/VOBGO.MOD
cdb1a1509e41010d55b392056c7f1e8d	1	174519	player	ft2play	Fasttracker (M.K.)	4	133158	912ee01f	cfbfaaad	zqf/1997/brain_2.lzh/brain_2.mod
cdbaa7754cc830d3c028395ee155fd60	1	192141	player	uade	Protracker	0	51000	dfaf46a6	7535367f	Zi-phonium/MOD Lib/1997/autom4b.lzh/autom4b.mod
cde3a039250824ac46d5b5b0ec2d6840	1	196056	player+silence	uade	Protracker	0	140326	df58e96e	21243e23	ìº/1996/HOLICAHO.MOD
cf144d3083f17b2ec6ef45cd9638a2b2	0	159943	player+silence	libopenmpt	ModPlug Tracker 1.09 - 1.16	12	485418	88e796ce	77ec6c6d	uciwa/2003/ucw_001.zip/001/2 kamome drive.it
cfae7640b27913404a917e0de8ce81a3	0	390051	player+volume	libopenmpt	ModPlug Tracker 1.0 - 1.16	21	1192747	60392143	ecac449d	¨ê/2001/way_i_feel-remix..zip/way_i_feel~remix..xm
cfae7640b27913404a917e0de8ce81a3	0	390051	player+volume	libopenmpt	ModPlug Tracker 1.0 - 1.16	21	1192747	60392143	ecac449d	ossan/2001/way_i_feel-remix..zip/way_i_feel~remix..xm
d03a7949b1d6c373160a6650d8c29736	0	187308	player	libopenmpt	ModPlug Tracker 1.09 - 1.16	25	702827	3df195f7	fe684d51	KEN1/2000/lightning_speed.it
d07070b5de4f24111531991018d8c712	0	209396	player+volume	libopenmpt	ModPlug Tracker 1.0 beta	8	677390	a3ae2f8a	e337d9ce	BODY/1998/mix.zip/mix.xm
d1585839342e7f97770de4fe33679755	0	125893	player+silence	libopenmpt	ModPlug Tracker 1.09 - 1.16	10	835719	bc2481b8	958fa052	uciwa/2003/ucw_001.zip/001/1 pathway.it
d2792547a52d58adcc6157315834ae25	0	212439	player+silence	libopenmpt	ModPlug Tracker 1.09 - 1.16	9	52281	b6351892	4475ef9f	mori/1999-2002/chips+.zip/ssr.it
d2a51b4e9cf32822238cdd367deeadf9	1	211331	player	uade	Protracker	0	172256	0ff526f9	23b6c125	misc/HANATYAN/archive/modules/ybkeep.zip/THE-KEEP.MOD
d2f10c5c25c915946303d73c11d0d8fb	1	339552	player	uade	Protracker	0	580756	b74d36fb	1ae8ec16	misc/HANATYAN/archive/modules/k_ethnik.zip/K_ETHNIK.MOD
d33f8976dfa3cc0be3fa73a90a881716	0	238344	player	libopenmpt	ModPlug Tracker 1.09 - 1.16	11	22317	ccf73fb7	254e5407	mori/1999-2002/chips+.zip/ovf.it
d3a1c2994ae4bcdf01f77e72c379be51	1	135093	player	uade	Protracker compatible	0	59988	7e43cbf0	6889131a	Zi-phonium/lunokhod (2002)/CIRCUS.MOD
d3f8c409ece53db59cf26da2722ee6b6	1	284828	player+silence	ft2play	MOD Plugin packed	24	843814	7ba79ae0	6e326acc	y433/1998/unknown.zip/unknown.xm
d43d8885eb4ab523130fdf6f1096cdb9	1	188122	player	uade	Protracker compatible	0	64124	4ddee881	de286bd6	misc/HANATYAN/archive/modules/treacway.zip/TREACWAY.MOD
d445a8b3ef9e32249e5cad1bf8a444c7	1	512038	player+silence	uade	Protracker	0	167730	0d97c1cc	eaefbddf	misc/HANATYAN/archive/modules/dream_s2.lha/DREAM_S2.MOD
d4e9c8cac5c201b193b3a84d54c73c3e	1	48648	player	uade	Noisetracker 1.x	0	71256	c493845e	45e2e126	misc/HANATYAN/archive/modules/intmorbd.zip/INTMORBD.MOD
d52b6a93fbdc68af576718e30cb16653	1	162482	player	uade	Protracker compatible	0	93092	f43a775b	d789b49e	Zi-phonium/d¥gíàfp}¹yWVOL.1 (1997)/INVADER.MOD
d5319bf56a49691e9c81521632476b12	1	168688	player	ft2play	FastTracker v2.00	24	416347	fc4ace63	d06a6ca7	KEN1/1999/ken1_-_what_a_self.xm
d5eb818a6fa2250d66b12e4dc6aadb53	1	299284	player	uade	Protracker	0	373538	0e885758	51b27979	misc/HANATYAN/archive/modules/liveinam.zip/LIVEINAM.MOD
d6171de073cfadf84f2aa8afff8bef87	1	125969	player	ft2play	FastTracker v2.00	6	17215	cab2f930	3d4776c3	abu/1999/tegaki.zip/TEGAKIJ.XM
d63133d5b1c77520aa58097db9a26248	0	161588	player+silence	libopenmpt	ModPlug Tracker 1.09 - 1.16	7	398371	072aca4b	08fd45ae	itokin/hatsu_koi.it
d65f80c5467900e5f73ac6bc7b4dfd88	1	94327	player	ft2play	FastTracker v2.00	4	132159	4354b07b	c04fad33	CraftWorkJapan/NNK/1997/atominfo.zip/atominfo.xm
d7652a45b946176a65bb47e0a1135cfd	0	266991	player+silence	libopenmpt	ModPlug Tracker 1.09 - 1.16	14	407435	2bc883db	75cc776f	uciwa/2004/ucw_uzumaki_ep.zip/@EP/1 UZU.it
d76b7f6fca55d589b3b619493ee4a5f0	1	38322	player	ft2play	Fasttracker (M.K.)	4	29730	ecd66529	59ffefad	zqf/1998/involved.lzh/INVOLVED.MOD
d783de90516a0a8cc276bd77fbaa5d0f	1	428660	player+silence	ft2play	FastTracker v2.00	8	1674602	c2c2267f	537a927b	Toy Label/Karatechno/1997/ganbare.zip/Ganbare.xm
d78ad4cb015984366c59b324e4d3876e	0	153371	player	libopenmpt	ModPlug Tracker b3.2 - 1.09	9	91873	cae8e6ac	d690380a	core/1999/cr_ambi4.zip/cr_ambi4.it
d90a2cca6ed18f133bc8cd20b54835fc	0	147798	player	libopenmpt	ModPlug Tracker 1.09 - 1.16	12	482439	022e03d9	36287067	ka_tsu/2000/trex_remix.zip/trex_remix.it
d9d643d42a9206e06f89317dac306c5b	1	359629	player+silence	ft2play	FastTracker v2.00	20	649728	1171cafa	f6c056de	abu/Jumbo 900/1999/909.zip/909.XM
d9fa23b2f2c74939eaa04348aab4c449	0	181446	player+silence	libopenmpt	ModPlug Tracker 1.09 - 1.16	14	125929	6fcdef94	22a55de3	uciwa/2001/ucw_afterglow.zip/ucw_afterglow.it
da2df28e489af4ca4e7a81db96de5c5c	0	262180	player+silence	libopenmpt	ModPlug Tracker 1.09 - 1.16	16	31194	0465a4ed	009bc8b6	mori/1999-2002/chips+.zip/ntr.it
da54c0bba3ef9bf4c6c5472fd94570b0	0	168312	player+silence	libopenmpt	ModPlug Tracker 1.09 - 1.16	20	645799	0ecdccce	8bb5e343	ka_tsu/2000/remixoftrex.zip/T REX/T-REX REMIX.it
db1418cbf1425bc4661165ec1fd3e4e1	1	180757	player+silence	ft2play	Fasttracker	6	144894	92fc5ca8	a3d51915	misc/HANATYAN/archive/modules/rain.zip/RAIN.MOD
db6f5bcc5a2f848ff33411aa6418d2a6	1	263033	player	uade	Protracker	0	723886	1c1aacde	0e4592a4	y433/recommend/whatislove.lzh/WhatisLove.mod
db7d537c73ae60241962220b89953262	1	367725	player	uade	Protracker	0	134158	3db7839d	4888de44	misc/HANATYAN/archive/modules/dem-fl.zip/FLATLOOP.MOD
dcb0bff09768f4fa0c1a0e9f5e8e923d	1	462308	player	uade	Protracker	0	377986	afe0576d	2ed5df9d	misc/HANATYAN/archive/modules/k_sting.zip/K_STING.MOD
dcfcc41b31ed71fb2c3138cefd0530bf	1	281320	player	ft2play	Fasttracker	6	176208	d908bd86	71d47882	misc/HANATYAN/archive/modules/ohiphop2.zip/OHIPHOP2.MOD
dd75c54fcb2a17d0b44f1e790acff115	0	233290	player	libopenmpt	ModPlug Tracker 1.0 - 1.16	9	769851	1a57ba69	d45a1b90	tems/2000/rt_tems.ZIP/rt_tems.xm
de3c00df040c5358f90ad922256c2c7f	0	9383	player	libopenmpt	ModPlug Tracker 1.09 - 1.16	9	39025	75c56adb	5dc393c7	mori/1999-2002/chips+.zip/roit7.it
de3c00df040c5358f90ad922256c2c7f	0	9383	player	libopenmpt	ModPlug Tracker 1.09 - 1.16	9	39025	75c56adb	5dc393c7	mori/untitled 5.it
df083c71c95ded664f43039d2e72779e	0	381337	player+silence	libopenmpt	ModPlug Tracker 1.09 - 1.16	17	957962	e733d97f	7c9afd3c	taropeter/1999/taropeter_-_mynthok.zip/mynthok.it
dfac679503d4ed1085404d5bd782d1ff	0	207194	player	libopenmpt	ModPlug Tracker 1.0 beta	14	432247	a3379728	0b819af9	Ganchiky/1999/beach.zip/BEACH.XM
e0115ec5c85daad0c82a67244f939efc	1	156998	player+silence	ft2play	FastTracker v2.00	8	886637	dac8799d	93311bbf	CraftWorkJapan/TEN/1998/ten30.zip/ten30.xm
e026c159a0241b8151f95652158e9682	0	155113	player+silence	libopenmpt	ModPlug Tracker 1.09 - 1.16	8	92731	e81ce94d	ed98d0dd	ka_tsu/1999/dearboy.zip/dearboy.it
e06ee262ef3e4e59d883ad007d0538b7	1	476338	player	ft2play	FastTracker v2.00	16	271037	bb17af17	8e5e3b9f	polygon prompt/2000/p_ehhuet.zip/p_ehhuet.xm
e10d0eca66d64af31523fb4b0c233a19	0	194744	player+silence	libopenmpt	ModPlug Tracker 1.09 - 1.16	16	15493	103afeec	c89c979f	mori/1999-2002/chips+.zip/at13.it
e1237fb1530aab05a3a9c054f2760cd0	1	101371	player+silence	uade	Protracker compatible	0	89652	d140daa9	d2ec0f07	Zi-phonium/d¥gíàfp}¹yWVOL.1 (1997)/DAIDEN.MOD
e12c26eea71ee0e88e739ed5edd1ed7a	1	148398	player	ft2play	Fasttracker (M.K.)	4	68968	908705c8	9c814287	CraftWorkJapan/Tomoo/1997/INSTANTE.ZIP/instante.mod
e12c7d7208722083c996f86c4de797fb	1	242326	player	ft2play	Fasttracker (M.K.)	4	116044	8ace26bb	9ab8df89	zqf/1998/fromthe.lzh/FROMTHE.MOD
e15b485758dd0ffc4aaf62f76efcd1bc	0	258635	player	libopenmpt	ModPlug Tracker 1.09 - 1.16	22	21719	0fc05795	a9e8d593	mori/1999-2002/chips+.zip/at21.it
e21496197dacea430111eb3e60b14ac0	1	169093	player	uade	Protracker compatible	0	103230	07cd9ebf	9c5e6532	misc/HANATYAN/archive/modules/rebelr.zip/REBELR.MOD
e254e08a8bd9fea84050faa6cfa6437c	1	286162	player	st3play	Scream Tracker 3.2x (GUS)	12	192028	31b2333e	981e7b9c	hide/1996/hide371.zip/HIDE37.S3M
e31a66050d8f92c1c7ce07d987b804e1	0	192654	player	libopenmpt	ModPlug Tracker 1.09 - 1.16	6	13415	9ea070d5	93a77cca	mori/1999-2002/chips+.zip/btg.it
e4ea44873d7dacb0a0bc97277e595326	1	198832	player	uade	Protracker compatible	0	112090	c06151c4	9eda404e	misc/HANATYAN/archive/modules/pinochio.zip/PINOCHIO.MOD
e57669416eadac8cc87fd90658979127	1	166931	player	ft2play	FastTracker v2.00	4	74854	d1921925	42df0cf9	CraftWorkJapan/NNK/1996/hapyturn.zip/hapyturn.xm
e64391bf558b2804e274a8114f691358	1	16177	player	ft2play	FastTracker v2.00	4	9953	018b7c20	fc2869b2	abu/1999/tegaki.zip/OTI.XM
e68aecd3d5467563b7b54e018cee393f	0	89164	player	libopenmpt	ModPlug Tracker 1.09 - 1.16	12	44084	45f68d3b	64891d4c	mori/1999-2002/chips+.zip/tnj.it
e78e23bce1884e631b363985d9ec1e35	0	192573	player+volume	libopenmpt	ModPlug Tracker 1.09 - 1.16	9	75783	c4977bfa	7cc9debf	ka_tsu/1999/together.zip/together.it
e7981c625c29f9e606846f2f610e622a	1	66420	player+silence	uade	Protracker compatible	0	69842	2d373107	3564989d	Zi-phonium/lunokhod (2002)/HATE.MOD
e8e6172d51a37d094330fad8e41bc1f5	0	162224	player+silence	libopenmpt	ModPlug Tracker 1.0 beta	8	393609	95305025	dcc7605c	BODY/1998/gangsta.zip/GANGSTA.xm
e930dc9e3fdcb9d2d7feab3dca7d2108	1	281895	player	ft2play	FastTracker v2.00	12	231516	563a3f0e	16f38a0b	ken_ken/2003/!k_yoshi.zip/!k_yoshi.xm
e9f19f837361f356bd34a4a7e113bbf8	1	113651	player+silence	ft2play	FastTracker v2.00	8	458220	f93d6e9a	ff5f3242	Murder Yacht School/C-TYPE/1997/Hwork.zip/HWORK.XM
ea0a78c586010eda199a84a1caf1285e	1	121088	player	uade	Protracker	0	159288	388826b8	fdc6d3ae	Zi-phonium/MOD Lib/peyotl.mod
ea5616fc939ab54f5b47723cc79335c2	1	119258	player	ft2play	FastTracker v2.00	6	741979	1e9101f4	931d5cfc	CraftWorkJapan/TEN/1998/ten33.zip/ten33.xm
ea5684386f6409de9996f95bf2eec260	1	277613	player+silence	ft2play	FastTracker v2.00	14	786904	93ee8a69	fe296b43	Toy Label/Karatechno/1998/furo89.zip/furo89.xm
eb11b705455110ced133c6063a4f2301	0	240674	player+silence	libopenmpt	ModPlug Tracker 1.09 - 1.16	4	96371	74bcaa77	227677a9	inout (acidzingi)/2003/a.it
eb379b60583d6078303695e91275ba20	0	331917	player	libopenmpt	ModPlug Tracker 1.09 - 1.16	16	2742208	0d51bdb5	c21d7103	gwm/2001/ljs.it
ed07f404b6d9f28b7c3897dd405ad038	1	138972	player	ft2play	Fasttracker (M.K.)	4	172662	5f90fbd9	7bad5e38	misc/HANATYAN/archive/modules/nth.zip/NTH.MOD
ed59d76a4cec667b48cced8c1560a1f1	0	288690	player	libopenmpt	ModPlug Tracker 1.0 alpha	26	976521	261e0bac	a7382ebc	AIRHEAD/1998/h-s-remx.ZIP/h-s-remx.xm
ed953099c744aa1809d31ada54e797c9	0	102882	player	libopenmpt	Unknown	10	11746	625f8f85	6ecc1107	MR.Master/global/1999/adlibdr.s3m.zip/ADLIBDR.S3M
edcd19b5464fd2ae14bcf3210b95001e	1	83576	player	ft2play	FastTracker v2.00	8	309838	ff68763a	6a288608	CraftWorkJapan/TEN/1998/ten341.zip/ten341.xm
ee760371a5e67bd83c2b0a4e04172937	0	143615	player+silence	libopenmpt	ModPlug Tracker 1.09 - 1.16	10	170894	035928d8	c50859e1	uciwa/2003/ucw_001.zip/001/6 wave.it
ee7ecce97aa92a8d367b0ba64ddedd1c	1	132789	player+silence	uade	Protracker	0	52804	aad38ce7	f18998bc	Zi-phonium/MOD Lib/1997/autom3.lzh/autom3.mod
ef0981a7d3cdb981770182d8338ea4bf	0	154647	player+silence	libopenmpt	ModPlug Tracker b3.2 - 1.09	6	107075	8010ce85	ef1294f0	ka_tsu/1999/crazy.zip/crazy.it
f005aba0d620c9d224c376527fe7d61e	1	139092	player	uade	Protracker	0	61352	7e6e6059	1920630f	Zi-phonium/G.O.U. (1998)/PHENOM.MOD
f005aba0d620c9d224c376527fe7d61e	1	139092	player	uade	Protracker	0	61352	7e6e6059	1920630f	Zi-phonium/MOD Lib/phenom.mod
f010b7e2cff1c66ee25075b4dd5d9635	1	239001	player	uade	Protracker compatible	0	233410	8cdab58e	57884a76	misc/HANATYAN/archive/modules/k_plaid.zip/K_PLAID.MOD
f0bfeb852461646407c2d5bb7936f3b5	0	268675	player+volume	libopenmpt	ModPlug Tracker 1.09 - 1.16	24	393369	180dc165	d0cc755f	hiro/2000/electballet.zip/electballet.it
f15e319a8b09340e465b11294ca33d2e	1	154826	player	uade	Protracker compatible	0	59284	2aa77ecc	868d5632	Zi-phonium/MOD Lib/1992/vapor.lzh/vapor.mod
f27400c3d058b985bad7696d12027fbd	1	382655	player	uade	Protracker	0	89306	a1f3bda1	5c1c2941	Zi-phonium/LrY}-Force- ­¯¿ (1999)/VISPER.MOD
f2da887d9bb2e1110f6fcc56f5536ecf	1	125905	player+silence	ft2play	FastTracker v2.00	12	320356	05b1a838	82efb557	moto/1996/begin.xm
f368fec702c8b98a2f1402da9c8a4770	0	250959	player+volume	libopenmpt	ModPlug Tracker 1.09 - 1.16	10	11834	ed9a4a12	3cc5ff2a	mori/1999-2002/chips+.zip/at10.it
f38d660a1772afa6eab6e286db7b4beb	1	171967	player+volume	ft2play	FastTracker v2.00	4	30319	b7709b8d	5ba31a1f	ken_ken/2001/!k_kaerx.zip/!k_kaera.xm
f44e02ddbaf4de8ff92510204f05a007	1	160927	player+silence	uade	Protracker compatible	0	39082	ad83d362	cbcd7ab1	CraftWorkJapan/TEN/1996/ten10.zip/ten10.mod
f4b735a3a1c32e4b3966acd113d544e9	0	180716	player+silence	libopenmpt	ModPlug Tracker 1.09 - 1.16	17	247349	888aa4a0	e06dbfe8	ka_tsu/2000/hangovre.zip/hangovre.it
f4e3b070264903104c0c788297ca5a26	1	155581	player	ft2play	FastTracker v2.00	22	621959	2b4695f7	572c6230	KEN1/2000/ken1_-_200_kmh_remix.xm
f63b162f8a95de03e340729491516855	0	227361	player+silence	libopenmpt	ModPlug Tracker 1.09 - 1.16	13	163502	aef8e31f	4a6208cc	mori/2001/beta.zip/beta.it
f68672d0647af08bd8e9475aab472ae7	1	646294	player+silence	uade	Protracker compatible	0	482334	165d36df	f73c82cb	compilation/2014/½ÜÉÍMODgbJ[ÅÈìë¤º (MODTracker Strike back)/nX/ICHTHYO.MOD
f68672d0647af08bd8e9475aab472ae7	1	646294	player+silence	uade	Protracker compatible	0	482334	165d36df	f73c82cb	Zi-phonium/G.O.U. (1998)/ICHTHYO.MOD
f78aaf9784df8208d180cdc9b44182fe	1	167365	player	uade	Protracker compatible	0	113652	3b3efe8e	6524c9be	misc/HANATYAN/archive/modules/lw_jupi.zip/LW_JUPIT.MOD
f829c6a1ebf2ecbcf9ac32398d338c2e	1	268660	player	uade	Protracker	0	212654	ebb5a0be	6dd28aea	misc/HANATYAN/archive/modules/m_time.lha/mod.time-slip-r3m!x
f9df84bcfbbddb6cc468cb5606de6534	1	182694	player+silence	ft2play	Fasttracker (M.K.)	4	121797	b3dee450	bed7745e	misc/HANATYAN/archive/modules/amu.zip/AMU.MOD
f9eefd57741ea1b0c6d7828ea82313da	1	260297	player+volume	st3play	Scream Tracker 3.2x (GUS)	8	312340	ef17360d	8b47a836	hide/1996/hide40.zip/HIDE40.S3M
fa09a68a397469012bf3791d9e03c16d	1	432021	player+silence	ft2play	FastTracker v2.00	32	500551	15077ace	baf83746	AIRHEAD/MOD TECH REMIX Weeeek/1998/reair_02_666.zip/reair_02 666.XM
fa2cfe4bd0836540ea0e6263738194de	0	299236	player+volume	libopenmpt	ModPlug Tracker 1.09 - 1.16	45	949632	a6d2efcf	2b65f2a9	ykk2/2003/life_was.it
fa5a1a335015101a8e87ba102610f6e8	0	277974	player+volume	libopenmpt	ModPlug Tracker 1.09 - 1.16	16	39123	fea4af9c	60bacc3b	mori/1999-2002/chips+.zip/kkuy.it
fa61662e8a46bc1dbed7f1a1aef1079b	0	330969	player+silence	libopenmpt	ModPlug Tracker 1.09 - 1.16	8	2454	73b18ad2	918b2c2e	inout (acidzingi)/2003/r.it
fa6a08ae394f183e150a9d9239a93366	1	195334	player+silence	uade	Protracker compatible	0	47254	37b5f37d	15a06ca7	Zi-phonium/G.O.U. (1998)/GURU1.MOD
fa93472186cc950b1e6055f3f0d79751	1	251247	player+silence	ft2play	MilkyTracker	16	2336387	75da1ab7	10cc1b66	gwm/82078-chicago.xm
fae946100db0898cb48fd720c35f50e5	1	157942	player	ft2play	FastTracker v2.00	16	770051	76c669d2	d182bd7b	BODY/1999/loop01.zip/loop01.xm
fb5b3c2ba31b7ffde175693549ca184f	0	126411	player+volume	libopenmpt	ModPlug Tracker 1.0 beta	8	358719	9291d8c0	dde65df4	BODY/1998/romance.zip/romance.xm
fc1f5fcd1bfcd52be7abfd74a2436a66	1	117679	player+volume	uade	Protracker	0	66382	7f7ea15b	e56045c8	Zi-phonium/MOD Lib/1997/autom2.lzh/autom2.mod
fc7cfbf7a266b555c9b2a409be3b6192	1	72377	player	ft2play	FastTracker v2.00	8	49262	37ff76e4	7eed34c5	compilation/2014/½ÜÉÍMODgbJ[ÅÈìë¤º (MODTracker Strike back)/Y.Sato/modoranai_toki.xm
fd71f7051fa01d8becf69c43d887e05d	0	353037	player+silence	libopenmpt	ModPlug Tracker 1.09 - 1.16	21	334541	115b996e	2e81c91d	taropeter/2000/taropeter_-_underground_army_remix.zip/UG_aav.it
fdee1e1ee2804789e8b1516ec3e1f156	1	368756	player+silence	st3play	Scream Tracker 3.2x (GUS)	16	360798	53596349	d6648ac6	hide/1995/hide24.zip/hide24.s3m
fdee1e1ee2804789e8b1516ec3e1f156	1	368756	player+silence	st3play	Scream Tracker 3.2x (GUS)	16	360798	53596349	d6648ac6	hide/1995/hornet version/hide24.zip/hide24.s3m
fe46f080f20db50570bb73846bf2adfc	0	361321	player+volume	libopenmpt	ModPlug Tracker 1.0 alpha	19	1518470	1d6d23bc	fb1ad6fa	AIRHEAD/with MaTCHION/1998/brown.ZIP/brown.xm
fef8373f588425c52feb04b55764f3df	1	117872	player	uade	Protracker compatible	0	197436	3ff167c5	e103bcd0	misc/HANATYAN/archive/modules/hnz-bear.zip/BEAR.MOD
fef8373f588425c52feb04b55764f3df	2	26845	player
