0039cc87123d3c749c9fc10e7de4e50b	1	127719	player	uade	Protracker compatible	0	198924	9b9fbf5b	7321f59f	music/brakedabeat.lha/mod.BrakeDaBeat
004e67868f75b60046f88927c32a8b61	1	188283	player	uade	Tracker Packer 2 - 3	0	33352	aef3e630	90622bdc	productions/jrm-ul34.lha/Eltie
00b297aa7d13b34e29e7a7566a8e6427	1	199616	player	uade	Protracker	0	121324	f5715dac	40aa744b	music/artihous.lha/mod.artificial house
00c6bcff6f3d10db9ef07f2f907f7013	1	238197	player	uade	Protracker	0	415612	0270d6f5	cd20b864	music/spaceloopraatoremix.lha/mod.space loop - raato remix
0145b6ea5503fc830d719d6109a9e19a	1	134456	player+silence	uade	Protracker	0	289232	376892ce	eb30f13c	music/tapapom.lha/mod.tapani pommittaa
02577cd911046cd64719690c6b5c382a	1	143031	player	uade	Tracker Packer 2 - 3	0	78312	c7745582	206bf924	productions/jrm-ul31.lha/boah
044798fb8bb64b6010ca2152f2059584	1	281280	player+silence	uade	Protracker	0	371600	d7d0ce48	8dab620b	music/nxtptspc.lha/mod.Next Point To Space
044af943b95ece27d32fad65c803fd89	1	171044	player+silence	uade	Tracker Packer 2 - 3	0	265172	f2b05ea5	085014cc	productions/JRm-Leu3.LhA/kaos-asal.TP3
059f6f2eb88adb643f508d7221af62c5	1	236199	player+silence	uade	Protracker	0	196532	befd90d6	8d2848b1	music/marmeladi.lha/mod.marmeladi
05d878c55aa6b8317bfc8595256bbd8e	1	243156	player+silence	uade	Protracker	0	190698	13adde51	33b48c9c	music/howsexp.lha/mod.how'sex-perience
06c4cac3e0c60fbbfbbcc9aaab25b91a	1	337157	player+silence	uade	Protracker	0	366694	8ec05c9c	2b1141ea	music/blankverse.lha/mod.blank verse
085d90df02143527c909eba2b6194497	1	343508	player+silence	uade	Protracker	0	225936	78c9346b	6d4fb051	music/bassemul.lha/Bass Emulsion.mod
08d4e76cc2b276314babb35b0ccc7c11	1	217587	player+silence	uade	Tracker Packer 2 - 3	0	223780	eacd0b28	772c0085	productions/jrm-ul32.lha/creeping voyage
0a804e684c201b723a95aadace5c4f2c	1	185731	player	uade	Protracker	0	306170	c1e69524	f39351ad	music/arbitrag.lha/mod.Arbitrage
0cf70095e61e2f0c8ec19c5e98bdcbfe	1	173767	player+volume	uade	Protracker	0	186910	64c406ce	c7740552	music/raatointro.lha/mod.raatointro
0ddadbe3bcbb59cadd2a3084db31ba00	1	38520	player	uade	Protracker	0	246826	453f6760	d687f07a	music/pcpc.lha/mod.pcpc
0dea160d0728bddb84ff232a65d53d63	1	128141	player	uade	Tracker Packer 2 - 3	0	209618	4d4726fe	7c0b3f0b	productions/JRm-Leu3.LhA/make me work....TP3
0e0082b2dd64da1520beb1c2e10e27d1	1	297572	player+volume	uade	Protracker	0	319990	81651d3b	1333767f	music/ethnicam.lha/mod.ethnic ambient
0ec88ceb6d424b2042eb597d43b0236e	1	312028	player+silence	uade	Protracker	0	181440	21c8ad1a	0ab0ce3e	music/dailylea.lha/mod.Daily Leaf
10fdf8b5cccffd9d6cca89d69c446e8a	1	206327	player	uade	Protracker	0	325836	c93b8668	bda36e1f	music/willcomefromdaskies.lha/mod.willcomefromdaskies
129222c256320381a9c3b00c414caf18	1	150807	player	uade	Tracker Packer 2 - 3	0	118530	a1b86a50	d4a7dd0a	productions/jrm-ul32.lha/Beat This
13541f2a9994f2a4f3fb5fe165f4f4dc	1	218284	player	uade	Protracker	0	171278	801f34a6	4a851df6	music/mind34me.lha/mod.mind34me
136f65ade3f7e7e9ebd14e57a8877f65	1	211472	player	uade	Protracker	0	88084	2702463d	95ad05fc	music/sukkfukk.lha/mod.sukkfukk
13dadaeacf0779d468a57e61043ba0ad	1	217178	player	uade	Tracker Packer 2 - 3	0	126374	7f852ef9	d0a171e9	productions/JRm-Leu2.LhA/DarkWorkStation.TP3
14a280f52077b1f5690684e98e5a2d3f	1	228491	player	uade	Protracker	0	117064	e1a79b4d	19a54f15	music/nscape.lha/mod.nightmarescape
14c0ad0a3df95ecc4a0b61a30a982920	1	214140	player+silence	uade	Protracker	0	301730	861d276c	95b6f25e	music/pd.lha/mod.prophetdance
16151035c46fc9e7d59511ce3b7609df	1	200671	player+silence	uade	Protracker	0	270528	01a4e485	425957d4	music/lockedout.lha/mod.locked out
17b3e63a9ee5998f8e763a578301ef19	1	273139	player+volume	uade	Protracker	0	139688	132af3f5	24ab3980	music/kurkkukipu.lha/mod.kurkkukipu
1845da23c0248e9d83eb01550544f99f	1	207111	player	uade	Protracker	0	138402	b3100be6	d043c5e3	music/crash.lha/mod.crash boom bang
184c316880498626eba9267ba69fd935	1	312231	player+volume	uade	Protracker	0	369914	d6ba044b	a7fff3a7	music/ways.lha/mod.ways
18ed5cb4b92a6ae54405183e3921b9d3	1	296380	player+silence	uade	Protracker	0	91620	6ed36606	0b6ee34d	music/tekkno.lha/mod.tekkno
192530e503b95fcccfb8fcc167a27d8d	1	218324	player	uade	Protracker	0	204684	f7787d4b	8b7e668c	music/darkmess.lha/mod.the_dark_mess
1a69ed65683ea988301ef3d429b8c216	1	263234	player	uade	Protracker	0	131906	b93013a6	e90a9d89	music/number_d.lha/mod.number_d
1b0dcb5018bd58f9d226d534b84238b0	1	184123	player	uade	Protracker	0	368946	4ca70cae	081f7947	music/raunio.lha/mod.raunio
1b4ae8e49553cd0c655bbd79137f6457	1	508844	player+silence	uade	Protracker	0	218264	c2f2cdfb	6035b583	music/grooveheadristorturemix.lha/mod.groovehead ristortur
1baa2fa5113775187857c65a77ee46da	1	173413	player	uade	Tracker Packer 2 - 3	0	245732	e54f9593	a28030be	productions/jrm-ul33.lha/pässi
1be3cf9e00fc9648d7acd88bdc5422c5	1	178035	player	uade	Protracker	0	124224	e294e3dd	9782990e	music/dodadoo.lha/mod.do-da-doo-remix
1c58f6dddc12709ca2cd24a86d49a059	1	192121	player	uade	Protracker	0	321658	875d86d9	5ad6e1d5	music/brainsur.lha/mod.Brain Surgery
1d70a8cba556a0be4c5dfeabdc6dc113	1	325489	player+silence	uade	Protracker	0	189132	98599b87	43ad2eb5	music/coo.lha/mod.coo v jormas
1e2296b5a260fa430c47b7269c9a555b	1	79068	player+silence	uade	Protracker	0	391562	8a1209d2	964845cb	music/kulp.lha/mod.kulp
1e747042e18557a7d0a8e191e78e3580	1	193286	player	uade	Tracker Packer 2 - 3	0	200410	39fb7f8d	c36fb5a0	productions/JRm-Leu3.LhA/mr.bob.TP3
1f1ae653f3a18582cfc72e03c9765068	1	275032	player+volume	uade	Protracker	0	198258	979278c4	60e56069	music/onsiinak.lha/mod.onsiinakomppikin
2081951c4aa78a7c247fc1cd72ab6eb7	1	259010	player+silence	uade	Protracker	0	304782	25947888	889a9f63	music/paste.lha/mod.pasteurised
219b0b3c8fd64a87a7532431530b50d1	1	192161	player	uade	Protracker	0	103984	6e24eca1	bb646cff	music/horrooor.lha/mod.horrooorr
21de6d9a739bf70d41a3add95f24759b	1	140820	player	uade	Protracker	0	1100302	9fadd30f	e7f42db1	music/mxdflngs.lha/MOD.Mixed_Feelings
220709ba78ec5d5bb5180ede4d84cfeb	1	161318	player+volume	uade	Protracker	0	252576	50b7d6ae	f1905076	music/escalati.lha/mod.escalatingfantasy
226d9b01cd1c494a5c91232084bc272d	1	193350	player+volume	uade	Protracker compatible	0	115516	b03d3926	26d4fe43	music/life.lha/mod.life
22b1142cb215cf94070109f8eab98269	1	314789	player+silence	uade	Protracker	0	197786	a0427d34	483c6879	music/mindmapp.lha/mod.mindmapper
23deca81d57d15cd5f3fd27fcbb1a911	1	188283	player	uade	Protracker	0	57292	b9f8a109	511f3330	music/eltie.lha/mod.eltie
253418471eb40580e51f268572137210	1	162924	player	uade	Protracker	0	271404	acb887ea	a8a97d85	music/arsch.lha/mod.arsch,deine kickel
2656c4aee88d3faa01be7e8dd40b7371	1	228893	player	uade	Protracker	0	72582	6c28dd38	2c81a6e6	music/tiluli.lha/mod.tiluli
26f49d8388fb78e6cf7cfddb226a6a16	1	264318	player+silence	uade	Protracker	0	197674	3b15288c	b4c31669	music/alijauhetun.lha/mod.alijauhetun
27067132c2680d83d7a1b78a6f5510f0	1	161330	player+volume	uade	Tracker Packer 2 - 3	0	231148	6dd97119	ba267c1f	productions/jrm-ul35.lha/escalatingfantasy
277738d6a89c817aa6615075b9da36c6	1	181009	player	uade	Protracker	0	181956	0b138231	8bf04a4e	music/nutting.lha/mod.nutting blaablaa
27d9eb928fe3c2fe7570063d568d5c26	1	212697	player	uade	Protracker	0	370344	b0e8b557	bd482365	music/dajormas10years.lha/mod.dA JoRMaS 10 Years
27fba9854bfbaa02a115ba6a9adf8ea7	1	263757	player	uade	Protracker	0	214878	00db5f05	6fae8466	music/lightforce.lha/mod.lightforce
2a235b0be15f5cb1be1e3b212c675d3d	1	200118	player	uade	Protracker	0	339614	efc00cad	7f120b75	music/prophylaxis.lha/mod.prophylaxis
2e011a9ac42884894c064193b949fcc5	1	96512	player	uade	Protracker	0	100006	4604ee80	8e78b073	music/contr-94.lha/mod.controller-94
302566808424c49c9afaa31de9d757d2	1	270709	player	uade	Protracker	0	103652	c2ebd7d7	4696963f	music/rapora.lha/mod.rapora
324f39ca1f57e3e7184840fbee5d9fe7	1	243803	player	uade	Protracker	0	138452	8292debb	402dfbcc	music/detroitexperiments.lha/mod.detroit experiments
325397e03bd2db5fcad2b1783d0fd645	1	177352	player	uade	Protracker	0	244212	1da648c2	11127db3	music/charly.lha/mod.charly
33510767ce3d201c05ea22c2cfab6ff7	1	218953	player+volume	uade	Protracker	0	350034	cdf9ba45	2ff5a58b	music/6mwtdfmx.lha/mod.6 million ways to die
3502064da1c36d05a892db597c122885	1	178678	player	uade	Protracker compatible	0	72528	cbfffc18	eb0a3df7	music/moveyour.lha/mod.move your body-stop
353b1045c280fc07fc1477ce600f81f1	1	245035	player+silence	uade	Protracker	0	220608	be906c8c	5c3c3b34	music/lumene.lha/mod.lumene
35a52879eca038d875bb740ef60c41bc	1	152153	player	uade	Protracker compatible	0	267744	ded940ef	b83f5e7a	music/hanschrs.lha/mod.hans christian
3617a190cfeef489cd082a0b7f5b8a86	1	284293	player	uade	Protracker	0	278604	33d15835	ddce7174	music/duracell.lha/mod.duracell
38f7c305cdf67b19e2b11182e6cb0d06	1	177492	player	uade	Tracker Packer 2 - 3	0	154656	90fb0704	029d6d24	productions/jrm-ul31.lha/i'm in my dreams
3959022716e35607c0e48dec2e779945	1	193849	player	uade	Protracker	0	154150	0c994bf0	5a85c4e6	music/jormasxtended.lha/mod.j.o.r.m.a.s xtended
3a636715334961df6ac9bec59bd18ee8	1	185284	player+silence	uade	Protracker compatible	0	233786	e60be7a7	13cf2f4e	music/outofspc.lha/mod.out of space
3d620751da32c0b9064e5cbfc5cfccef	1	192884	player	uade	Tracker Packer 2 - 3	0	207970	e5201274	f920d6ae	productions/jrm-ul34.lha/KillPiano
401768beaae50128be0b25183c617c70	1	328521	player	uade	Protracker	0	225450	fdb777bf	0c78c799	music/dagruuvhead.lha/mod.da gruuvhead
40e446a442497af0314e6a4420cc2dd8	1	230110	player+silence	uade	Protracker	0	350074	85258ce7	66883b5d	music/phunk112.lha/mod.phunk_112
429f87ad95e6cee0c3d4484982ebe337	1	84395	player	uade	Tracker Packer 2 - 3	0	220906	761172df	a111fd78	productions/jrm-ul33.lha/joulun kellot
42bce349e39b9a61322aee8885dab860	1	223271	player+volume	uade	Tracker Packer 2 - 3	0	164386	dcba8a12	20f32b8e	productions/jrm-ul31.lha/batman is alive
438aaa13d358d67853e2841e2468cb0f	1	214747	player	uade	Protracker	0	311210	5a996ae3	24f1189d	music/pipopuussa.lha/mod.Pipo Puussa
44d58d0a6518da28192c689cb17594b8	1	164089	player	uade	Protracker	0	91400	7dc17343	1f7dbd07	music/kolmlumi.lha/mod.kolmilumikulmiosade
4665b8be7c0ba7c925d4950e2516edda	1	204137	player	uade	Protracker	0	450342	9ce5674c	a921c34d	music/kompleksi.lha/mod.Kompleksi
466a8bc5a6880d24b152b3175b3870f4	1	100833	player	uade	Protracker	0	220212	6a440d77	4b10534b	music/pahaolo.lha/mod.paha olo
475a7647c97b92e7c3864326bfd70012	1	131676	player+silence	uade	Protracker	0	100310	e5d500a7	83b40a74	music/nosoulgu.lha/mod.100%nosoulgaranteed
478a7cc45a68c13c2fd028d2d6682fa4	1	199435	player	uade	Protracker	0	260602	dd6a841a	65733b1d	music/withnpou.lha/mod.with no pout
48a3bb2da8cb7a0f163c417fbaf78039	1	335594	player	uade	Tracker Packer 2 - 3	0	134298	970f1a6c	28eaaa37	productions/jrm-ul35.lha/ashoro
49d5ad285aadf003167fb323b0cb8ea7	1	265565	player	uade	Protracker compatible	0	231280	359bf6b6	b10bdf91	music/music4themainstreampeople.lha/mod.Music4TheMainstreamPeople
4a198db6f355a9b6d92d5bc8f937b60c	1	138369	player	uade	Protracker compatible	0	192942	72f6f621	a2432152	music/kaunistu.lha/mod.kaunistune
4d638ca65e754c82b2ed4e12e409cb75	1	312235	player+silence	uade	Protracker	0	246328	852718c5	4544884d	music/panikk.lha/mod.panikk
4ec44a83c81073867ab0396f51965125	1	198933	player	uade	Protracker	0	268224	e2daf986	46746190	music/murder.lha/mod.murder
4f3757568de86277746f319069dc7ac3	1	197466	player	uade	Protracker	0	241354	1873ed23	9ed37cfb	music/viljami.lha/mod.viljami
51a4f2a7141448630402496407e8d38c	1	289213	player+silence	uade	Protracker	0	98188	eb64131f	12784b4f	music/thaflush.lha/mod.tha flush
51b0b1483aa380d1a1f4d5e4d051e1d2	1	136741	player	uade	Tracker Packer 2 - 3	0	260054	9f10747c	062a80f1	productions/jrm-ul35.lha/night fever
5280e0899ad42de65762653135990510	1	213560	player+silence	uade	Protracker	0	156096	ff86efb0	4ed28ed2	music/nightshf.lha/mod.nightshft
52bc29c50ad8c909051d9fcb45d06a04	1	254047	player+silence	uade	Protracker	0	131530	350c5b83	463d2390	music/tangent.lha/mod.tangent 6.853
52bf5e9454aaa60a6a05e492df8c527e	1	233515	player	uade	Protracker	0	193074	3a4c1976	984387f9	music/winner.lha/mod.winner
52c75bc6a1556e974ec0d0e12db97600	1	61166	player	uade	Protracker	0	76062	8d0b318b	c6eae416	music/hangon.lha/mod.hang-on
52c75bc6a1556e974ec0d0e12db97600	1	61166	player	uade	Protracker	0	76062	8d0b318b	c6eae416	productions/JRm-bS75.LhA/Source/Songs/mod.hang-on
56471d3cb5e12813b573d1aa7c7fc67d	1	235404	player	uade	Protracker	0	205546	bd3f33f9	1124a8b4	music/morelife.lha/mod.more life
565c9e3844816d47d87db96ac8931435	1	109232	player	uade	Protracker	0	98844	6530b273	b046ef61	music/gabbahl.lha/mod.gabbahl
5669d7d2d89e41775600acefbf4e8020	1	98562	player	uade	Protracker	0	156660	dadd9058	067860fe	music/dreamdel.lha/mod.dream de la jorma
57ac531ce451cadec9232b5595674867	1	275003	player+silence	uade	Protracker	0	336218	5d9f0621	300121e1	music/tekkno132.lha/mod.tekkno_132
58881836de3e16b467608761d09d71cd	1	384122	player	uade	Protracker	0	264890	27edc148	b27a723d	music/kysymys.lha/mod.kysymys
588e7d79b9ced4fd8ff28e7b515445f6	1	223347	player+silence	uade	Protracker compatible	0	192994	9e02c55e	b9ccf646	music/batmanis.lha/mod.batman is alive
58df445490ad33b382984d834caefc1b	1	387916	player+volume	uade	Protracker	0	157538	26edfcac	4de3a280	music/elektrik.lha/mod.elektrik
5928706b79a5aeeb1dc54bec11b756cb	1	148335	player	uade	Protracker compatible	0	305478	828ce391	4c88919f	music/trippin.lha/mod.trippin'
5b4bf3125e53df0d05089f0d4116a72b	1	238197	player	uade	Protracker	0	582156	6c317aac	3b0357d9	music/cntrcptn.lha/mod.Contraception
5c04a4c0cc708268c2b0f5ba25f53788	1	217004	player+silence	uade	Protracker	0	161748	0e1500de	db00d68a	music/nitromix.lha/mod.nitromix
5cfa6fd2fef556bd5a219e8dd962a776	1	145053	player+silence	uade	Protracker	0	128916	c55778c7	6d2c786c	music/ballfish.lha/mod.ballfish
5f41ea473c885041960e2299cb6739b6	1	204038	player+silence	uade	Protracker	0	234256	00b77074	34e34d56	music/dagruuvheadpammix.lha/mod.da gruuvhead - pam
5ff4bb281c5bf10b7da67aca83ee0ea4	1	332178	player	uade	Protracker	0	291276	f361cf8d	ee857593	music/myrsky.lha/mod.myrsky
6572bd985dfaf6a3738236368dd1b2b3	1	200781	player	uade	Tracker Packer 2 - 3	0	116390	85306ff7	8c5d406f	productions/jrm-ul31.lha/hapuupi
65cccbbca19e793e12c82af148248675	1	334991	player	uade	Protracker	0	192668	ba6fcbc4	5f124ea3	music/candymon.lha/mod.candy mon-mon
665a535f2e0c2b184bb88f9fa0300e72	1	215149	player	uade	Protracker	0	139866	a50397da	264d6583	music/sutju.lha/mod.sutju
665d66479cf9811df6e6139a86a10a20	1	193548	player	uade	Protracker compatible	0	222698	7feea021	34fb723b	music/mrbob.lha/mod.mr.bob
66631b9640ecb290c8873d180a32ca73	1	249349	player	uade	Protracker	0	126478	dd7fc8ea	67ad3e84	music/nitro.lha/mod.nitro
672f1bdeff18c203974f6b7bd99e1da5	1	122775	player	uade	Protracker	0	226070	3443e794	b0a4fb0c	music/bigonymetria.lha/mod.bigonymetria
68f3dd4327a7c034d846bd480560fdf3	1	413982	player	uade	Protracker	0	203298	10dcccfa	15ac76ab	music/mindofalunatic.lha/mod.mind of a lunatic
6952cc84811b86cd583a798f38b6f183	1	153279	player	uade	Protracker	0	123738	69ad8b7e	ccab9b64	music/genocide.lha/mod.genocide
6ab05cf0325436534281af89e636445a	1	284037	player+silence	uade	Protracker	0	338140	03b6ee7b	4ee878f9	music/flabber.lha/mod.flabbergaster
6ef4d3b5493eb3e4b0a02f44af7e6160	1	180664	player+silence	uade	Protracker	0	238040	b102e676	ebe05c03	music/acidick.lha/mod.acidick
723eda02fe85d776097291031236338c	1	183621	player	uade	Protracker	0	100444	2c58ebcf	8b38ffc1	music/mbimbo.lha/mod.Motherfucking bimbo
73b3d0dfe5c3bd510b6ccbfdc299b29e	1	235157	player+silence	uade	Tracker Packer 2 - 3	0	121910	7032e91d	dced549e	productions/jrm-ul32.lha/fakemare ii
765b1cee27650b3fe472833acbd16809	1	237890	player+volume	uade	Protracker compatible	0	329670	2d90de4d	8da8df6e	music/sfpsn.lha/mod.stopfakpitshitnigga
79751d0127ef5a7817ad8d5abe891805	1	309560	player+volume	uade	Protracker	0	549792	62bdbe50	738e4825	music/belowtheyellow.lha/mod.below the yellow
79abd55ec673b6fd015d0b8a9f87a100	1	190192	player	uade	Protracker	0	453252	6baa3c1d	8c32d864	music/merrymaker.lha/mod.merrymaker
79ac287e1714320947022f9479e0c419	1	226703	player	uade	Protracker	0	119776	ffdc4d9c	89d95d4b	music/darkurea.lha/mod.dark_urea
7a010a4c2c233d59bc31343016f84a75	1	98009	player+silence	uade	Protracker compatible	0	176842	29510d3f	06274130	music/saint.lha/mod.mela-di
7aa379f52866a4d0b07a23fc9b569cab	1	135415	player	uade	Protracker	0	161092	9e90aeda	0b4c104a	music/goodday.lha/mod.good_day!
7c73244f44d589fc3e6ae706de4226cb	1	228130	player	uade	Protracker	0	600046	d3a101e6	323ff8f5	music/confession.lha/mod.confession
7c798e12f93b4e1003bc47560a467172	1	149943	player	uade	Protracker	0	120428	c7be5f2d	32ac6420	music/darling.lha/mod.darling
7e05ca2a24ad7f3c703545dbaad4d954	1	280649	player+silence	uade	Protracker	0	343040	a1b46569	0af59923	music/brachoir.lha/mod.BrainChoir
7f40a4c6890a47414e356cd00872f92f	1	243062	player+silence	uade	Protracker	0	325918	19f29db4	4a9c4da4	music/luminenssi.lha/mod.luminenssi
7fd0d262b906da1618f51eeb95c64261	1	200557	player+silence	uade	Protracker	0	281956	9a1db375	d0a5edcf	music/odnaliab.lha/mod.odnaliab
80488fd029071bbcd279dd07484cb836	1	163004	player	uade	Protracker	0	290672	7b2e61dc	ed513427	music/danishl1.lha/mod.danish lesson 1
810d3b6246b0415d6f32cf524a04f4b3	1	177450	player+silence	uade	Protracker	0	341486	f99a8dbb	169da2e9	music/triptoahratuup.lha/mod.trip to ahtaruup
8118f5b20bba0e46a4ff2564d88588d3	1	143191	player	uade	Tracker Packer 2 - 3	0	45850	15431a8c	6869ea54	productions/jrm-ul35.lha/kukkanen kedolla
817edd1b2464350b9f0ec4564af5a921	1	185585	player+silence	uade	Protracker	0	342960	9caae9e9	f932bf50	music/eemeli.lha/mod.eemeli
81ce1f3d97f3a8cdee40a4b4bb30e207	1	226805	player+volume	uade	Protracker	0	236746	1b6a2a2c	33bc2fd2	music/somemorenoise.lha/mod.some more noise
81d38e5ba9041e9c6fa983e1637a3142	1	349628	player+silence	uade	Protracker	0	322098	0b5e4614	7954205e	music/gettinwet.lha/mod.gettin' wet
81eb70aa15f9605d804eab58662c65ca	1	143412	player	uade	Protracker	0	197292	000d7519	7aeacc9c	music/compo.lha/mod.compo?
8300bd24427d93b090e6e956d32b62e0	1	150807	player	uade	Protracker	0	158686	8dfe0bc4	56e79098	music/beatthis.lha/mod.beat this
8397493afc1699f7190dc3ed36c1ee8c	1	223272	player+silence	uade	Protracker	0	197754	07cec80b	b5c9cbe8	music/traktor.lha/mod.traktor
84d91b13b83fe9447131dfc0e8e7f463	1	314599	player+silence	uade	Protracker	0	364414	e9f3cbb9	dff54279	music/majorrelease.lha/mod.major release
85cee860fdf624ab8ccae1de2d1b861b	1	220293	player	uade	Protracker	0	182660	dfadf31e	11c9b68b	music/a-cider.lha/mod.a-cider
8685927c2d86ca2763e3e549fdcf8ca8	1	298801	player	uade	Protracker compatible	0	252246	d8578bae	6605d518	music/declofri.lha/mod.declarat. of rights
87450a2b856a879e646b16bfcd2b1d9e	1	316592	player+silence	uade	Protracker	0	225768	634cfac9	1c2a01dd	music/13years.lha/mod.13 years
87b7fae450e0296c6aecf0228a760da8	1	192884	player	uade	Protracker	0	249954	a7b1e055	707f0f1f	music/piano.lha/mod.killdapienovirtuosez
88655781e6654ed94436dd85b30d52a0	1	343354	player+silence	uade	Protracker	0	133694	39111326	be6fb3c4	music/dabitch.lha/mod.dab itch
88f86832e2b31958c394678d85287182	1	401624	player	uade	Protracker	0	126920	da5fb1bb	653156c1	music/myhabits.lha/mod.my_habits
891356e22823f13d211c79e7c3833c57	1	269402	player+silence	uade	Protracker	0	252248	cd563260	9a995e5e	music/hokusphocus.lha/mod.hokusphocus
896e9c7181fac8d1250777f33371b8a4	1	325489	player+silence	uade	Tracker Packer 2 - 3	0	151374	9e68dec5	c329fe0e	productions/jrm-ul31.lha/coo
8977eef5f3ba9727a515932c3d9dda12	1	298801	player	uade	Tracker Packer 2 - 3	0	221896	dd3279a9	10ab314a	productions/JRm-Leu2.LhA/declarat. of rights.TP3
897cc36e490886383ac9e1c4dc0a8ed2	1	303941	player+silence	uade	Protracker	0	101212	5d21a572	f165d5c8	music/re-erazor.lha/mod.re-erazor
899e69f0a38b4f1d0218f4a87d184a14	1	481840	player	uade	Protracker	0	110270	aebc2fe1	2715d9ec	music/nobringingdown.lha/mod.no bringing down
89a058de6b63ace0078998c251f5ceb0	1	311852	player+silence	uade	Protracker	0	266798	174442aa	d0447b23	music/plankton.lha/mod.plankton
8aae378e209075d677499caf6deeef43	1	145211	player+silence	uade	Protracker	0	127282	07f64849	d06572fd	music/meteli.lha/mod.meteli
8ba07ab1131f5bf151ee5314dac4f6f6	1	194050	player	uade	Protracker	0	152964	956004b4	e52807e8	music/ancientik.lha/mod.an_cientik
8d730abc2c981100cb56d5729065abd1	1	216217	player+silence	uade	Protracker	0	293208	3d42962d	54453c24	music/fartcore.lha/mod.fartcore
8da26f627c4ca07c01390db7629814c7	1	143191	player	uade	Protracker	0	65174	6dad5bfe	b503ec28	music/kukkanen.lha/mod.kukkanen kedolla
8df059cf6081d690110801efc1b23377	1	494197	player+silence	uade	Protracker	0	355500	2c8e448e	20eb6ad3	music/hitotsumeno.lha/mod.hitotsu me no...
8ef9bafe0cf1ec8ce935a328ed595602	1	165401	player+silence	uade	Protracker	0	334740	46e5001b	9253bff6	music/lindalinda.lha/mod.linda linda
8f08e1951a1f1edb1f27012342620760	1	144799	player	uade	Tracker Packer 2 - 3	0	247738	f932707d	02f82fa3	productions/jrm-ul33.lha/HC-Anna
8f690d85a2f2b484120f5fd8c83078fb	1	534527	player	uade	Tracker Packer 2 - 3	0	256348	b0d6020e	783301ed	productions/jrm-ul32.lha/fuck you
904efb7fdd85583bd12cae83e947890a	1	341461	player	uade	Protracker	0	72334	40177477	e8e4e538	music/dentalflushnaksmix.lha/mod.dental flush naks mix
91268900c0d70d89162855ded4129724	1	138369	player	uade	Protracker	0	174802	c9beb60d	7c5e5b6e	music/1-2-ikko.lha/mod.1-2-ikko
91c2d3f06b33416313f8177bdded8885	1	163004	player	uade	Tracker Packer 2 - 3	0	269658	579e721f	16bea626	productions/JRm-Leu2.LhA/danish lesson 1.TP3
922f65b0ec7d16856e52fc976af3099f	1	267492	player+silence	uade	Protracker	0	275506	33f5b68e	7a63ce64	music/violetglobe.lha/mod.violet globe
95151b618905973443e82a143b49d100	1	335594	player	uade	Protracker	0	189848	24b79a47	95a71e16	music/ashoro.lha/mod.ashoro
9539aeef80093f8f38fc7ad93611fa93	1	256712	player+silence	uade	Protracker	0	162038	52efe22c	fce93568	music/cudfinal.lha/mod.cud jolkoti remix
957da6a82c3feec6a8afe12ded1c3d7e	1	128141	player	uade	Protracker	0	223330	75162de0	e7f33ed4	music/makemewo.lha/mod.make me work...
958061e41c9616353bda44a367de2d8d	1	163346	player	uade	Tracker Packer 2 - 3	0	69076	de0fca4c	f028974e	productions/JRm-Leu1.LhA/nenoveh.TP3
96533aff0d56e1ddacd0454e4e5646f1	1	271513	player	uade	Protracker	0	258646	353b9aa1	3c634a64	music/poop.lha/mod.poop
9744ad14aa1482c2eb244e5c2d3e6e19	1	401958	player+silence	uade	Protracker	0	212656	31eda8c8	1dc307d0	music/dagruuvheadkaktuksmix.lha/mod.kaktuks
9786bcbff421c117871d23ece23abbbe	1	242055	player	uade	Protracker	0	245194	7794af1c	c38e9a1a	music/music4dajilters.lha/mod.music 4 da jilters
98eeb77bc0c980fbc53a0fb29ce6e5a0	1	113633	player	uade	Protracker	0	308834	0cecfe8c	23c4286a	music/pahayolu.lha/mod.Pahaa Joulua.
99bc0b8bdca4fa696172057f3225c0d6	1	201503	player+silence	uade	Protracker	0	238106	289ddde7	ab84b374	music/thewatch.lha/mod.the watch
9a636c1bce88c5f2d6129d4c256c93c1	1	177348	player+silence	uade	Protracker	0	289100	9758b97f	270e79a7	music/anotlove.lha/mod.another love
9b841cab2ba54ccc406f09cac6445ee1	1	497775	player	uade	Protracker	0	818614	2e5c3372	ecd7f64e	music/brainrul.lha/mod.brain that rules
9c25a5393471e5628f8fa8be2f12b0fc	1	160873	player+volume	uade	Protracker	0	170506	e11ad48f	d4bb8c75	music/noalkual.lha/mod.no alkupala allowed
9d3bdcdf94a4c736c68fde3b88d894c3	1	157639	player	uade	Protracker	0	336060	84abeea2	4d301c11	music/jormationsuperkova.lha/mod.jormation superkova
9e6cf516e4eb68a64c8994e37708d19b	1	177348	player+silence	uade	Tracker Packer 2 - 3	0	276076	68cdf04a	f2178019	productions/jrm-ul34.lha/AnotherLove
9ea8ba018f2f88d41e03ed4c74a52f77	1	241713	player	uade	Protracker	0	198834	1520cacd	53288bb3	music/hakkilwikkee.lha/mod.hakkilwikkee
9eabd286bfee122b9908b0ac41917a3d	1	198993	player	uade	Protracker	0	137438	bd776b2d	6410a806	music/ahdistus.lha/mod.ahdistus
9f196328a4ee3d0aa3ba69e4416752fc	1	229235	player	uade	Protracker	0	165026	1cac3545	7fc6fac2	music/fckgvibr.lha/mod.fucking-vibrations
9f9c4ee4d9f4a26f9481d19c31811c5a	1	237052	player	uade	Protracker	0	203610	ed3fe99c	d46ca781	music/sb.lha/mod.schnellbitte!
9fd3ab59199401760fac3e5ac8832904	1	160070	player	uade	Protracker	0	140550	4c02bbc7	5adc1cd1	music/faeis.lha/mod.faeis
9fe1c9da89e3531c659368d90a000af3	1	152957	player	uade	Tracker Packer 2 - 3	0	127570	547ed82a	499a0faf	productions/jrm-ul34.lha/RelativeCosmos
a0c5a17ae0f223a91e0c0770e7c771a2	1	183621	player	uade	Tracker Packer 2 - 3	0	81978	d5965aa2	a38577b3	productions/JRm-Leu1.LhA/Motherfucking Bimbo.TP3
a1c58843d3e79650c48cdbcd63530a37	1	357657	player	uade	Protracker	0	191306	109554e3	f0892568	music/tribl-01.lha/mod.tribl-01
a2c66d70b9b043ab6128ef0c7eeb79cc	1	171044	player+silence	uade	Protracker	0	283204	8baac84c	692a2af8	music/kaosasal.lha/mod.kaos-asal
a30f2aded3fe2ee2cea4545334ef6831	1	334991	player	uade	Tracker Packer 2 - 3	0	144180	4e534377	635e0780	productions/jrm-ul34.lha/CandyMonMon
a3129ad1add0d902a448211e5efc95ee	1	197044	player	uade	Tracker Packer 2 - 3	0	128202	f6843491	d2ad0e8b	productions/JRm-Leu1.LhA/elitet rulee.TP3
a40714d38e0d2793f5008a4c0e003748	1	172067	player	uade	Protracker	0	210388	48a15e1e	082bba7f	music/accumulation.lha/mod.accumulation
a6ff9675e274a48177f1517972fa553d	1	252248	player+silence	uade	Protracker	0	314552	617d27ce	ab3b9c34	music/pet-droid.lha/mod.pet-droid
a7017482c20bd3e62a885a5e025cb60b	1	284646	player+silence	uade	Protracker	0	211638	7203d245	0bb20fba	music/oregmaku.lha/mod.Oreganon Maku
a778de5caeb7d7edafc9b436f8443360	1	140137	player	uade	Protracker	0	193372	83b96663	495f69d7	music/nlpx.lha/mod.niggaloop xtended
a7bf9935e1666a935cefe4846440ecab	1	258593	player	uade	Protracker	0	302750	7d7158f9	af89a325	music/junomonk.lha/mod.juno monk
a8b80802c42eda9ea0bcc5229e6f5fee	1	145743	player	uade	Protracker	0	612422	6cde6c99	956c6db9	music/poupouba.lha/mod.pou pou baby
a97bb6b710ff56cc22e231107965449d	1	186673	player+volume	uade	Protracker compatible	0	202338	05786707	bc83b6d3	music/rethink.lha/mod.rethink
a9d08b8243d30f43779adbb84f881088	1	194291	player	uade	Protracker compatible	0	190980	7fe6f58c	d964cf4b	music/noimpres.lha/mod.no impression
aae68a71a05e0fcd20b1823f60c63abe	1	197928	player	uade	Protracker	0	164956	072a3f29	3406b09b	music/supremacy.lha/mod.The SupreMacy
abf190e117a9cd5d7d9c2e86dd27afaf	1	44368	player	uade	Protracker	0	237304	407dac09	81b94667	music/poupoll.lha/mod.pou and poll
acd58b23f07c22de1d0c4aa0bd33db29	1	114758	player	uade	Protracker	0	70188	c01e0f8e	b4a6cd6d	music/mindleap.lha/mod.mind leap - edit
ad7bcdf87d24e7e85fe9815e27a41045	1	209583	player	uade	Protracker	0	353412	427ce17e	fdc4e92a	music/orbitalc.lha/mod.Orbital Course
b15f3fd5ba745385381c472a2c5d8b83	1	195858	player	uade	Protracker	0	45782	2c6ccad2	ddc81b1e	music/tonemono.lha/mod.tonemono
b17723790b42bf9a1c5b6c2fbe1b8c3d	1	210145	player	uade	Protracker	0	260430	4fed200d	8ebc09da	music/25yearsajorma.lha/mod.25 years a jorma
b1c43b4b07f283e156719e14802126f5	1	229317	player+volume	uade	Protracker	0	210632	bc1be63f	463f6c33	music/ganjalegalizeit.lha/mod.ganja - legalize it!
b204072ad9885ec857f6b738c43bdaa9	1	280272	player+silence	uade	Protracker	0	462710	2c1f206f	8a56212d	music/bullshitstories.lha/mod.bullshit stories
b25b4cf17ea1cc4b8edd6c36af11cbdc	1	157056	player	uade	Protracker	0	91594	66daa862	84bdcf5d	music/jate.lha/mod.jate
b2c84c056ceed0a7fece4334ded112e7	1	136741	player	uade	Protracker	0	284140	716966c8	e7ed85f7	music/nightfev.lha/mod.night fever
b3d56c093ebb3732de027ff0a941fd42	1	283078	player+silence	uade	Protracker	0	169282	479c7084	a779014d	music/akvaviitti.lha/mod.akvaviitti
b4eb60dbb3ae3105943f66dcaf2611ea	1	303051	player+silence	uade	Protracker	0	178524	264e5646	20fe292c	music/fakemare.lha/mod.nightmares_are_fake
b574b3faaa9c2004f00f4d1d105abab0	1	158090	player+volume	uade	Protracker	0	312676	afb78547	3abee9b5	music/anightmaretoothers.lha/mod.a nightmare to others
b7ae35bed686a60fc3a5b50b8c675ee1	1	245391	player	uade	Protracker	0	320680	49deb4b7	a99388f7	music/luinenm.lha/mod.luinen m
b968dffe46c62ceb0c286754e792b916	1	257043	player+silence	uade	Protracker	0	115182	faf26f8c	0e04d4f7	music/neati.lha/mod.neat i
bab52f588080e0ffda7a7e62004e5992	1	235158	player+silence	uade	Protracker	0	144732	9e099708	c353dfd4	music/fakemar2.lha/mod.fakemare_ii
bac3c3211cfb06f7241f49a6b5136652	1	302760	player	uade	Protracker	0	504056	bcbb692d	6ea04cdb	music/yourjungletome.lha/mod.yourjungletome
bb1d5620a7dc38c18eccc8d5bcd62f3d	1	214486	player	uade	Protracker	0	368866	982d92e6	c0cefd7b	music/26letters.lha/mod.26 Letters
bb94f13888c7a97b109cd5f66b1beafb	1	205323	player	uade	Protracker	0	259728	50ed5e49	048cd5a8	music/rudeboys.lha/mod.rudeboys
bdd66b9021f8fb6dead4c7f0b74a9890	1	155650	player	uade	Protracker	0	262200	2ba1a777	553f2b75	music/dagepown.lha/mod.dagepown
bfe557007e3999122c5deef5aee88bb6	1	256121	player	uade	Protracker	0	254210	fb8c32a1	9cea6d8b	music/checkthepenis.lha/mod.Check the Penis
bfeada190ba1f810b597a6052b4f6acb	1	177492	player	uade	Protracker	0	173136	75f1b719	c42ad9ee	music/indreams.lha/mod.i'm in my dreams
c2b860ac7375e5c2725d1074cf737723	1	204210	player+silence	uade	Protracker	0	359456	e79628ee	daddefd8	music/ranne.lha/mod.Ranne
c2bbb78aca730e9b2ff2afab49e6b407	1	195463	player	ft2play	Fasttracker (M.K.)	4	273032	74a29270	4e029f7b	music/rockabit.lha/mod.rock a bit babe!
c30abdda6decabbc1d66984fc677a1b1	1	112889	player	uade	Protracker	0	67222	82f929ec	299b94c8	music/kukkane2.lha/mod.kukkanen kedolla ii
c346eacf21dca9bebe706222bbb4b136	1	217178	player	uade	Protracker	0	142612	d722ba59	22cc78ae	music/dws.lha/mod.darkworkstation
c37f6a3725c5746fc4e118342db31132	1	220293	player	uade	Tracker Packer 2 - 3	0	165314	2bf9ea87	afcbcd08	productions/jrm-ul31.lha/a-cider
c403e42a7c723fff354b038d04b0a6b8	1	124363	player	uade	Protracker	0	94708	07342ca1	a5516f39	music/pecucone.lha/mod.pecucone
c4b778921353ae413f04911cffe69c27	1	269866	player	uade	Protracker	0	381242	b9de915f	47499eda	music/darkmist.lha/mod.the dark mist
c547b63cb973a1c8a847ef8eca3141f9	1	163788	player	uade	Protracker	0	115520	fb519bf7	898682ce	music/nothing.lha/mod.nothing
c550ed830693cfed85b8cec21aff1198	1	152957	player	uade	Protracker	0	175716	fcf97d08	213e7fea	music/relativc.lha/mod.relative cosmos
c6267deb4133c546773256237e51d6a7	1	278208	player+silence	uade	Protracker	0	183754	0d257128	ed0f2948	music/demoni.lha/mod.demonin liitsaus
c66deadc0e61cd881c3176cb24b5730f	1	143031	player	uade	Protracker	0	99040	89dacbe3	aa1b0cf4	music/boah.lha/mod.beast of acid house
c733b567bcaf68655bbd67de1e4fc62f	1	335822	player+silence	uade	Protracker	0	149672	251dab92	d4f1b82a	music/tanssipuksutin.lha/mod.tanssipuksutin
c79006e51971eb58e60486bad0e796e2	1	248144	player	uade	Protracker	0	249472	ed4599f2	4482b0f1	music/darknessfalls.lha/mod.darkness falls
ca33dfd2846ca60dccc0c7a22b4cad6d	1	202868	player+silence	uade	Protracker	0	173170	20056b9f	058ab364	music/jonsisko.lha/mod.jonen sisko
ca931777c8856f3ee9f3a01e743bf465	1	281314	player+silence	uade	Protracker	0	202398	9d4d712d	a24431c4	music/surfaceextension.lha/mod.surface extension
cae2499bc545255b03fce887179ba882	1	52566	player+silence	uade	Protracker compatible	0	171192	68ba53a2	beb3276b	music/vakavanha.lha/mod.vakavanha
cebc89467133d77a2b47bb5c92495322	1	218484	player	uade	Tracker Packer 2 - 3	0	104438	f78e69ae	d3530f3f	productions/jrm-ul34.lha/IllanHidas
cfb9b38d031496b25c2c11dab8261827	1	112889	player	uade	Tracker Packer 2 - 3	0	45708	6a1a558f	8b2d3944	productions/jrm-ul35.lha/kukkanen kedolla ii
d00f503eaf83cbcb481bb0426510d241	1	77141	player	uade	Tracker Packer 2 - 3	0	282420	3277cae1	dc5d6df4	productions/jrm-ul33.lha/Petteri
d1c505270fa7061d796c20d03e18a6f0	1	176244	player+silence	uade	Protracker	0	247690	df2ae7a2	0317d427	music/lavender.lha/mod.lavender
d3e13b32fcbc7368196649433dcbee9d	1	213560	player+silence	uade	Tracker Packer 2 - 3	0	120800	67da6427	5d5a5ba9	productions/jrm-ul32.lha/nightshift
d3fa855779e9787021d8382a169939f7	1	197325	player	uade	Protracker	0	169856	9ff2260b	994479b4	music/maxistry.lha/mod.maxistry
d4b968632773eb8759a6cca5a774b334	1	122132	player	uade	Protracker	0	255904	e896c5d9	22d37d0d	music/triplsd.lha/mod.trip_is_an_lsd_exp.
d4c25257106c9b2dcba46fe977349c6c	1	138047	player	uade	Protracker	0	662340	6eb44426	d701685b	music/marbles.lha/mod.marbles
d6871313f1fde9b7ff44616bd15e6afa	1	261325	player	uade	Protracker	0	132398	90563527	38530d46	music/pulsatio.lha/mod.pulsation
d72af883524d4f1a07520da289947b69	1	199315	player	uade	Protracker	0	268856	a37a1bd6	44d024db	music/deepspace9.lha/mod.deep space 9
d82791361c7aadf85c665ccc7d4cd772	1	138369	player	uade	Tracker Packer 2 - 3	0	174570	2b8000dc	b752b691	productions/JRm-Leu1.LhA/kaunistune.TP3
d9e6bbeaed8312340c63c4ef354f075e	1	536838	player	uade	Protracker	0	315300	312a704c	5615a0a9	music/fuckyou.lha/mod.fuckyou
da32355ded417440e8c8c6b1be948a72	1	247437	player+silence	uade	Protracker	0	69792	a4987016	26630475	music/marginal.lha/mod.marginal
daf8a310c4b3f137c15b55f6828d486c	1	357831	player+silence	uade	Protracker	0	441236	c73ec33c	8b56af3b	music/meeting.lha/mod.Meeting
dcb9cee0cf6eb712c1ef324c5ca3218e	1	127252	player+silence	uade	Protracker	0	159960	ed0347d5	c38ef2c7	music/tukkapo.lha/mod.tukkapolkka
dcbd24ef1ab0272ac43e8860a589107b	1	269194	player+volume	uade	Protracker	0	82948	db20a368	fcd003f1	music/temenkissat.lha/mod.temen kissat
dcdbaa18250112ebcddf5547ee592b97	1	388000	player	uade	Protracker	0	206292	3dd5c4cb	527f85d2	music/fingsuck.lha/mod.f---ing suck!
dd50a375b4c5e856548d491720ea430a	1	197044	player	uade	Protracker	0	149604	8f8fd433	7215f040	music/elitetru.lha/mod.elitet rulee
dd74b41421aca7ca1dcabcbf966fa277	1	308972	player+silence	uade	Protracker	0	406172	d5fcad29	47a4ba03	music/o-rakas.lha/mod.o-rakas
de3f36de86be98c53dc8386a18303ab6	1	244958	player+silence	uade	Protracker	0	290250	fdc18cb3	d16ac18c	music/yourlove.lha/mod.your love
de673281c8055f6fe50e471d174da526	1	194693	player	uade	Protracker	0	127878	f350b04e	014b40c4	music/nut-a-pop-ow.lha/mod.nut-a-pop-ow
deb0e6a171d406975029c595318d804e	1	161196	player	uade	Protracker	0	790750	8245dbb3	4d56f40a	music/wings.lha/mod.wings
deb794fa08a6058efba214c5ceaf6ff7	1	200781	player	uade	Protracker	0	131086	89c3cc6a	1237e26b	music/hapuupi.lha/mod.hapuupi
df7f2cbd843231f5ee6b586290cd42ae	1	177352	player	uade	Tracker Packer 2 - 3	0	227602	7b4610dd	14233c51	productions/JRm-Leu2.LhA/charly.TP3
dfbe05467316a9351ddd6a023502f4ac	1	224745	player+silence	uade	Protracker	0	114464	e507a67a	b1fb947d	music/daholybeast.lha/mod.da holy beast
e05a1211b8f84e406c60078c25123ce0	1	152153	player	uade	Tracker Packer 2 - 3	0	243060	dae037b8	0bd54d00	productions/JRm-Leu3.LhA/hans christian.TP3
e09c70bad9e964214036750dcf60df23	1	192161	player	uade	Tracker Packer 2 - 3	0	87820	5d13eb99	a8142d3b	productions/jrm-ul35.lha/horrooorr
e2022b98a8dffc02f74f9011537e5e2e	1	328963	player	uade	Protracker	0	283086	2d8b392e	0d35b666	music/dontneed.lha/mod.dont_need_no_one
e5d92808a69d064ae37115b2fa369e5d	1	217583	player+silence	uade	Protracker	0	253846	5b68793f	11e71666	music/creeping.lha/mod.creeping voyage
e7b6ab0534f009ee61dc7f5dc6662192	1	263507	player+silence	uade	Protracker	0	346608	130023b0	a9b0ea8d	music/monocle.lha/mod.Monocle
e7ef6ef6cc7b997f2887ddee771ff3b3	1	84616	player	uade	Protracker	0	50794	a31aff68	9ea096bb	music/pintajan.lha/mod.pintajannitys
ec9a5df78ea32ccc56e95ea895a11c59	1	199797	player	uade	Protracker	0	282756	7b80d99b	06b00d74	music/exoticyc.lha/mod.exotic cyclopede
ed0f15c4bda4b56bc359821f3d4ee7fd	1	157237	player	uade	Protracker	0	117212	2008b93a	a6e7d139	music/felixhc.lha/mod.feelixhooceealku
ee00d8d49b8feb7f80b25f287108ef7b	1	402166	player	uade	Protracker	0	290736	c3244e69	d0cd9786	music/gimmejun.lha/mod.Gimme A Jungle
ee79ce40cd7a25cab9332281386ce048	1	341315	player+silence	uade	Protracker	0	286046	c9835830	6172dbd9	music/feeling7.lha/mod.feeling7
eeed26fe8025c9de55ebd331569574b0	1	163346	player	uade	Protracker	0	83016	d9c6e523	00cf834a	music/nenoveh.lha/mod.nenoveh
ef1607be64f87ac26a3df9aa615f9cfa	1	144136	player	uade	Protracker	0	104676	3e5272a7	7162faab	music/micko.lha/mod.micko
ef5b001b27418b8da1eb205228a54016	1	149866	player+silence	uade	Protracker	0	218246	bc8c3186	4c1889af	music/winnerkakkone.lha/mod.winnerkakkone
ef7d6813820b03a2645267b90127596c	1	205845	player	uade	Protracker	0	348244	8c6d0641	d73b7a0c	music/paminharmony.lha/mod.pam-in-harmony
f09fda9394ecd27827545193d00af80c	1	198169	player	uade	Tracker Packer 2 - 3	0	61540	dc482e72	76b67eba	productions/jrm-ul32.lha/an fet&a miini
f0bc22e5a50209b0e09ebda3f690a7e2	1	259503	player+silence	uade	Protracker	0	332410	1206e5bf	f53c9204	music/powerx.lha/Mod.Power X
f1b5d0ddb52055674d1aacc1cc89b987	1	375815	player+silence	uade	Protracker	0	65196	966f8d42	6292d685	music/trenox.lha/mod.tre nox
f21861766f7b7b3e50929a35520d7ef4	1	308904	player+volume	uade	Protracker	0	245140	3f548de9	238ac81f	music/tukkpipo.lha/mod.tukkisen pipo
f389516c2fa3659444e5b8216b9f5140	1	232453	player+silence	uade	Protracker	0	163212	9f2712e7	4f1782fd	music/downunde.lha/mod.down under
f418fac635503b6559e31343ba7963b3	1	253322	player+silence	uade	Protracker	0	356596	6a93ec6d	023c2047	music/spaceloopvesuriremix.lha/mod.space loop - vesuri remix
f69ce9a12124f1f0c39569aa8606a2b2	1	218183	player	uade	Protracker	0	153570	bad1b9d0	3a53c0da	music/ithasbegun.lha/mod.it has begun...
f755534718ded62b831d6ac78611bfa7	1	198169	player	uade	Protracker	0	79580	7be03119	a6bc883c	music/anfetami.lha/mod.an fet & a miini
f79ab5486208ff9b2d81a07cb2600194	1	216555	player	uade	Protracker compatible	0	163916	099d1768	2e250102	music/synchron.lha/mod.synchronologie
f8509fa675eddbd11f31fa01187aaf5a	1	191759	player	uade	Protracker	0	237342	66ea132c	2b22aa48	music/fkoffnow.lha/mod.fuck (off) now
f8ea191f7cafc67ada236a5ac1ee3633	1	236815	player+silence	uade	Protracker	0	217982	9b402f69	4bb6d802	music/itchyscratchy96.lha/mod.itchy&scratchy 96
f912dbb1a9cbb758c1e34ca2685015fa	1	144799	player	uade	Protracker	0	265480	b78b161a	a7dcb823	music/hc-anna.lha/mod.hc-anna
f9235b86a0c7951c0e80289127cf66b4	1	207111	player	uade	Tracker Packer 2 - 3	0	111842	622fe39f	8411ccf8	productions/JRm-Leu1.LhA/Crash Boom Bang.TP3
f94fa023d8292c9169dc7383da85a7fc	1	226703	player	uade	Tracker Packer 2 - 3	0	105466	fad6e9a6	3509f1ad	productions/JRm-Leu1.LhA/Dark Urea.tp3
fa0b3cffa619c0b3ca717833a59183b3	1	193447	player	uade	Protracker	0	210390	1e351b84	f52ab70f	music/burn.lha/mod.burn
fd25ed0fa70c8e6d4ce3ae7f7e9e0c28	1	170962	player	uade	Protracker compatible	0	176260	cd943ed5	912355dd	music/saint.lha/mod.da tonemonob itch
fd66cc53a55008ceed5b1dae3bc86f34	1	251015	player+silence	uade	Protracker	0	334500	15ab47d5	d7203333	music/crcerror.lha/mod.crc_error
fe007a836e43650534c53979f3a13b90	1	218484	player	uade	Protracker	0	134892	a360854d	8a7a8373	music/ih.lha/mod.illan hidas
fe560aa541da7f3ae8a4f160583aebe3	1	197345	player	uade	Protracker	0	128798	218e5293	2a7f8e42	music/gabba.lha/mod.- gabba rulzsh -
ff75e767116e3bfbd11d7921535506c8	1	104932	player	uade	Protracker	0	414738	7d01031b	a452b5b9	music/resilience.lha/mod.resilience
