01692d66f9c547a98801485ba4f35192	1	217762	player+silence	ft2play	FastTracker v2.00	14	444503	3fc47ee0	7b876f29	mdisks/viv-aos3.zip/STREETLF.XM
02a50a21323dc486c143225fdd4d2ee6	1	233113	player+silence	ft2play	FastTracker v2.00	32	1844960	30a5d7f8	1c88b6b4	1999/zipfiles/k_avatm.zip/K_AVATM.XM
02c66fd12f4f0b5e9d2340487bd6b509	1	301079	player+silence	it2play	Impulse Tracker 2.14	16	198338	0b481807	4265b30a	1999/zipfiles/k_ifonk.zip/K_IFONK.IT
0544059803cbcc9acd470905924a9670	1	203583	player+silence	it2play	Impulse Tracker 2.14+	21	1561030	16f66282	3b68b95e	1998/zip/k_klick.zip/K_KLICK.IT
05b892b7cbbf163bbdac2ea3c921fb99	1	389984	player+silence	ft2play	FastTracker v2.00	32	1850489	3e2dc977	2e136260	1999/zipfiles/k_dest.zip/K_DEST.XM
06d82bc08036f9079b81a71105f0b19c	1	317790	player	it2play	Impulse Tracker 2.13	8	114892	c6c924f7	cfdf8d65	1997/modules/k_tre.it
0a8e13d93f94d9586060bf79637265f9	1	631037	player+silence	ft2play	FastTracker v2.00	24	977743	384c6b66	31d3061b	1997/modules/k_un.xm
0c4e6cd0709aa779e2d3665b1deb590b	1	231066	player+silence	ft2play	FastTracker v2.00	14	362048	9e3593ca	c514b2d6	mdisks/amber.zip/TH-LACON.XM
0c7bce0f104d411835f99120c892524d	1	246883	player+silence	it2play	Impulse Tracker 2.14	22	509758	d2388862	97058bd0	1999/zipfiles/k_mwo.zip/K_MWO.IT
0c7bce0f104d411835f99120c892524d	2	37315	player
0cc0ad9e85fad18770ee9c0c07bb546a	1	349756	player+volume	ft2play	FastTracker v2.00	18	433741	86bad05e	cdc43bc2	1997/modules/k_3way.xm
0d42082c35457c2f1d84bc51b9c26a39	1	192610	player+volume	ft2play	FastTracker v2.00	22	1148208	22adfaae	e707e356	1999/zipfiles/k_jelly.zip/K_JELLY.XM
0ddadeb195fe4a979d4cbd838a709edf	1	312287	player+volume	it2play	Impulse Tracker 2.14+	21	539062	93b11e26	f222d944	1998/zip/k_res2.zip/K_RES2.IT
0e3529a33fdc4af77fc2d64dccb9b20c	1	204972	player+silence	ft2play	FastTracker v2.00	24	342052	a9f5e4c5	75d1412c	mdisks/amber.zip/M3-DELIL.XM
0e92a319c2733c726dcc170dc6195a1a	1	320674	player+silence	it2play	Impulse Tracker 2.14	13	539134	62851489	71e225ab	1998/zip/k_river.zip/K_RIVER.IT
0e92a319c2733c726dcc170dc6195a1a	2	8720	player
0e92a319c2733c726dcc170dc6195a1a	3	17441	player
0e92a319c2733c726dcc170dc6195a1a	4	4360	player
0e92a319c2733c726dcc170dc6195a1a	5	17441	player
0eacdc5dd12d56e4b0889c8846825b2e	1	319657	player+silence	ft2play	FastTracker v2.00	32	1636667	bec0adce	78151058	1999/zipfiles/k_out.zip/K_OUT.XM
0f34c7ff938868808c5640174b80bdf4	1	245556	player+silence	ft2play	FastTracker v2.00	16	712475	1eb93c90	8cdf0761	mdisks/viv-aos2.zip/SUMMER.XM
0f43383c0dd6757d2248e9bad5c348df	1	257714	player+silence	ft2play	FastTracker v2.00	14	431460	9a510ecf	97c92438	1998/zip/k_unho.zip/K_UNHO.XM
0fa9b7a05352387d2962130b3a788fd4	1	399151	player	ft2play	FastTracker v2.00	12	370817	6234c81b	ab79d53c	mdisks/amber.zip/VG-BEVIL.XM
0ffb691a5d9824c5211346f0e64452e0	1	240628	player	it2play	Impulse Tracker 2.11	16	874555	ab070bf8	f5a4e351	1997/modules/k_confrn.it
102c1ba25ebea87203155995f6feab5c	1	381054	player+volume	it2play	Impulse Tracker 2.14	15	526269	c1acba8d	3f368c49	1997/modules/k_jitter.it
106a01fd6306831561ab0b7feaf539dc	1	139809	player+silence	st3play	Scream Tracker 3.2x (GUS)	8	182112	d7cf0910	0f009fca	mdisks/codebrk.zip/SONATA.S3M
10e9c2bd5f3d868a9ee6a4d884e3367a	1	234568	player	ft2play	FastTracker v2.00	26	421229	a8dbc7f2	97881540	1997/modules/k_sun_1.xm
116c8ca2fa227fe8a85274959df80c0c	1	454900	player+silence	ft2play	FastTracker v2.00	20	2920810	3c8aadf1	b277c821	1999/zipfiles/k_ff.zip/K_FF.XM
12575de7ec4ff28015c34ad2bd94cdde	1	208644	player+silence	it2play	Impulse Tracker 2.15	44	1078112	dd4ce81c	dc32c002	1999/zipfiles/k_asnumb.zip/K_ASNUMB.IT
12add23a03a611f174c71ee0beee0a69	1	291562	player	ft2play	FastTracker v2.00	10	605174	4f243381	80464633	1998/zip/k_clstrf.zip/K_CLSTRF.XM
12d00fc351495226648f9c7063abe91f	1	410378	player+silence	it2play	Impulse Tracker 2.15	43	934536	5b1a4774	0f1b8b4d	1998/zip/k_ablm.zip/K_ABLM.IT
132f593c556aca29c6c1a502701ee866	1	242291	player	ft2play	FastTracker v2.00	24	725321	0fb8b60c	fa653c7b	1998/zip/k_aryx.zip/K_ARYX.XM
13edac895ab3a0a5d0d6a49855b32e4f	1	354814	player+silence	ft2play	FastTracker v2.00	14	998108	b61d7659	7c316f20	1997/modules/k_dillus.xm
15a07a0b1cf92bd23cd87e10fded8cd0	1	238414	player+silence	ft2play	FastTracker v2.00	32	886171	07c45671	eeccaddd	1998/zip/k_tizer.zip/K_TIZER.XM
15efdaa8c0a95dc84cd2314df054f3b6	1	259356	player+volume	it2play	Impulse Tracker 2.14	20	564804	a8dd17bd	8626d46e	1998/zip/k_touch.zip/K_TOUCH.IT
16b71ba7dda2b4073436310579b4c00e	1	240849	player	it2play	Impulse Tracker 2.12	32	658440	0e8d5fd1	a5345609	1997/modules/k_wol.it
18e715478cb871a86ddaa7d4ef98826d	1	288650	player+silence	st3play	Scream Tracker 3.2x (GUS)	11	857818	b804f601	d73e8da8	mdisks/bm_ngyou.zip/NEGATIVE.S3M
18e715478cb871a86ddaa7d4ef98826d	2	47965	player
1a7fb5dd41d9756c1d28a2bd06782ad1	1	242709	player+volume	ft2play	FastTracker v2.00	28	510794	334e67d3	816540a9	1999/zipfiles/k_yearn.zip/K_YEARN.XM
1a86a5375d505105b734dd3ebd5ac5ac	1	261327	player+silence	ft2play	FastTracker v2.00	24	916212	676329aa	7e95b96f	1997/modules/k_psyhc.xm
1adc03fd72730dcb58f6b0b88304ca60	1	401777	player+silence	ft2play	FastTracker v2.00	16	1084445	bf9a28d4	ffe04c2d	1997/mdisks/recycle/k_lunes.xm
1adc03fd72730dcb58f6b0b88304ca60	1	401777	player+silence	ft2play	FastTracker v2.00	16	1084445	bf9a28d4	ffe04c2d	1997/mdisks/zip/kmd_recy.zip/K_LUNES.XM
1adc03fd72730dcb58f6b0b88304ca60	1	401777	player+silence	ft2play	FastTracker v2.00	16	1084445	bf9a28d4	ffe04c2d	mdisks/kmd_recy.zip/K_LUNES.XM
1b161ecfc41eee7a763c28fc793a98b4	1	292524	player+silence	ft2play	FastTracker v2.00	30	537324	895cd65e	cfcb6f72	1998/zip/k_id1.zip/K_ID1.XM
1b2ece6c950e30b0718487a9c603a5fb	1	248876	player+silence	it2play	Impulse Tracker 2.14+	32	405474	d95cacee	c10c49b5	1998/zip/k_saber.zip/K_SABER.IT
1d31cd4eb8341afb84bb61ec1f0923d4	1	272595	player+volume	ft2play	FastTracker v2.00	32	5134512	989c579f	4647abbc	1999/zipfiles/k_mp8.zip/K_MP8.XM
1d5e3111a43d726c6673f9f62ee48ced	1	427468	player+silence	it2play	Impulse Tracker 2.14+	24	1433864	cc78b99c	29f60713	1998/zip/k_nsthes.zip/K_NSTHES.IT
1d7f8b70419c41aca80092bd8dcdd98d	1	138337	player	ft2play	FastTracker v2.00	16	821499	72d24a7a	52b320c9	1998/zip/k_reborn.zip/K_REBORN.XM
1dce60326172bddc934fc63a8501b056	1	354641	player	ft2play	FastTracker v2.00	16	520313	3283c1e1	70dbe64b	1997/modules/k_osis.xm
1eb9c67907eb58c1ca1b1ebea2bb90fc	1	258805	player+volume	it2play	Impulse Tracker 2.14+	20	480249	8572a840	39d14a6f	1998/zip/k_13a.zip/K_13A.IT
1f84749476ae6c3e9f4326d2ff6c2588	1	316482	player+silence	it2play	Impulse Tracker 2.14+	15	660491	0a61d693	a0d44ca8	1997/mdisks/goo/conspira.it
1f84749476ae6c3e9f4326d2ff6c2588	1	316482	player+silence	it2play	Impulse Tracker 2.14+	15	660491	0a61d693	a0d44ca8	1997/mdisks/zip/kmc_goo.zip/CONSPIRA.IT
1f84749476ae6c3e9f4326d2ff6c2588	1	316482	player+silence	it2play	Impulse Tracker 2.14+	15	660491	0a61d693	a0d44ca8	mdisks/kmc_goo.zip/CONSPIRA.IT
1fac2af76c3e75aed29ad6c62833e611	1	285568	player+silence	ft2play	FastTracker v2.00	16	376174	bd174120	e170f031	1998/zip/k_hrdam.zip/K_HRDAM.XM
1ff89ccd4b8cf3e4a86d708001b2ae74	1	438710	player+silence	it2play	Impulse Tracker 2.14+	15	551029	cd59ac12	9d12e8d4	1998/zip/k_binary.zip/K_BINARY.IT
21e1b87e82eac5a0de8479c43431c9be	1	218777	player+silence	it2play	Impulse Tracker 2.09	24	1015247	473c75e2	034577ef	1997/modules/k_saip.it
22b66804ad2d3a188d5eb8e603cb697e	1	342265	player	it2play	Impulse Tracker 2.14+	16	814591	2e4113c6	1c6b39f1	1998/zip/k_four.zip/K_FOUR.IT
2319f99cf9b202f982ae63abfdaab5a2	1	177295	player+silence	ft2play	FastTracker v2.00	18	909907	09d2bc5f	4c02b116	1997/modules/k_swift.xm
244c401303ec1a5c04c2e73fa5fdf379	1	816642	player+silence	it2play	Impulse Tracker 2.02	20	592879	e2517e78	8a72125d	1997/modules/k_merv.it
245688d64e7a2fd0af50c533fa26015d	1	289662	player+silence	it2play	Impulse Tracker 2.14+	22	1329637	291afcd8	c3d1b764	1999/zipfiles/k_fail.zip/K_FAIL.IT
2571ba15838d2ec02856d5ad039f37d5	1	544325	player+volume	it2play	Impulse Tracker 2.14	32	1903695	8b6edca2	36533842	1997/modules/k_aspect.it
27496bd988698cd2a5f4dfdcae0b93ff	1	178176	player+silence	ft2play	FastTracker v2.00	32	975757	12a1f3fb	88ed6c11	1999/zipfiles/k_delic.zip/K_DELIC.XM
277bc32a538dde57defda4ae5a20b686	1	497720	player+silence	it2play	Impulse Tracker 2.13	24	997009	0a452f1a	e67f99c2	1997/modules/k_north.it
2864f83bb3b3ffe12927f0a0e1367969	1	345736	player+silence	ft2play	FastTracker v2.00	16	1566669	1ebe5564	b6533507	1997/modules/k_tphoni.xm
28e8bb3c2d41bd3061381c9f8f06d5e4	1	198452	player+silence	ft2play	FastTracker v2.00	32	1886519	705c45ef	d8fd88d7	1999/zipfiles/k_trxsym.zip/K_TRXSYM.XM
2a2315ae4d361c581c672fdaf966756a	1	185373	player+silence	it2play	Impulse Tracker 2.14+	22	2401334	88c2c685	2208c34b	1998/zip/k_cjvprt.zip/K_CJVPRT.IT
2a43582868ad1882a759ba2da00fdb1f	1	130813	player+silence	ft2play	FastTracker v2.00	20	905513	5974563c	adc9bcfb	1999/zipfiles/k_porno.zip/K_PORNO.XM
2a4b9f890c70de653e5e4a8f4c31f2db	1	293396	player+silence	ft2play	FastTracker v2.00	30	967584	7acec3e6	0d161a6a	mdisks/amber.zip/MH-LAURA.XM
2ae45612c5776583b2449eaebf5150a3	1	326581	player+silence	it2play	Impulse Tracker 2.14+	30	768057	eda9b95b	13aecea5	1998/zip/k_lnrty.zip/K_LNRTY.IT
2c84ab5f5cf99326591d44c3509644d3	1	303601	player+silence	it2play	Impulse Tracker 2.12	21	526380	f935615b	1fc0f3bb	1997/modules/k_escape.it
2d2bbb08c7099852488ccec1beb15e4e	1	344275	player	it2play	Impulse Tracker 2.14	25	427850	dc91704d	bb6c9bd1	mdisks/amber.zip/UT-WORMF.IT
2e9270558b6fb7d68254244ab86a3c24	1	471080	player+silence	it2play	Impulse Tracker 2.14+	16	701861	fbce9b8f	f1aaaee1	1998/zip/k_lsd.zip/K_LSD.IT
3050fbf1c6bdfdd126d186feaccb9809	1	214608	player+silence	ft2play	FastTracker v2.00	12	953867	292f77d4	6508f1b7	1998/zip/k_under.zip/K_UNDER.XM
30b1dc3b535b1f9b2ecee9b4bd841327	1	173362	player+silence	st3play	Scream Tracker 3.2x (SB)	16	375072	e3649b02	0a3301b5	mdisks/kmd_ekos.zip/ANK_RSA.S3M
332826336c2a60e298a2081438501847	1	264842	player	it2play	Impulse Tracker 2.14+	23	117174	c730ba2d	1105b62f	1998/zip/k_jjbear.zip/K_JJBEAR.IT
3362acf3fa2dee8f2fef3c1577842c83	1	376039	player+silence	st3play	Scream Tracker 3.2x (GUS)	12	411514	56aa6046	52c59f0f	mdisks/bm_ngyou.zip/ACID8.S3M
33c0304af697e151ea6f7814630351e4	1	339954	player+silence	it2play	Impulse Tracker 2.14	30	650044	ea6fd5b2	00014bb8	1997/modules/k_trekme.it
340167cc5c8ab1aa65c659b5bc3b5cfa	1	435262	player+silence	it2play	Impulse Tracker 2.15	64	1631704	309c20db	d36661ab	1999/zipfiles/k_neg8.zip/K_NEG8.IT
366f479e2313115454fbce51ff29c387	1	279933	player	ft2play	FastTracker v2.00	22	952021	e0e29516	7a41871e	mdisks/amber.zip/BB-U235.XM
36d32a8a3d8c7b0911fb733b73385622	1	272668	player+silence	ft2play	FastTracker v2.00	16	742372	adfb9fe6	747eba28	mdisks/viv-aos1.zip/DIMINGB.XM
38551a19452ae43516d11bbbc14eb17e	1	359018	player+volume	ft2play	FastTracker v2.00	32	923208	632b8973	64523e2f	1997/modules/k_ruins.xm
389d15923a0c979934cae1507a6ae4a3	1	361882	player+silence	it2play	Impulse Tracker 2.14+	16	529744	8a2963e5	67c40bb7	1999/zipfiles/k_meta.zip/K_META.IT
38e454781e2a1784f90d14e85c8c7e08	1	271176	player	ft2play	FastTracker v2.00	10	530327	ebf5bc5a	29066923	1998/zip/k_cutoff.zip/K_CUTOFF.XM
3a1af5748285162eee0aea7991cc06fa	1	388255	player	ft2play	FastTracker v2.00	26	1223571	46f4123f	0a90f4bc	1998/zip/k_iis.zip/K_IIS.XM
3beb886bb405cb688c2a4ef70f3db6b6	1	275391	player	it2play	Impulse Tracker 2.14+	24	918053	b1f27374	2adf71e4	2000/k_corrid.zip/K_CORRID.IT
3f0fe0e91a04aa649bdceb7f1c69f40c	1	325382	player+silence	it2play	Impulse Tracker 2.13	43	1886501	87243fb8	299017ba	1997/modules/k_sm_u97.it
402c657b71fb53e586f68bc1626fd58e	1	268050	player+silence	ft2play	FastTracker v2.00	32	2294119	d9d98d86	bada8af1	2000/k_mindst.zip/K_MINDST.XM
40f7cc1a69b08e6804b3002fb8d0dd0f	1	153351	player	ft2play	FastTracker v2.00	12	678890	634a0254	3c43e1e0	1997/modules/k_beer.xm
414a66d5746da159069d57e96182d2ae	1	391533	player+silence	it2play	Impulse Tracker 2.13	16	979862	9066d55c	2aaf0604	1997/modules/k_vort.it
41a17f1f1adc7ab1caf21037e3038899	1	239483	player	it2play	Impulse Tracker 2.14+	18	1423293	2b567da2	b91f67e6	1998/zip/k_suic.zip/K_SUIC.IT
438448a9ae5a484d16c0d8a18f780697	1	264282	player	ft2play	FastTracker v2.00	14	673975	6eabe8d0	d49390fd	1998/zip/k_ether.zip/K_ETHER.XM
43d90d0821e626bad69eaf43ba77f9ce	1	311133	player+silence	it2play	Impulse Tracker 2.14+	57	889094	8b3497b3	e68ffe38	1998/zip/k_onme.zip/K_ONME.IT
43d90d0821e626bad69eaf43ba77f9ce	2	221413	player+silence
478c338c45eaf3b28246ac7750e77acf	1	325366	player+silence	it2play	Impulse Tracker 2.15	37	1040363	a97ce3d3	279b5db6	2000/k_jfhm.zip/K_JFHM.IT
486c9548120e2b9b78eddbf747fff45c	1	224219	player+silence	ft2play	FastTracker v2.00	24	930110	6c0d6bfe	12509803	1998/zip/k_garden.zip/K_GARDEN.XM
4a2df7c90915c1dd34b5c6dfdb4e14fd	1	324466	player+silence	it2play	Impulse Tracker 2.14+	23	601105	229fa574	bbbd5b75	1998/zip/k_power.zip/K_POWER.IT
4a2df7c90915c1dd34b5c6dfdb4e14fd	2	54754	player+volume
4b0a982d74d03c5ec674f9a6856e9ff7	1	271648	player+silence	it2play	Impulse Tracker 2.14+	18	176711	93feb407	fdd50dd4	1998/zip/k_renter.zip/K_RENTER.IT
4b225a3f7202a66db5578cf8414d8515	1	353439	player	ft2play	*Converted  XM-File*	24	758341	409898ef	54f51c6e	1997/modules/k_ruin2.xm
4b3298e7a88889eae33b79b7b2bdec48	1	284889	player+silence	ft2play	FastTracker v2.00	24	389893	64f5e11d	74be0dbd	1997/modules/k_bs.xm
4b91bebc540127c1a12f84ceece78bc5	1	318024	player	ft2play	FastTracker v2.00	22	329926	da2ca5e8	a58578a3	mdisks/amber.zip/VT-DEUSX.XM
4c5aa696f3595e1ef6d7cb72494e83cd	1	192852	player+silence	it2play	Impulse Tracker 2.12	20	1059499	2cf7a704	86894dc0	1997/modules/k_tmtyh.it
4ccd3f4c054eafdb56060b3cff49e371	1	215028	player	it2play	Impulse Tracker 2.10	9	697459	a5e4dd55	4cb98b3b	1997/modules/k_lunta.it
4d3f42613191e6c3949e2ea022f344c6	1	369959	player+silence	ft2play	FastTracker v2.00	18	383692	93dd1ff9	d6d52fe9	1997/mdisks/recycle/k_drift2.xm
4d3f42613191e6c3949e2ea022f344c6	1	369959	player+silence	ft2play	FastTracker v2.00	18	383692	93dd1ff9	d6d52fe9	1997/mdisks/zip/kmd_recy.zip/K_DRIFT2.XM
4d3f42613191e6c3949e2ea022f344c6	1	369959	player+silence	ft2play	FastTracker v2.00	18	383692	93dd1ff9	d6d52fe9	mdisks/kmd_recy.zip/K_DRIFT2.XM
4db7ef3bb7c5701fc44980e71e0eaf59	1	230344	player+silence	it2play	Impulse Tracker 2.14	13	115420	f9505cf1	da9dabd9	mdisks/amber.zip/KJ-GREEN.IT
4f1681f247aedc8eb0672284b67a018b	1	191846	player+volume	ft2play	FastTracker v2.00	32	525936	5decb516	da33feb1	2000/k_lair.zip/K_LAIR.XM
516e65299dc0b4f4756f3d9c85b52b20	1	183000	player+silence	ft2play	FastTracker v2.00	16	867929	2199da9f	3b9fa132	1997/mdisks/greenat/bm_oblq.xm
516e65299dc0b4f4756f3d9c85b52b20	1	183000	player+silence	ft2play	FastTracker v2.00	16	867929	2199da9f	3b9fa132	1997/mdisks/zip/kmd_grn.zip/bm_oblq.xm
516e65299dc0b4f4756f3d9c85b52b20	1	183000	player+silence	ft2play	FastTracker v2.00	16	867929	2199da9f	3b9fa132	mdisks/kmd_grn.zip/bm_oblq.xm
529c7d93a43732ef3d97626e7e1abc15	1	331591	player	ft2play	FastTracker v2.00	22	756903	8512671a	0b464c4a	1997/modules/k_desire.xm
53095eda4fbf0713465937319d555a94	1	244043	player+volume	it2play	Impulse Tracker 2.14	9	146862	c036f946	a57805ca	mdisks/amber.zip/MV-PART.IT
54475e2a77e67d16d790468781388351	1	139334	player+silence	ft2play	FastTracker v2.00	8	19046	049ab3f9	ac7a2f03	mdisks/viv-aos1.zip/INTRTOON.XM
550cc9728c14793bc3a9c25c7c9e0883	1	272143	player+silence	ft2play	FastTracker v2.00	22	1001863	6b56954a	e963f13c	mdisks/amber.zip/TF-INBT.XM
5520d5eb58e12a9c9f527b3934bfe7fc	1	267169	player+silence	it2play	Impulse Tracker 2.14	16	616296	4621d90b	f813cc3c	1998/zip/k_divide.zip/K_DIVIDE.IT
55279bda3a7549fd7e1423e68236d62e	1	483972	player+silence	ft2play	FastTracker v2.00	18	812253	a0663200	ef3e269c	1997/modules/k_hell.xm
565bd074ab832eef231a3e8df7f9e762	1	250516	player+silence	ft2play	FastTracker v2.00	18	795820	5d02210f	a0330eb6	1997/mdisks/greenat/bm_earth.xm
565bd074ab832eef231a3e8df7f9e762	1	250516	player+silence	ft2play	FastTracker v2.00	18	795820	5d02210f	a0330eb6	1997/mdisks/zip/kmd_grn.zip/bm_earth.xm
565bd074ab832eef231a3e8df7f9e762	1	250516	player+silence	ft2play	FastTracker v2.00	18	795820	5d02210f	a0330eb6	mdisks/kmd_grn.zip/bm_earth.xm
58149548e0d06b041e497cab684fe926	1	303863	player+silence	it2play	Impulse Tracker 2.11	20	621076	a532bb45	c8a60db0	1997/modules/k_sclub.it
590cf4960360812ccdab854174c6afc3	1	233144	player+silence	it2play	Impulse Tracker 2.14+	31	2554510	66da7bb0	f110ade7	1999/zipfiles/k_return.zip/K_RETURN.IT
5a3e4d4943b98ef79c63e54a41e15986	1	249369	player	it2play	Impulse Tracker 2.14+	23	366612	ecffccc0	00547f96	1998/zip/k_merc.zip/K_MERC.IT
5a82597b9f8ec0def31fb1e28020b9c8	1	455456	player	it2play	Impulse Tracker 2.14+	23	924614	a6395a2e	2848efac	1998/zip/k_why.zip/K_WHY.IT
5ad8cead7c22b0972a4ffa01a300dbe9	1	398634	player+silence	it2play	Impulse Tracker 2.15	38	1444992	103cc331	f6390ef6	2000/k_ching.zip/K_CHING.IT
5b828bea4749c96ccf1b88ac1af51424	1	322577	player	ft2play	FastTracker v2.00	18	398591	886f68a6	d16d203c	1999/zipfiles/k_satur8.zip/K_SATUR8.XM
5cd77755f11400b1c460fae6e87cb9e9	1	254474	player	ft2play	FastTracker v2.00	14	770084	f0031318	a2ea7d15	1997/modules/k_wos.xm
5d15ea183ecf4a3f8afd824670219cc6	1	247577	player+silence	it2play	Impulse Tracker 2.14+	11	460078	8b004c48	11aaeab4	1997/mdisks/goo/atomboy.it
5d15ea183ecf4a3f8afd824670219cc6	1	247577	player+silence	it2play	Impulse Tracker 2.14+	11	460078	8b004c48	11aaeab4	1997/mdisks/zip/kmc_goo.zip/ATOMBOY.IT
5d15ea183ecf4a3f8afd824670219cc6	1	247577	player+silence	it2play	Impulse Tracker 2.14+	11	460078	8b004c48	11aaeab4	mdisks/kmc_goo.zip/ATOMBOY.IT
5daa5b39e29c194a900b3f747196b8f1	1	253052	player+volume	ft2play	FastTracker v2.00	20	692914	171d050d	406049ad	1998/zip/k_wire.zip/K_WIRE.XM
5dc4c6952b6e6d220eae489fc1c0d33a	1	217028	player+silence	it2play	Impulse Tracker 2.10	5	447346	f625963f	ed37accc	1997/modules/k_soul.it
5e0383b58e748791055d256b3da68cb5	1	230642	player	it2play	Impulse Tracker 2.14+	30	831532	4844138d	820f0ee1	1999/zipfiles/k_give2.zip/K_GIVE2.IT
5e162d016576586d5d161ed542d1c2ff	1	448471	player+silence	it2play	Impulse Tracker 2.14	38	1010450	54099573	8a71f43c	mdisks/amber.zip/NX-GRBOW.IT
5eb1eacb009edf18bdda999b5bffa57d	1	268201	player+silence	it2play	Impulse Tracker 2.14+	17	708495	37d00007	0a85669f	1997/mdisks/goo/hyper.it
5eb1eacb009edf18bdda999b5bffa57d	1	268201	player+silence	it2play	Impulse Tracker 2.14+	17	708495	37d00007	0a85669f	1997/mdisks/zip/kmc_goo.zip/HYPER.IT
5eb1eacb009edf18bdda999b5bffa57d	1	268201	player+silence	it2play	Impulse Tracker 2.14+	17	708495	37d00007	0a85669f	mdisks/kmc_goo.zip/HYPER.IT
5ee69982bb8f9f24a3a20d8cda9f3fe4	1	185526	player	ft2play	FastTracker v2.00	18	826338	b7ccb729	340e0386	1997/modules/k_denye.xm
5fd5246fee3cd150401359f01ff77188	1	266650	player	it2play	Impulse Tracker 2.14+	21	790964	160a1827	ff7ffcf8	1998/zip/k_beyond.zip/K_BEYOND.IT
618a03b5f47fb9b2f7ed23c30ff28e76	1	291903	player+silence	ft2play	FastTracker v2.00	18	1638152	33cab961	713fdad7	1998/zip/k_lone.zip/K_LONE.XM
61b9ecec14e9b570133289452871eb54	1	234922	player+silence	ft2play	FastTracker v2.00	10	943860	47f95d88	6b49c21a	1997/modules/k_pants.xm
63ad3a449835913fd11c83deeb4edbec	1	166541	player+silence	ft2play	FastTracker v2.00	26	660795	a7ba6064	04476ce9	1999/zipfiles/k_pornst.zip/K_PORNST.XM
643633a5bc868bbf1fefc2e3af190474	1	259145	player+silence	it2play	Impulse Tracker 2.14+	42	638949	cef83598	872db685	1998/zip/k_toxic.zip/K_TOXIC.IT
6440905b06c097d49f34e30e7a9332b0	1	563042	player+silence	it2play	Impulse Tracker 2.15	30	1253892	7d9ea650	5e13277e	1999/zipfiles/k_ffbm.zip/K_FFBM.IT
657cd069b9a21578450e7de71c221e56	1	164455	player+silence	ft2play	FastTracker v2.00	12	132649	f43f170d	0abd0145	1997/modules/k_pbox.xm
674f72bd2afe47e84753c77e44d34c78	1	96548	player+silence	ft2play	FastTracker v2.00	18	639804	fb2a4965	ec675a93	1997/modules/k_jazhit.xm
67c220cc7d27d1ff45739d0a82898d44	1	208181	player+silence	ft2play	FastTracker v2.00	16	787874	bd8f9bc0	4c7dae8f	1997/mdisks/greenat/bm_inse.xm
67c220cc7d27d1ff45739d0a82898d44	1	208181	player+silence	ft2play	FastTracker v2.00	16	787874	bd8f9bc0	4c7dae8f	1997/mdisks/zip/kmd_grn.zip/bm_inse.xm
67c220cc7d27d1ff45739d0a82898d44	1	208181	player+silence	ft2play	FastTracker v2.00	16	787874	bd8f9bc0	4c7dae8f	mdisks/kmd_grn.zip/bm_inse.xm
68475b8846563f3744288178e830171d	1	240176	player+silence	ft2play	FastTracker v2.00	16	382196	ef1a9ebb	260c0ca3	1997/modules/k_wcf.xm
685b734a5ea2ce8069b4563aef87910a	1	619121	player+silence	it2play	Impulse Tracker 2.15	63	1473269	221888d4	3d3ecbda	1999/zipfiles/k_chin.zip/K_CHIN.IT
6a235ad872197345af313ccbab604ea2	1	334770	player+silence	it2play	Impulse Tracker 2.14+	8	326131	2ea34a3e	0d318069	1999/zipfiles/k_nsep.zip/K_NSEP.IT
6a235ad872197345af313ccbab604ea2	2	8519	player
6a590f99e7b96b6b20f5fb837e968627	1	65476	player	ft2play	FastTracker v2.00	8	48232	1e60027a	94d5df91	1997/mdisks/greenat/bm_elekt.xm
6a590f99e7b96b6b20f5fb837e968627	1	65476	player	ft2play	FastTracker v2.00	8	48232	1e60027a	94d5df91	1997/mdisks/zip/kmd_grn.zip/bm_elekt.xm
6a590f99e7b96b6b20f5fb837e968627	1	65476	player	ft2play	FastTracker v2.00	8	48232	1e60027a	94d5df91	mdisks/kmd_grn.zip/bm_elekt.xm
6ee5350c8990033de60ab360ebb0eea6	1	142970	player	it2play	Impulse Tracker 2.11	12	218824	785e7540	f34c5e08	1997/modules/k_multi.s3m
6f1386d8c3a1c47910b30a7e172ac0c6	1	205981	player+volume	it2play	Impulse Tracker 2.13	18	373440	ff4385d8	7eb8c4d2	1998/zip/k_blnket.zip/K_BLNKET.IT
6f1aa316979bc16ca3a201c32991e342	1	329793	player	ft2play	FastTracker v2.00	18	1943085	cbef66cb	9009152e	1998/zip/k_biteme.zip/K_BITEME.XM
7073713f753772ba5593e9f3689bf480	1	289442	player+volume	ft2play	FastTracker v2.00	18	4029550	dcfa522a	4a2c92f0	1998/zip/k_bomb.zip/K_BOMB.XM
71cd925d7cb56c47c94a6f5e795a2ea2	1	276175	player	it2play	Impulse Tracker 2.14+	8	251495	08776065	b221b36f	1998/zip/k_jatsi.zip/K_JATSI.IT
72fd574b7c9b8a6d4f6d6afb262cbd85	1	268780	player	it2play	Impulse Tracker 2.14+	43	946013	563290c7	44e91c94	1998/zip/k_atrip.zip/K_ATRIP.IT
73754565130fe49d8c05b448bc8df4bf	1	474070	player	ft2play	FastTracker v2.00	18	970870	88775b81	b5c2dbb4	1998/zip/k_compl.zip/K_COMPL.XM
74fbe7c12adfa860a33209e28233df3f	0	352087	player	libopenmpt	MultiTracker 1.0	10	414836	2d4b1c24	a77d06ce	1997/modules/k_rein.mtm
75fe4ead3737ae71e69b609e028d786c	1	366859	player+volume	ft2play	FastTracker v2.00	20	814480	97b99d0f	2c2e0306	mdisks/amber.zip/K3-ACIDM.XM
7647ec8b89f49bc3f6b8b997ee429ce2	1	246714	player	ft2play	FastTracker v2.00	28	740371	24b1aed5	51143dec	1998/zip/k_eximix.zip/K_EXIMIX.XM
76b22ceb04dffab7acbedb4db2585f22	1	252990	player+silence	st3play	Scream Tracker 3.2x (SB)	16	549273	d4eede6e	1a4b802d	mdisks/kmd_ekos.zip/CONE.S3M
7780dc16c46e05023eda7b829e6c6712	1	531814	player	it2play	Impulse Tracker 2.14+	16	682779	871a43f0	784c28f6	1998/zip/k_hook.zip/K_HOOK.IT
77c9c8f624102d0923f8663cd9810a5e	1	370860	player+volume	it2play	Impulse Tracker 2.14+	26	900779	242a3330	624e05de	1998/zip/k_next.zip/K_NEXT.IT
781916bf4c207c465b25585528e41a56	1	219312	player+silence	it2play	Impulse Tracker 2.14+	12	513412	2b0f1733	e2c01600	1998/zip/k_k.zip/K_K.IT
786b1a5a07c4425d90535644382ea526	1	312701	player+silence	it2play	Impulse Tracker 2.14+	25	433293	c14b5039	fdf166e8	1999/zipfiles/k_wespen.zip/K_WESPEN.IT
7899bd4e668bc93e354262963609182b	1	279270	player	it2play	Impulse Tracker 2.13	12	451734	6eb96488	64b737e3	1998/zip/k_vuorsi.zip/K_VUORSI.IT
78b485bd2b036dd61234434786a3ef09	1	226766	player+silence	ft2play	FastTracker v2.00	16	517175	83149f9f	2a294a50	1998/zip/k_clouds.zip/K_CLOUDS.XM
797d7e2896c21cd9b3e4ae3796b02449	1	113026	player+silence	st3play	Scream Tracker 3.2x (SB)	16	349391	33c54f34	9f775cf2	mdisks/kmd_ekos.zip/PHUTURE.S3M
7b01e9d743deb34a4addf068a532f487	1	297468	player+silence	it2play	Impulse Tracker 2.15	36	855339	50845284	6da500b7	2000/k_yayb.zip/K_YAYB.IT
7bee9546aaa5aa855b14b8cc8dd8d8c3	1	205745	player	st3play	Scream Tracker 3.2x (GUS)	9	328630	03c466f9	453c41cc	mdisks/codebrk.zip/SUMMERS.S3M
7c397f4a5ec95c1b9d9be4878f95faaa	0	294120	player	libopenmpt	MultiTracker 1.0	14	517470	60ec1b69	ae58e90c	1997/modules/k_auto.mtm
7c73adb1fb5107c1c8b2e5b47d9e7835	1	239017	player+silence	ft2play	FastTracker v2.00	32	646996	55d06de8	43778117	1999/zipfiles/k_sweet.zip/K_SWEET.XM
7ce6eb939888c60ef7c30e67069d4d04	1	108770	player	it2play	Impulse Tracker 2.11	16	404544	e10ea49b	0563caea	1997/modules/k_snow.s3m
7d23bf3f65ee70d2f1c08a883be4b373	1	253921	player	ft2play	FastTracker v2.00	18	409115	cb6ec2ed	ffcb929e	1997/modules/k_bree.xm
7edc0f2fdc31f03196d55010038216d4	1	348166	player+silence	it2play	Impulse Tracker 2.14+	22	701845	ccb41c4b	8efe0380	1998/zip/k_sine.zip/K_SINE.IT
7f99591b1582fac67cffd5769e015fb6	1	358468	player	ft2play	FastTracker v2.00	18	456752	1145e4c7	d3751723	1998/zip/k_fade.zip/K_FADE.XM
7fa13432c33b0ac7f17105b06219ceb9	1	459916	player+silence	ft2play	FastTracker v2.00	32	1102055	2b8ed857	b12d1afc	mdisks/amber.zip/M3-SUMAR.XM
8058742751b598598664b7be0fdd681e	1	207540	player+silence	ft2play	FastTracker v2.00	14	409482	7b2637cb	138ada90	1997/mdisks/recycle/k_progr2.xm
8058742751b598598664b7be0fdd681e	1	207540	player+silence	ft2play	FastTracker v2.00	14	409482	7b2637cb	138ada90	1997/mdisks/zip/kmd_recy.zip/K_PROGR2.XM
8058742751b598598664b7be0fdd681e	1	207540	player+silence	ft2play	FastTracker v2.00	14	409482	7b2637cb	138ada90	mdisks/kmd_recy.zip/K_PROGR2.XM
80a07499d63c4cac4d24b8b4c97a82c1	1	162104	player+silence	st3play	Scream Tracker 3.2x (SB)	16	678677	56b23abf	b82df8e7	mdisks/kmd_ekos.zip/COWBOY.S3M
80c57368aced7530f0d105053b71c402	1	216162	player	ft2play	FastTracker v2.00	24	388474	ef155086	433d75d2	1998/zip/k_btd2.zip/K_BTD2.XM
80dc1981d1fc4fcddad2a0cc6e29510e	1	295750	player+silence	ft2play	FastTracker v2.00	22	854605	13cfef87	86e158df	1997/modules/k_she.xm
80e2d1d846a37ef5ee5a9c6793f3f17c	1	238962	player+volume	ft2play	FastTracker v2.00	32	1110959	b476882c	6331790c	1999/zipfiles/k_dreamp.zip/K_DREAMP.XM
845b40e630e6baf7d8bf21e410e622ec	1	302461	player+silence	it2play	Impulse Tracker 2.14+	18	670000	1879f930	e0520c80	1998/zip/k_4f1a00.zip/K_4F1A00.IT
85266e515a504277b57dfcac5888b606	1	370605	player+silence	ft2play	FastTracker v2.00	32	2668682	541167bf	65fe4107	2000/k_armed.zip/K_ARMED.XM
8669d03ef3990a3a748514497f12c381	1	321986	player+silence	ft2play	FastTracker v2.00	10	465796	f6677112	d87f4038	mdisks/viv-aos2.zip/TIMEOUT.XM
8784ede0797b699cf51f68ecabaebc09	1	231916	player	ft2play	FastTracker v2.00	14	595459	5a2c8df0	596ad979	1997/mdisks/recycle/squelch.xm
8784ede0797b699cf51f68ecabaebc09	1	231916	player	ft2play	FastTracker v2.00	14	595459	5a2c8df0	596ad979	1997/mdisks/zip/kmd_recy.zip/SQUELCH.XM
8784ede0797b699cf51f68ecabaebc09	1	231916	player	ft2play	FastTracker v2.00	14	595459	5a2c8df0	596ad979	mdisks/kmd_recy.zip/SQUELCH.XM
890ad059c315dbc5e457a7fe3d7e2092	1	267591	player+silence	ft2play	FastTracker v2.00	20	627553	bc5b4e67	6b33d46c	1997/modules/k_neutr.xm
8aaa46926524a32a1cac2b4b88a6c813	1	241358	player+silence	it2play	Impulse Tracker 2.14+	15	917514	4fc1a977	ef3d378e	1997/mdisks/goo/want2fly.it
8aaa46926524a32a1cac2b4b88a6c813	1	241358	player+silence	it2play	Impulse Tracker 2.14+	15	917514	4fc1a977	ef3d378e	1997/mdisks/zip/kmc_goo.zip/WANT2FLY.IT
8aaa46926524a32a1cac2b4b88a6c813	1	241358	player+silence	it2play	Impulse Tracker 2.14+	15	917514	4fc1a977	ef3d378e	mdisks/kmc_goo.zip/WANT2FLY.IT
8b8e4a95e26247d573682a0cd4c4af46	1	239985	player	it2play	Impulse Tracker 2.13	11	455147	4c5d0273	385fe6ef	1997/modules/k_yhto.it
8c883479186275a9893263849ac9b9a6	1	446354	player+silence	it2play	Impulse Tracker 2.04	22	693974	b6038611	2ec94fad	1997/modules/k_glass.it
8d5ab4d79238ea1e60a3937d0146dc63	1	441422	player+silence	ft2play	FastTracker v2.00	16	1073747	82dec8b1	7050dcc5	1997/modules/k_mean.xm
8ed601187bc6dae949302f583941601f	1	626409	player+silence	ft2play	<Unknown>	16	1019187	f8644510	769258c7	1997/modules/k_cold.xm
8f98fef70d872f274808a1c97e0d7cd1	1	271531	player+silence	it2play	Impulse Tracker 2.14+	9	442113	8f1d927c	ec3c9d58	1999/zipfiles/k_rev7.zip/K_REV7.IT
8f98fef70d872f274808a1c97e0d7cd1	2	7997	player
91ed38e39aac00c7854b5c0a00e4208c	1	205721	player	ft2play	FastTracker v2.00	32	699040	13de1b36	15de4379	1998/zip/k_divers.zip/K_DIVERS.XM
937eb08198387ad5a9818f653b0dffce	1	309876	player+silence	st3play	Scream Tracker 3.2x (GUS)	16	474577	9c16538d	a240d843	mdisks/bm_ngyou.zip/K_ULIME.S3M
9406de769a26a0126c0a84eb0de93a03	1	95186	player	it2play	Impulse Tracker 2.12	13	771851	e0e2f07b	000d6d71	1997/modules/k_kick.it
95a851b5186337ee80a5cb904663597c	1	230380	player	it2play	Impulse Tracker 2.13	7	1435815	7d87a468	ab643436	1997/modules/k_hyypio.it
95ce8478b4a9e2f1fdee4175f0ffb592	1	239549	player	ft2play	FastTracker v2.00	18	3316202	ea50b4dc	89277854	1998/zip/k_altern.zip/K_ALTERN.XM
965b610f1d6f79e902c8ef76bc39d479	1	266028	silence	ft2play	FastTracker v2.00	16	646585	2d7b422b	03d75630	1998/zip/k_delay.zip/K_DELAY.XM
966f5a53ebc373aa4a4afc3efee4b8d3	1	143653	player	it2play	Impulse Tracker 2.10	10	256064	39dced7d	0cbacf45	1997/modules/k_breath.it
9741e026a3857243c52c542b1f523e11	1	137518	player+silence	it2play	Impulse Tracker 2.14+	7	581139	8c825e81	0c824d43	1997/modules/k_astrop.it
979d146ff8fee2f4bdac2a18c4388992	1	358697	player+silence	ft2play	FastTracker v2.00	16	372785	3ed566e7	2e48351c	1998/zip/k_saddaz.zip/K_SADDAZ.XM
980dae3dcfdf513a15983f354254dc87	1	241662	player+silence	ft2play	FastTracker v2.00	16	450633	8c8bec76	800ea59f	mdisks/viv-aos3.zip/CANTSTOP.XM
9836a12d369572f47440e9dc8471bdbd	1	159970	player	st3play	Scream Tracker 3.2x (SB)	16	588960	1f82d2ee	91f2c8a6	mdisks/kmd_ekos.zip/PINK.S3M
98b6d8f055aeca5356ebcb22a2bcedce	1	324762	player+volume	it2play	Impulse Tracker 2.09	18	497792	27dd0c7b	a928b17f	1997/modules/k_trip.it
9d194512d179a55ea270a1e4c71d6990	1	314977	player	st3play	Scream Tracker 3.2x (GUS)	16	752346	bf5d8151	596118db	mdisks/bm_ngyou.zip/DISEASED.S3M
9d36f934309bf84178f747fdd6e77539	1	243712	player+silence	it2play	Impulse Tracker 2.15	5	343597	e7d5918a	b2b2b75c	1999/zipfiles/k_trank.zip/K_TRANK.IT
9d80150c16e556ea91015cb91a44fcd9	1	583567	player+silence	st3play	Scream Tracker 3.2x (GUS)	15	725619	f279c9ba	691afe1e	mdisks/bm_ngyou.zip/WHY.S3M
9e1f919931bb638a3afa24422f4e20a1	1	230308	player+silence	it2play	Impulse Tracker 2.10	16	589092	56021e57	1d13b8db	1997/modules/k_twice.it
9e2798a3655ef008eddc600d8c521e6b	1	263349	player	ft2play	FastTracker v2.00	20	443453	dbef5e4a	d5c984cb	1998/zip/k_hope.zip/K_HOPE.XM
9ea0e95d96a47b93dc0af9f6fa8a4a57	1	264423	player+silence	it2play	Impulse Tracker 2.13	64	302834	03201366	d973b347	1997/modules/k_believ.it
9ee2d472af2152087f5c7174f8489e5d	1	241240	player+silence	it2play	Impulse Tracker 2.14+	22	221173	f0540fb9	61dfcedc	1998/zip/k_run.zip/K_RUN.IT
a0492f23098eacb03df457566cacdca0	1	224815	player+silence	it2play	Impulse Tracker 2.14+	34	642221	6fda21fe	2779bf7a	1998/zip/k_pan.zip/K_PAN.IT
a0492f23098eacb03df457566cacdca0	2	422255	player+silence
a0aceee2a0343f10cfa787ab855097cc	1	224169	player+volume	it2play	Impulse Tracker 2.14+	20	932406	d0b439ca	a1c2cc92	1998/zip/k_mbleed.zip/K_MBLEED.IT
a0f51331070e6d37b942bb4f07033793	1	179783	player	st3play	Scream Tracker 3.2x (GUS)	16	360329	752c9eaa	b44d4c5b	1997/modules/k_seriou.s3m
a133e6ccf47fc01d3f69753f53eb75ad	1	303518	player+volume	it2play	Impulse Tracker 2.15	35	459352	a6680b4c	62715494	1998/zip/k_give.zip/K_GIVE.IT
a1ad4eddd7c6ac00d3d29b8d336f6a80	1	223850	player	it2play	Impulse Tracker 2.14+	17	675851	f757ec9a	03a0275c	1997/modules/k_jrift.it
a26be6311f25b3a7f40347cc01be18f9	1	415905	player	ft2play	FastTracker v2.00	14	2533343	03cf00fa	d5a3aa9f	1998/zip/k_elect.zip/K_ELECT.XM
a2d7634c2b2df8c7aa4a016bdb064978	1	208225	player+silence	it2play	Impulse Tracker 2.14+	22	690685	15578d17	69d7413c	1998/zip/k_alane.zip/K_ALANE.IT
a2e47046d6b2cd9e1d8df985d862bf32	1	156373	player	it2play	Impulse Tracker 2.14+	18	574206	9f073679	f8bc1813	1998/zip/k_13b.zip/K_13B.IT
a44c17bbd7672e1de25d7a3b2e67c12a	1	366251	player+silence	ft2play	FastTracker v2.00	20	494924	bedb5612	31670411	1997/modules/k_srain.xm
a4cc48d5a2b02f5c9a3cac39d0cef204	1	229841	player+silence	it2play	Impulse Tracker 2.14+	26	216892	b03be9d7	f50f0c6e	1998/zip/k_xeway.zip/K_XEWAY.IT
a4cc48d5a2b02f5c9a3cac39d0cef204	2	21922	player
a8cda62658d75918088191a9846416cd	1	581923	player+silence	it2play	Impulse Tracker 2.14+	32	980129	7b628577	232b229a	1998/zip/k_kontr.zip/K_KONTRA.IT
ab857d91f71dbaba1e184081d1108d79	1	271454	player+silence	it2play	Impulse Tracker 2.14	17	413710	e5d2e556	826cae1d	1999/zipfiles/k_strong.zip/K_STRONG.IT
abe7c3a4392f11738b64c864b2c93c50	1	141443	player	st3play	Scream Tracker 3.2x (SB)	16	623596	2c93db99	f2b7fbfd	mdisks/kmd_ekos.zip/10.S3M
ac24520f864f377956e1883e0278daaa	1	231662	player+volume	ft2play	FastTracker v2.00	14	580957	3d17581e	1a5d2e11	1997/mdisks/recycle/fuzzlogc.xm
ac24520f864f377956e1883e0278daaa	1	231662	player+volume	ft2play	FastTracker v2.00	14	580957	3d17581e	1a5d2e11	1997/mdisks/zip/kmd_recy.zip/FUZZLOGC.XM
ac24520f864f377956e1883e0278daaa	1	231662	player+volume	ft2play	FastTracker v2.00	14	580957	3d17581e	1a5d2e11	mdisks/kmd_recy.zip/FUZZLOGC.XM
ae0be96cd6d5132b5d0a9e496ef6513c	1	153001	player+silence	ft2play	FastTracker v2.00	32	1765588	0d2326a2	2e83a87a	1999/zipfiles/k_boom.zip/K_BOOM.XM
ae43882c8678e88bb25e352c155e9e84	1	418717	player+volume	it2play	Impulse Tracker 2.14+	32	1527437	34e593c3	50d805c7	1999/zipfiles/k_world2.zip/K_WORLD2.IT
ae6028d31aa6cf2ffbaaf17371bded65	1	283276	player+silence	it2play	Impulse Tracker 2.14	26	497143	89d1120a	ac2d137d	mdisks/amber.zip/ZN-SHIVE.IT
ae6028d31aa6cf2ffbaaf17371bded65	2	41273	player
ae7ff29724aed59b18087e00e7d0c3e4	1	201585	player	it2play	Impulse Tracker 2.12	16	326106	f12e7467	0720d465	1997/modules/k_tbbm.it
afe0d1bd279318a9aa12452c4578b02e	1	285458	player+silence	it2play	Impulse Tracker 2.14+	18	408193	391df0e0	40cdcf24	1997/modules/k_acre.it
b035afe76b53cc4e839beb7dd4997c49	1	212823	player+silence	it2play	Impulse Tracker 2.14+	30	1435784	2830155d	be8ab540	1998/zip/k_millen.zip/K_MILLEN.IT
b0a3597a94d010061475b3e1ba5b4edb	1	360699	player+silence	it2play	Impulse Tracker 2.14+	27	651532	98000aad	204968e3	1997/modules/k_stronc.it
b13faf8d03f28cca25cfe8a0ec9adc44	1	275438	player+volume	ft2play	FastTracker v2.00	22	606941	9585ff53	add25127	1997/modules/k_asmix.xm
b182d4eb5e708bf821c048f385070b6c	1	286765	player	it2play	Impulse Tracker 2.14	18	734430	78f03acd	72aaba8c	1997/modules/k_amnes.it
b1b88aaac6cc0e764aaadee800041fc0	1	295158	player+silence	it2play	Impulse Tracker 2.14+	25	906177	8eb5479c	ac302227	1998/zip/k_blox.zip/K_BLOX.IT
b2095ebcbe66522298094233fdcdc8d6	1	250082	player+silence	it2play	Impulse Tracker 2.15	36	2468342	09186469	a436e994	2000/k_trap.zip/K_TRAP.IT
b275a7873f9d1869b62bb00d715c4dcc	1	194789	player	ft2play	FastTracker v2.00	26	980713	e56c7f8b	99c8915b	1998/zip/k_shakei.zip/K_SHAKEI.XM
b30e7c07aa2321fe519a3fc708ca8eab	1	321200	player+silence	it2play	Impulse Tracker 2.13	6	575409	fd82e803	9ef53cf1	1997/modules/k_pelko.it
b3238951cb0d3d545ca04231e9cf5c6a	1	605400	player+silence	it2play	Impulse Tracker 2.10	16	626153	1b20b208	e053d869	1997/modules/k_flux.it
b355a957ca1da297734605ab4f0dc05e	1	196956	player+silence	ft2play	FastTracker v2.00	32	1797365	14e37c54	f1f76fde	2000/k_nights.zip/K_NIGHTS.XM
b37ff85ed3735a8b8858ed2efeee5ae5	1	356119	player+volume	it2play	Impulse Tracker 2.14	20	478951	cf11b363	b3363170	1997/modules/k_tran.it
b587070980f87f3a1951d4b3e6e80e2a	1	204503	player+volume	it2play	Impulse Tracker 2.04	22	250020	042a91ad	cba6f1ef	1997/modules/k_lman.it
b6e5adec860a8cb610061baa08fc08d6	1	345058	player	st3play	Scream Tracker 3.2x (GUS)	9	224858	e53b1876	3df9847a	mdisks/codebrk.zip/DEMOLIT.S3M
b907aba1cdaa33c096bf5e05c7d85686	1	259722	player	ft2play	FastTracker v2.00	22	745540	5e3c7b9b	7b80041f	1997/demos/dream/bm_green.xm
b907aba1cdaa33c096bf5e05c7d85686	1	259722	player	ft2play	FastTracker v2.00	22	745540	5e3c7b9b	7b80041f	1997/demos/zip/kd_dream.zip/BM_GREEN.XM
bc03693e7edfb402af1dfef28ea731d8	1	337824	player	it2play	Impulse Tracker 2.14+	40	889198	a5f2adde	7285e5dd	1998/zip/k_yundah.zip/K_YUNDAH.IT
bce1f2b0381523a9b817e475dce5d89e	1	425674	player	ft2play	FastTracker v2.00	16	319957	ab1c6a59	ba01fe54	1997/modules/k_accum.xm
bdc7c2f9bd0412d35ce17e2067b1d870	1	163386	player	st3play	Scream Tracker 3.2x (SB)	16	350630	aeeada61	53b8ff51	mdisks/kmd_ekos.zip/POY-GB.S3M
bebeb9f22dbee92e87ac0d861e7b79f7	1	410523	player+silence	it2play	Impulse Tracker 2.11	30	791649	cdc18948	b37061f1	1997/modules/k_human.it
bf519ad60835924f7598f985903eaa23	1	347734	player+silence	it2play	Impulse Tracker 2.14+	12	205400	e8db0f21	ccc67a46	1997/mdisks/goo/defunct.it
bf519ad60835924f7598f985903eaa23	1	347734	player+silence	it2play	Impulse Tracker 2.14+	12	205400	e8db0f21	ccc67a46	1997/mdisks/zip/kmc_goo.zip/DEFUNCT.IT
bf519ad60835924f7598f985903eaa23	1	347734	player+silence	it2play	Impulse Tracker 2.14+	12	205400	e8db0f21	ccc67a46	mdisks/kmc_goo.zip/DEFUNCT.IT
bf71f0a96e8cca0401107a872cd597e2	1	325888	player	st3play	Scream Tracker 3.2x (GUS)	8	188225	f9e2888e	fed903e2	mdisks/codebrk.zip/SHREDDED.S3M
c0ceb55198f6205f28b5f29a86b8a68f	1	348164	player+silence	it2play	Impulse Tracker 2.14+	16	1547591	70bb735e	3b41b810	1999/zipfiles/k_suckl.zip/K_SUCKL.IT
c17d234de31bbb3f0e8ba6cb40afd933	1	254556	player	ft2play	FastTracker v2.00	16	696104	77fc0349	af7a2996	mdisks/amber.zip/DH-FIW.XM
c20736772e825cea744dab788b5341d8	1	254506	player+silence	it2play	Impulse Tracker 2.14+	32	627899	7d527e05	731a0cc0	1998/zip/k_illus2.zip/K_ILLUS2.IT
c2ebcc2f619c3f67e381fc6effeeaedd	1	338793	player+volume	it2play	Impulse Tracker 2.14+	19	653143	49c07bcc	d4d9dffa	1998/zip/k_symph.zip/K_SYMPH.IT
c40254965099b1a215240b207cd882e7	1	151568	player	ft2play	FastTracker v2.00	16	633758	2cf2e450	5a6b525f	1997/modules/k_kosdre.xm
c4d0751347048c7745f48f299231901c	1	249402	player+silence	ft2play	FastTracker v2.00	18	894016	b6369b22	40aee633	1997/modules/k_soil.xm
c685f0c7cf44660c41e4c125192b7742	1	277099	player	it2play	Impulse Tracker 2.14+	12	855740	d7fc2229	43b75522	1998/zip/k_death.zip/K_DEATH.IT
c70954d3af58a7b13ef95804df0ae02a	1	210099	player+silence	ft2play	FastTracker v2.00	16	257736	275a9e53	f493737d	1998/zip/k_sewer.zip/K_SEWER.XM
c729d0d033638428d0e401d3a6cf44f9	1	238110	player	ft2play	FastTracker v2.00	16	504336	3d5ca9ae	54d972d4	1997/mdisks/recycle/accidntl.xm
c729d0d033638428d0e401d3a6cf44f9	1	238110	player	ft2play	FastTracker v2.00	16	504336	3d5ca9ae	54d972d4	1997/mdisks/zip/kmd_recy.zip/ACCIDNTL.XM
c729d0d033638428d0e401d3a6cf44f9	1	238110	player	ft2play	FastTracker v2.00	16	504336	3d5ca9ae	54d972d4	mdisks/kmd_recy.zip/ACCIDNTL.XM
c72e3935f2f08e1a0dec47648b33e74e	1	245752	player	it2play	Impulse Tracker 2.14	24	672832	01e60e08	999ccbd1	1998/zip/k_shine.zip/K_SHINE.IT
c73f810d0bd0b99312531e3d14ae1167	1	222164	player+silence	ft2play	FastTracker v2.00	24	4963505	7cd4b3d5	bcf1202a	1999/zipfiles/k_what.zip/K_WHAT.XM
c7c480477d7b8418d1d98bf3bf292485	1	136835	player+silence	it2play	Impulse Tracker 2.14	18	415469	15a97634	20cfc4e9	1999/zipfiles/k_aftrts.zip/K_AFTRTS.IT
c7c480477d7b8418d1d98bf3bf292485	2	15609	player+silence
c83be45447231700cec050108062e101	1	200800	player	ft2play	FastTracker v2.00	14	404778	b51ae55c	cb4a11cb	1997/modules/k_btt.xm
c862d6ffd9b4bb761083bd200899d697	1	247882	player	it2play	Impulse Tracker 2.14+	32	707176	353d5b42	607d40b7	1998/zip/k_illusi.zip/K_ILLUSI.IT
c8cfa6a92c5e61977073ba102d134e82	1	378925	player+silence	ft2play	FastTracker v2.00	10	400000	02ccb75b	7dbaa90c	mdisks/viv-aos2.zip/GDOWN.XM
ca5973b9a2dce8a1fb23c7b0c7cb178e	1	290187	player+silence	it2play	Impulse Tracker 2.14	27	565265	378e321d	5dd1af24	1998/zip/k_cryo.zip/K_CRYO.IT
ca5bf5a7677723d8b4833269889f1871	1	280482	player+silence	ft2play	FastTracker v2.00	12	992063	53b1eb92	a2cc465b	1998/zip/k_hot.zip/K_HOT.XM
ca84261fdf7fd675a6806eec89918fab	1	153221	player+silence	it2play	Impulse Tracker 2.14+	9	30705	2d164046	d470547e	1999/zipfiles/k_nero.zip/K_NERO.IT
caf5baea4efd315ec8b2db4e1c6938bb	1	327490	player+silence	ft2play	FastTracker v2.00	16	716047	42c05cde	00b1ea08	1998/zip/k_move.zip/K_MOVE.XM
cb20f3e05cdcb83cd5e53c4c4c1a57fe	1	303489	player	ft2play	FastTracker v2.00	16	500974	2c164ebd	067ce3a5	1997/modules/k_othday.xm
cc28ded931b5bd5ddc146199cd300830	1	199508	player+silence	ft2play	FastTracker v2.00	10	1000420	6bde59d3	328357ad	mdisks/amber.zip/MS-LIGHT.XM
ccfdd542fee25715f3f43436e665c083	1	168671	player	st3play	Scream Tracker 3.2x (GUS)	8	109845	7bce98c0	24398e83	mdisks/codebrk.zip/WHAT_HAP.S3M
cdecc650b76b8fad94462efa05488c4a	1	456139	player	it2play	Impulse Tracker 2.11	24	525117	92369e53	570b560e	1997/modules/k_etons.it
cdecc650b76b8fad94462efa05488c4a	2	30764	player
ce1277ebfcd08522d1d3bcd8da2e5cba	1	399036	player	ft2play	FastTracker v2.00	32	1142756	20abf651	636bf288	mdisks/amber.zip/SN-FALLA.XM
cedf22a32b5dc7fc65d94d77d9e4a109	1	351266	player+silence	it2play	Impulse Tracker 2.14+	15	383305	e5d7a535	b8681b53	1999/zipfiles/k_plur.zip/K_PLUR.IT
cf35777acc2355c20cc730acfd116a36	1	397720	player+silence	it2play	Impulse Tracker 2.15	40	1479711	f04dd566	d6637c4f	2000/k_if.zip/K_IF.IT
d0299a96909f480299b012b4cdcc71b7	1	225773	player+silence	ft2play	FastTracker v2.00	12	993543	81a6395b	5c201dea	1998/zip/k_elona.zip/K_ELONA.XM
d04ae6866b39a1f0868762400c22520f	1	150586	player	it2play	Impulse Tracker 2.14+	15	1183170	e051a6d9	26e56815	1998/zip/k_conobs.zip/K_CONOBS.IT
d08645724be2ee1731ddc55a077c1550	1	387555	player+silence	it2play	Impulse Tracker 2.14+	17	878150	85764acb	dd342683	1998/zip/k_sockm.zip/K_SOCKM.IT
d0a8af3a1842a2566c1d7de9135fcf3c	1	105286	player	ft2play	FastTracker v2.00	18	55094	f7d9f567	ff84a22f	mdisks/amber.zip/M3-HOME.XM
d12ac6e26aff616a8d2acb0508ad9c6b	1	83938	player	ft2play	FastTracker v2.00	8	345248	8e118135	f70717c1	mdisks/amber.zip/IN-PIANO.XM
d12d92f1554a52e322473014ffedb448	1	359426	player	it2play	Impulse Tracker 2.14	13	523966	9a0499f6	1c962caf	1998/zip/k_reo.zip/K_REO.S3M
d2a46a6ec30a47ffb07290aa20600e3d	1	409420	player	it2play	Impulse Tracker 2.14+	20	1515244	f35091b1	c75e15ea	1999/zipfiles/k_world1.zip/K_WORLD1.IT
d379cf1b4ca5b97011e9e650259d4bdc	1	290365	player+silence	it2play	Impulse Tracker 2.14+	13	229353	7f12e8ee	d4f6ffea	1997/mdisks/goo/astroid.it
d379cf1b4ca5b97011e9e650259d4bdc	1	290365	player+silence	it2play	Impulse Tracker 2.14+	13	229353	7f12e8ee	d4f6ffea	1997/mdisks/zip/kmc_goo.zip/ASTROID.IT
d379cf1b4ca5b97011e9e650259d4bdc	1	290365	player+silence	it2play	Impulse Tracker 2.14+	13	229353	7f12e8ee	d4f6ffea	mdisks/kmc_goo.zip/ASTROID.IT
d3b37647bd7b246a20d0af9d30bfefa6	1	201964	player+silence	ft2play	FastTracker v2.00	20	840519	f6b22ced	fcbd6ab2	1997/mdisks/greenat/bm_god.xm
d3b37647bd7b246a20d0af9d30bfefa6	1	201964	player+silence	ft2play	FastTracker v2.00	20	840519	f6b22ced	fcbd6ab2	1997/mdisks/zip/kmd_grn.zip/bm_god.xm
d3b37647bd7b246a20d0af9d30bfefa6	1	201964	player+silence	ft2play	FastTracker v2.00	20	840519	f6b22ced	fcbd6ab2	mdisks/kmd_grn.zip/bm_god.xm
d4470cd8d04aef6c29e69ee4442a3ac7	1	253689	player	ft2play	FastTracker v2.00	32	3023954	aaf6a490	f9a7959d	1999/zipfiles/k_syra.zip/K_SYRA.XM
d45fa235e21b5c59e53b29fc8ca700b3	1	437906	player+silence	it2play	Impulse Tracker 2.02	12	397814	29c6e88f	53875db8	1997/modules/k_rad.it
d48bd55078f60222543bb17ede4a3015	1	110677	player+silence	ft2play	FastTracker v2.00	18	585924	8186bf09	02e5f6e5	1998/zip/k_goatp.zip/K_GOATP.XM
d600e5be7c5fb86468a1c5febd7085ce	1	221568	player+volume	it2play	Impulse Tracker 2.14+	33	1036061	6c036e8e	9707430b	1998/zip/k_13lit.zip/K_13LIT.IT
d62894090c581ed5562cc7eed6cd7dad	1	201907	player	it2play	Impulse Tracker 2.10	12	521471	617a52bd	8e201004	1997/demos/dms/dms.s3m
d62894090c581ed5562cc7eed6cd7dad	1	201907	player	it2play	Impulse Tracker 2.10	12	521471	617a52bd	8e201004	1997/demos/zip/kos_dms.zip/DMS.S3M
d6df71576ae2a2a9bbb3776a72c99af9	1	249905	player+silence	ft2play	FastTracker v2.00	22	822017	f91e542f	fcbe0a8c	1998/zip/k_cntstp.zip/K_CNTSTP.XM
d713dc0ceb48a7b7def8f6f5e62c3cd3	1	283792	player+silence	it2play	Impulse Tracker 2.14+	18	732416	46391813	14ba546f	1998/zip/k_hmupp.zip/K_HMUPP.IT
d77c119fe1c57150b57d6870635125bd	1	286549	player+silence	it2play	Impulse Tracker 2.14	22	1504978	322683f9	6c7e9658	1998/zip/k_trcns.zip/K_TRCNS.IT
d78496172756677e19358c8e66be32de	1	292728	player+silence	it2play	Impulse Tracker 2.09	16	810859	49db7123	01a8e4ac	1997/modules/k_jly.it
d9a7d6d790e33b16b1018bcc3e2a7522	1	233531	player	ft2play	FastTracker v2.00	32	1185322	66ad9e69	6c8cb6bb	1999/zipfiles/k_bag.zip/K_BAG.XM
d9becf9155c4c94553f8413847ad49d6	1	529006	player+silence	it2play	Impulse Tracker 2.15	32	880765	f15c6964	4a2d613f	1998/zip/k_cote.zip/K_COTE.IT
debd045e617dec16cc5ac3b7664e9cc2	1	485053	player	ft2play	FastTracker v2.00	12	996138	f503e228	cf46676b	1998/zip/k_nervos.zip/K_NERVOS.XM
dedebd98c4792c8082e693e42a5c891a	1	403352	player	it2play	Impulse Tracker 2.14+	16	625653	1fcea688	a91a6762	1997/modules/k_goawy.it
df09123c8f3e09d5b0baf90337624016	1	270650	player+volume	it2play	Impulse Tracker 2.15	32	1174713	225c3315	02106b23	1998/zip/k_pearl.zip/K_PEARL.IT
df3b15bf322ccd029391ba9b5ccd6f13	1	521359	player+silence	it2play	Impulse Tracker 2.12	21	942498	838f19b2	2c7b529a	1997/modules/k_rainbw.it
df5edb0d7b1b4bc09e17158143a3f378	1	217256	player	ft2play	FastTracker v2.00	14	747567	c53ece65	c4223d36	1997/modules/k_heavn.xm
df8f139d409ede8cb856eee58d15c633	1	281127	player+silence	it2play	Impulse Tracker 2.14+	8	1551243	c52d2686	70a39ff6	1998/zip/k_lead.zip/K_LEAD.IT
dfc4646400f8e8d3e45c5381fba8aa24	1	424058	player+silence	st3play	Scream Tracker 3.2x (SB)	16	848227	c00ed629	ec2bfd73	mdisks/kmd_ekos.zip/EKOS.S3M
e01c2be39b4de8985d5bc3c35294a3b4	1	177496	player+silence	ft2play	FastTracker v2.00	18	663316	a7d3e8ec	e425e63f	mdisks/viv-aos1.zip/EEKA.XM
e04d7c21958a248a337bc969dce32ade	1	287007	player	ft2play	FastTracker v2.00	20	1205068	f0b202b7	eadee9b6	1997/modules/k_incan.xm
e087c110b4d9f99bdf09ed890b9468f4	1	292344	player	ft2play	FastTracker v2.00	20	1149455	e2333aca	0fe4bfde	mdisks/amber.zip/QM-ICHIY.XM
e1409cc11970891beefc80f980bce29f	1	384867	player+silence	ft2play	FastTracker v2.00	10	1111034	bdaff8f0	bb124dee	1997/modules/k_hypno.xm
e14ae0abbe14dae27b4e9bfc3f62b8fa	1	327408	player+silence	ft2play	FastTracker v2.00	16	964858	2e8e8ba5	23b2fd49	1997/modules/k_templ.xm
e20dc9f0bcf000bdfc43cbf53fa6d84a	1	194098	player	ft2play	FastTracker v2.00	32	848801	9d7fb67e	f50c7019	1998/zip/k_bvibe.zip/K_BVIBE.XM
e24f177b8c8967be8c6ab12459b8903b	1	381516	player	ft2play	FastTracker v2.00	18	657735	c1c5af29	b174a5ec	1997/mdisks/recycle/echoloc.xm
e24f177b8c8967be8c6ab12459b8903b	1	381516	player	ft2play	FastTracker v2.00	18	657735	c1c5af29	b174a5ec	1997/mdisks/zip/kmd_recy.zip/ECHOLOC.XM
e24f177b8c8967be8c6ab12459b8903b	1	381516	player	ft2play	FastTracker v2.00	18	657735	c1c5af29	b174a5ec	mdisks/kmd_recy.zip/ECHOLOC.XM
e2ea9d00aa9fa82dab9947a22eb363c1	1	491505	player	it2play	Impulse Tracker 2.09	14	611025	8000d7cc	ccf2e1c9	1997/modules/k_nauru.it
e3023d77f4d877ee19277717fe7c362b	1	1083300	player+silence	it2play	Impulse Tracker 2.14+	64	853416	92e03588	7a16b67d	1998/zip/k_karma.zip/K_KARMA.IT
e31aca2b7041965d9d6438e3cd4445ce	1	205573	player+silence	ft2play	FastTracker v2.00	32	2217618	601d3569	6b8ebbd0	1999/zipfiles/k_anxi.zip/K_ANXI.XM
e3d49708b317962e92c7cdda3cb686a3	1	269156	player+volume	it2play	Impulse Tracker 2.14	10	381285	86238d7e	ec9ef506	mdisks/amber.zip/KJ-DESER.IT
e40670185bc1a8202ed93f3ad926c3e0	1	172590	player+volume	it2play	Impulse Tracker 2.09	17	837927	cda622a5	17c1bd52	1997/modules/k_port.it
e458ec3705126e196a315c39be4f3e90	1	223252	player+silence	st3play	Scream Tracker 3.2x (SB)	16	966240	f96a929e	37e6f686	mdisks/kmd_ekos.zip/SHIVA.S3M
e64e31270994720f7d424912a3d110a5	1	358926	player	ft2play	FastTracker v2.00	20	320369	a46bc8c5	ab2c02cc	1997/modules/k_spark.xm
e6528b37b5a87d9ca33c1e6d32e48a69	1	250120	player+silence	ft2play	FastTracker v2.00	32	4520239	d5726314	4a4c60d6	1999/zipfiles/k_wantme.zip/K_WANTME.XM
e6fbce90b77d6ed3963b59aeebd914c7	1	292553	player	ft2play	FastTracker v2.00	12	617289	fdf1eb78	ce65dcee	1998/zip/k_back.zip/K_BACK.XM
e728227feef1ddf556a5979c46de8080	1	359856	player	ft2play	FastTracker v2.00	16	743543	c24a3d31	892398ba	mdisks/amber.zip/MA-DARKS.XM
e77ff3e8ebb992439ad3491316e363b9	1	293717	player	it2play	Impulse Tracker 2.11	23	951336	296ef394	d10cc70d	1997/modules/k_ravea.it
e7b69ac88e84818a0444c5c009ac7d51	1	225807	player+silence	ft2play	FastTracker v2.00	32	1115342	edbb65cb	946be7db	1998/zip/k_daydr.zip/K_DAYDR.XM
e81cdc952701d8f1bbcd1e77c44e300d	1	221952	player+silence	ft2play	FastTracker v2.00	10	501761	c465f6e1	31a78998	1998/zip/k_sync.zip/K_SYNC.XM
e8fda391a603e5e943f3868771b622ad	1	322388	player+silence	it2play	Impulse Tracker 2.14+	20	1014687	aa574a10	2ab8cb04	1998/zip/k_stuck.zip/K_STUCK.IT
ea1bbbc9ff137a8eba30a92c6bbb6e27	1	357420	player+silence	ft2play	FastTracker v2.00	16	935302	68c6c724	fa46a560	1997/modules/k_aero.xm
eb5ac4ad3780230be847a7375a23a31b	1	278624	player	ft2play	FastTracker v2.00	26	536423	641ca42b	b89d1b31	1997/modules/k_dsol.xm
ec55c062d2bc1226d499b3c505489b93	1	289047	player+silence	ft2play	FastTracker v2.00	26	2995767	a0920a91	b0c40882	1999/zipfiles/k_dowhat.zip/K_DOWHAT.XM
ec97a6847846d9393d2777b1a629793f	1	357115	player	it2play	Impulse Tracker 2.13	17	830055	7a333014	a828acb4	1998/zip/k_weird.zip/K_WEIRD.IT
ec97a6847846d9393d2777b1a629793f	2	7676	player
ec97a6847846d9393d2777b1a629793f	3	30704	player
ec97a6847846d9393d2777b1a629793f	4	80638	player
ed0c6d19b5eee72c4bde8a51199f71ac	1	186703	player+silence	ft2play	FastTracker v2.00	16	170602	1794cbd6	7420d9d8	1997/modules/k_shadow.xm
edd6deb6010c732ec49db4958561dd2b	1	461108	player+silence	ft2play	FastTracker v2.00	26	2153389	ce883fb5	2eee8283	1998/zip/k_nil.zip/K_NIL.XM
ee2a8e59f4f5d26a86da9d0f8230fcee	1	234534	player+silence	it2play	Impulse Tracker 2.14+	20	782874	5849dc90	67d15f03	1998/zip/k_alien.zip/K_ALIEN.IT
ee2a8e59f4f5d26a86da9d0f8230fcee	2	7625	player+volume
ee2a8e59f4f5d26a86da9d0f8230fcee	3	8037	player
eed26a685ad77680ee35dcc238d20ae9	1	314021	player+silence	it2play	Impulse Tracker 2.14+	29	2245863	d8ca8311	0b012ecf	2000/k_isinf.zip/K_ISINF.IT
eef7c1a5222f2076f9b59ea7694bb670	1	210570	player+volume	ft2play	FastTracker v2.00	26	837158	42ce716e	1ee2a54a	1997/modules/k_rebmix.xm
eefe747372791a136bec58e4acdf0bcd	1	315477	player	ft2play	FastTracker v2.00	20	537815	cec9933c	ace6bc9a	1998/zip/k_pure.zip/K_PURE.XM
f00faba48b84eb37d0350de58014ae94	1	256749	player+silence	ft2play	FastTracker v2.00	18	561704	ef828f22	0b9d4bbc	1997/modules/k_sun_2.xm
f07e7a8477d1e752fd26943154c2fbee	1	253667	player	ft2play	FastTracker v2.00	12	409226	c6cf5764	c2f13b9f	1997/mdisks/recycle/horizons.xm
f07e7a8477d1e752fd26943154c2fbee	1	253667	player	ft2play	FastTracker v2.00	12	409226	c6cf5764	c2f13b9f	1997/mdisks/zip/kmd_recy.zip/HORIZONS.XM
f07e7a8477d1e752fd26943154c2fbee	1	253667	player	ft2play	FastTracker v2.00	12	409226	c6cf5764	c2f13b9f	mdisks/kmd_recy.zip/HORIZONS.XM
f0cb4c0a621b0f124d7b01a5176de1e3	1	308605	player+silence	it2play	Impulse Tracker 2.12	48	1529452	a05998e0	5ed8d550	1997/modules/k_escpe2.it
f18dc5ce4705553b42a714355c782bac	1	685234	player	it2play	Impulse Tracker 2.15	64	1672140	8e9cced5	bdefa689	1999/zipfiles/k_mmad.zip/K_MMAD.IT
f198b387ac35f42583e46e6e4389f87a	1	254208	player	ft2play	FastTracker v2.00	22	104119	89eabb54	3439a6cf	mdisks/amber.zip/VG-OSLO.XM
f2ecc1e3c778717408ff3b19bc14ba61	1	440890	player+volume	it2play	Impulse Tracker 2.15	22	1024249	44625d26	470f4346	1998/zip/k_turtle.zip/K_TURTLE.IT
f499ac165229f960002b260202de019a	1	166204	player	ft2play	FastTracker v2.00	14	524776	0cf62e23	798baf51	1998/zip/k_spin.zip/K_SPIN.XM
f59a35ebd847ca2920a4626f1a24373b	1	366470	player+silence	ft2play	FastTracker v2.00	14	576284	5512c097	07e89992	1997/modules/k_ospace.xm
f5ecabb6921bb7b62053b5e7947aba03	1	388059	player+silence	ft2play	FastTracker v2.00	22	777862	ef3d6f06	3eee11ab	1998/zip/k_c45.zip/K_C45.XM
f636996f1fa6f0a16859ee973102f9b9	1	339938	player+silence	it2play	Impulse Tracker 2.14+	64	959733	c63f4f35	5f807ae1	1999/zipfiles/k_dsil.zip/K_DSIL.IT
f6b31659183c3b408cb7d570de724d02	1	468939	player	it2play	Impulse Tracker 2.14+	20	1142212	ac93b8f0	4300a6b9	1999/zipfiles/k_world3.zip/K_WORLD3.IT
f7719f70a96e33c0e48dd8fd1968b00f	1	311839	player	ft2play	FastTracker v2.00	20	1648302	e8fdf245	643cdaf2	1999/zipfiles/k_acadmc.zip/K_ACADMC.XM
f77272b4968057439bc1cf826e4fcbad	1	414605	player	it2play	Impulse Tracker 2.14+	21	764089	05005077	05df809b	1998/zip/k_ehsij.zip/K_EHSIJ.IT
f7c394b9b1f665b047dbab4db1b62a2e	1	232843	player+silence	it2play	Impulse Tracker 2.09	17	284285	a2a20a29	33461a6a	1997/modules/k_pass.it
fa3d796381d33e179855db5ca003e333	1	409458	player+silence	ft2play	FastTracker v2.00	22	912205	379f285d	e9a8c778	mdisks/amber.zip/MH-PARAN.XM
fb5ad14888122b1056de51ebfd0a8cd1	1	258808	player	ft2play	FastTracker v2.00	26	668103	8a263ff1	c8a50e20	1998/zip/k_needyo.zip/K_NEEDYO.XM
fb936bbb9945f0656ee7f52538cba34e	1	241438	player	ft2play	FastTracker v2.00	26	622786	650b3b70	aab49870	1998/zip/k_btd.zip/K_BTD.XM
fba31f0d02446826d8b3d8800a6f5f39	1	252235	player+silence	ft2play	FastTracker v2.00	16	647598	c5fd5cf2	a10e1e75	mdisks/viv-aos2.zip/INDIS_V.XM
fbde805fc21b72cf3d5cb68e25d53a2d	1	211130	player	it2play	Impulse Tracker 2.14+	14	2399076	2d274efa	63c6c6c1	1999/zipfiles/k_device.zip/K_DEVICE.IT
fc1f579b8329f04ce08422683eafd7c1	1	246313	player+silence	ft2play	FastTracker v2.00	16	502663	343dba99	01c99116	1997/modules/k_moon.xm
fd0ba6180ff5f12da8b8736e6cd7e912	1	258653	player	it2play	Impulse Tracker 2.14+	6	960943	b5258be9	8802762e	1998/zip/k_beta3.zip/K_BETA3.IT
fd254eb0365692e5285d8d73684aab47	1	319897	player+silence	it2play	Impulse Tracker 2.14+	24	674958	4cc16902	2f5ad965	1998/zip/k_ravol.zip/K_RAVOL.IT
fd44ea45f7ef0e285c5d79e5f8705c2e	1	420401	player+silence	it2play	Impulse Tracker 2.14+	15	327668	a0781d83	777ed778	1997/modules/k_xplo.it
fed2cc346bdf4409c850367ec8115bdf	1	366905	player+silence	it2play	Impulse Tracker 2.14	25	729479	d95d6626	2ffca487	1997/modules/k_unreq.it
