015759e2f3a9a4464a97732f53a5953a	0	6709	player	libopenmpt	Digitrakker 3	4	869	500246c0	7548042b	1996/no-image/n-play.arj/example/the_shor.mdl
01bb36bbfec879fb23087cc58a41d09b	1	168949	player+silence	it2play	Impulse Tracker 2.03	23	1067798	3fb27819	686e7588	1996/no-ocrem/ha-ocrem.it
0659c9d8464d4b03f69d67d73cfab954	1	86720	player+volume	it2play	Impulse Tracker 2.14+	9	76994	c6c46235	fe9221d9	1998/no-hpm03/hpm03_b.it
082c7d063233e2e318806b441c3563e9	1	455975	player+silence	it2play	Impulse Tracker 2.14	27	610316	999dc93d	180784d6	1997/no-30fps/ad_30f_s.it
089de27f0b859bb5270649f317948f4c	1	265382	player+volume	it2play	Impulse Tracker 2.14+	13	94410	a165f754	9ce0416f	1999/no-hpm08/beam/hpm08_a.it
08ee4dccb58ad2f8c6ea446fa0c68f8b	1	210832	player+silence	it2play	Impulse Tracker 2.14+	21	2310360	7940c74d	51282cf7	1998/no-0979/st-0979.it
09099bca86b44a924806246fca5bb9a2	0	168072	player+silence	libopenmpt	Unknown	14	489655	6144fcb6	e57920da	1996/orbit/no-brdly.xm
09566b8a2a983b115acb1a383399e6e6	1	329168	player+silence	it2play	Impulse Tracker 2.14+	22	432736	de45a577	69e2ecae	1999/no-hpm09/hpm09_b.it
09d79c8c1112e636ddcb4c98556be4c9	1	225356	player+silence	st3play	Scream Tracker 3.2x (SB)	16	312776	3125da2e	fbedec07	1996/no-anti/next.s3m
0a05dede7955a8b2ddf9323a52c070a6	1	128776	player+silence	it2play	Impulse Tracker 2.06	18	525769	0176df90	3bed2908	1996/no-swamp/no-swamp.it
0a480027588b18310fecd4988a2d1d8a	1	293534	player+silence	it2play	Impulse Tracker 2.03	23	916924	34468ed1	a0d7bab6	1996/no-nomad/ha-nomad.it
0af71786034f447a8c184a710f535de5	1	200725	player+silence	it2play	Impulse Tracker 2.02	12	502994	7a7f04bf	26801a91	1996/no-inrli/dx-inner.it
0b2907ad4960b9dbdb068744e7876eba	1	324441	player+silence	it2play	Impulse Tracker 2.14	48	786563	43e0f9bd	1dc8f267	1998/no-time3/sm_time3.it
0d804c00b4c08e701d8f07ce3a5b83a3	1	150911	player+silence	it2play	Impulse Tracker 2.13	10	415003	c3434eda	ec936303	1997/no-smegm/salt.it
0d992e8c46276ca3504630b2562f0166	1	282053	player+silence	st3play	Scream Tracker 3.2x (SB)	16	500560	03102607	35291911	1996/no-anti/motion.s3m
0de5933f56ec025b606412e9706151f6	1	390413	player+silence	it2play	Impulse Tracker 2.14	44	714855	bf7708ec	104e387d	1997/no-time/time1.it
0f66c39b1064fe7071b468e0ffcfe1fd	1	272699	player	it2play	Impulse Tracker 2.14	18	989066	b5b93ae5	e1638449	1997/no-gwmth/st-gwmth.it
0fd8452d6514a9592f92180ce21a781d	1	182339	player+silence	ft2play	FastTracker v2.00	16	177471	21b40804	c8785e5a	1995/noisepk5/bny-forw.xm
10c7aa1ae41160beef239829460cd7e9	1	428409	player	it2play	Impulse Tracker 2.14+	28	1550295	a255f232	bccc54c4	1998/no-push/ad_push.it
12af567033283002cfdeb9749b433b82	1	262030	player+silence	it2play	Impulse Tracker 2.14+	48	612934	2b0b106b	6fa29868	1998/no-dx_02/dxlite.it
12e1946c4f187bb568d41f477be57203	1	358444	player+silence	it2play	Impulse Tracker 2.14+	16	578510	6d1b703f	4e4d939e	1998/no-wfsin/wf-sin.s3m
12e1946c4f187bb568d41f477be57203	2	9986	player
12facbca9910e93b7ae82ec5a3c4a6c2	1	308523	player+silence	it2play	Impulse Tracker 2.14+	17	187455	2ecaaea8	436cf0e5	1999/no-hpmlp/hpmlp_02.it
14691e0bab8776c69b1d845c3570cff0	1	414846	player	it2play	Impulse Tracker 2.14+	9	81257	2e5cb06c	b6ae3791	1999/no-hpm10/hpm10_a.it
1583fff90c15f85c546216f4b51cfda3	1	224026	player+silence	ft2play	FastTracker v2.00	16	756443	94173c45	6a5aab00	1996/orbit/no-orbit.xm
1640275a77b72b457027e475b89a91d7	1	419136	player+silence	st3play	Scream Tracker 3.2x (GUS)	16	163846	1008f500	fed92bca	1995/no-voyag/sm-voyag.s3m
16e0f45de1aca7195adc738d83e1556c	1	297901	player+silence	st3play	Scream Tracker 3.2x (GUS)	16	191730	879f4833	3faae5ef	1995/noisepk5/sm-renew.s3m
180d75f82841504c09540457d8d03ad5	1	212207	player+silence	it2play	Impulse Tracker 2.14+	14	195605	cadc88aa	dbc346e1	1999/no-hpmlp/hpmlp_09.it
186fcb0d96cfb1afff6b64d34fbc9ecb	1	158225	player+silence	it2play	Impulse Tracker 2.06	15	290356	91eaedbd	6c8da593	1996/no-cjoe2/no-cjoe2.it
1a68abbb214ab0e634803a6b70d4c2ad	1	253027	player	st3play	Scream Tracker 3.2x (GUS)	16	355740	3836a406	fee5cc9f	1995/noisepk5/vh-swirl.s3m
1bf6f6dbda2724c42afacbd3d6f93bb8	1	247641	player	it2play	Impulse Tracker 2.15	14	1788425	2e016d9f	b1406f19	1999/no-stair/starcase.it
1c42f11952996e444f85a5047d884ff4	1	161120	player+volume	st3play	Scream Tracker 3.2x (SB)	16	164710	b58d6ee2	f88d85cc	1995/no-7spir/7spirits.s3m
1cab048f1fe0404dd08bdf82dcc8ce7c	1	217316	player+silence	it2play	Impulse Tracker 2.14+	16	496367	96794ec6	65bb8eec	1998/no-now/st-now.it
1d6fb19d5529ce439461f3bd046d84ea	1	339243	player+silence	ft2play	AstraDyne	18	864934	2f6717c4	b5650d7c	1996/no-jad/no-jad.xm
1d7cd3778bb885a51d454a479d338482	1	191061	player+silence	st3play	Scream Tracker 3.2x (SB)	16	322664	0abc6f06	54ecc679	1996/no-wtr/wh_rythm.s3m
1df5d9c7d5f4688a6f282bf631f10963	1	149762	player	it2play	Impulse Tracker 2.10	10	275922	070d84bc	0c845bff	1997/no-orion/orion.s3m
1f6d01ff7bad0e43a0ef25be4bd36791	0	7668	player	libopenmpt	Digitrakker 2.0 - 2.2b	4	750	fe1e3493	44d28027	1996/no-image/n-play.arj/example/ultra.mdl
1fd80d9e9463d28c65341e643fc9ecf8	1	310476	player	it2play	Impulse Tracker 2.03	24	799146	428c4777	8c2f021b	1996/no-sots/ha-sots.it
20f9acd37829dcbe260301bd0852dd1b	1	357460	player+silence	it2play	Impulse Tracker 2.03	19	479627	b70785b8	38850a4f	1996/no-iwtb/ha-iwtb.it
2143df8a851686365df74ece046a0a11	1	257094	player+silence	it2play	Impulse Tracker 2.13	32	805634	db3398c0	337bb4ad	1997/no-roots/sm_roots.it
227b72a37ab14ac11383ee878e6de1c2	1	224284	player+silence	it2play	Impulse Tracker 2.12	27	1001557	adb8e80d	23d2d44e	1997/no-liqid/st-liqid.it
241c0a5dbb78684adf5337f0ee60c134	1	218689	player+silence	it2play	Impulse Tracker 2.14+	14	95873	4bbe80a1	d19f9c26	1999/no-hpmlp/hpmlp_01.it
248e7d217984ccee4aba48c738f17c9a	1	253178	player+silence	st3play	Scream Tracker 3.2x (SB)	16	384052	b2b98346	cf2d2b6c	1996/no-seria/ha-seria.s3m
2556af8ca17d4da14451dcc6de1d3c54	1	111364	player	ft2play	FastTracker v2.00	14	467903	06217c80	63374152	1996/orbit/no-break.xm
25ce8368ea61a2cd3b2f78ba3e9a47c1	1	457827	player	it2play	Impulse Tracker 2.14+	25	1074564	8370f573	26074361	1998/no-dayz/st-dayz.it
2882d96d5749a64ea81207945f4137f6	1	325910	player+volume	it2play	Impulse Tracker 2.13	24	1017015	86dda589	32172d58	1997/no-smegm/burungi.it
289630c0c1aaff8f284faa76f03d23c9	1	222369	player+silence	st3play	Scream Tracker 3.2x (GUS)	16	145998	22f86bcb	fe57f2db	1995/no-green/tp-green.s3m
289def1887ed91f8f06e211105b7498c	1	207256	player+silence	it2play	Impulse Tracker 2.14+	11	68960	d5281174	1c87e524	1999/no-hpmlp/hpmlp_08.it
2a0e69ae307891b92210dade31932d81	1	265345	player+silence	it2play	Impulse Tracker 2.14+	12	446778	1a9d2e04	1813df2d	1999/no-fnce/st-fnce.it
2a5e858952b34cdd1a1a5ce574772c35	1	422738	player+silence	it2play	Impulse Tracker 2.11	34	977858	734d0367	9ab0dc13	1997/sm-dnctd/sm_h.it
2ad5a6031a59d1a3e09436557588c640	1	157103	player	ft2play	FastTracker v2.00	12	262332	6b5703ad	70c13a79	1996/no-keept/keeptryn.xm
2bb4d9142106d61f39d48a20b118dec0	1	335193	player+silence	it2play	Impulse Tracker 2.13	21	452741	f23b20b0	619e9adc	1997/no-fluff/fluffy.it
2c0ca08c8b09686d87c239252619b9ae	1	267414	player	it2play	Impulse Tracker 2.03	11	489590	2d62eb09	bfcade56	1996/no-groov/grooveit.s3m
2c1fdec58d3da0eebc1157be3a9872d0	1	507361	player+silence	it2play	Impulse Tracker 2.15	25	694222	168a8e62	ba3b3d6e	1999/no-ma_ep/a_magma.it
2d2364a8ebfc56890ca247eb3a12154c	1	153912	player+silence	it2play	Impulse Tracker 2.14+	13	718579	b4bf3387	c4eb7c7d	guests/aethra/litlb03/litlbbb.it
2d2364a8ebfc56890ca247eb3a12154c	1	153912	player+silence	it2play	Impulse Tracker 2.14+	13	718579	b4bf3387	c4eb7c7d	guests/aethra/litlbbb.it
2d6cf85fd3859596432e9dc2aba4d076	1	403191	player	it2play	Impulse Tracker 2.03	20	661646	7a971dd3	42006b30	1996/no-clear/ha-clear.it
2e374029067449d7f3caec673ad8bbfa	1	187513	player+silence	it2play	Impulse Tracker 2.12	25	449929	73dea6d1	9abd0029	1997/no-eps/sm_eps.it
2e7e74de7c181202c9c50da4b15b8fa0	1	204019	player+silence	it2play	Impulse Tracker 2.11	16	17920	6f5d1db7	73b47847	1997/sm-dnctd/sm_samo1.it
2f66cef65b503130961238d58376c0dd	1	210903	player+silence	ft2play	FastTracker v2.00	30	989844	78630bfe	083603cc	1996/no-nmare/no-nmare.xm
2faab5380420b832ea2a9fd7e185394e	1	241060	player+silence	st3play	Scream Tracker 3.2x (SB)	16	435006	793c3cae	9bb35981	1996/no-anti/quest.s3m
2fcc6a624fb5030823804bd182e98993	1	319507	player+silence	it2play	Impulse Tracker 2.15	32	238568	6d673f24	a0959eb4	1999/no-eldsk/no-1pic.it
2fdc3a5f369a5d6c86f3b82aff081e75	1	276277	player+silence	ft2play	FastTracker v2.00	14	520505	f259b7dc	cc0e6830	1996/no-whale/whale.xm
3092f93f483fd3c564f017f3f666de97	1	109513	player	it2play	Impulse Tracker 2.14+	29	1051547	1f6aeb7e	9156269b	1999/no-rockr/rockrmx.it
32dea817c317f7e922ca8baaf8a67bb1	1	251488	player+silence	it2play	Impulse Tracker 1.04	16	431566	d9137856	2fa85c70	1996/no-zjump/no-zjump.s3m
362184d828012ee187200a737cda675f	1	8640	player	it2play	Impulse Tracker 2.14+	2	103647	3e2688bb	4e30c993	1998/no-2222/20348481.it
382ec548a716f70ed9147ad37305f7ea	1	178882	player+silence	it2play	Impulse Tracker 2.14+	17	43222	34e63efe	9e657ec2	1999/no-hpmlp/hpmlp_05.it
383ae6b17ba54fd4187d85237ace3896	1	143335	player+silence	ft2play	FastTracker v2.00	12	739288	6c5363e2	b929b0de	1996/orbit/no-ft353.xm
3913ccabf1e8947a18a72d991795b4e9	1	207031	player	st3play	Scream Tracker 3.2x (GUS)	16	92096	3d5b8ed3	f7d4d713	1996/no-knife/no-knife.s3m
3926edd5954332ad2ea32753eca00fdd	1	157137	player	it2play	Impulse Tracker 2.12	15	212211	7c72fe5e	a91ab156	1997/no-atdt/atdt.it
398d8c10fa52a126aa391e634dc5e7d3	1	451276	player+silence	it2play	Impulse Tracker 2.10	21	891704	2a197679	e7a831f9	1997/no-somna/no-somna.it
399c118510ccd9000cb78b3abb6f2f32	1	256492	player+volume	it2play	Impulse Tracker 1.0x	12	397094	cb0daa13	60d727c3	1996/no-var-p/no-var-p.s3m
3b2e9e5976c841023bf6960c0baedd69	0	411530	player	libopenmpt	Scream Tracker 3.20 - 3.21 (SB)	32	581902	6b2fc783	f3ba7ec1	1996/no-anti/pressure.s3m
3bb5e4535a97cc64b69ebb3b066ce87c	1	302246	player+silence	it2play	Impulse Tracker 2.14+	4	31832	126aa74b	9fdbb58d	1998/no-hpm04/hpm04_a.it
3bc73531c00f4578fdc085160ed94abf	1	303977	player+silence	it2play	Impulse Tracker 2.14	42	404638	954ce1e1	ded8b679	1997/no-chre/chre.it
3df1fbec2fd3abd9652b8f422239f1cb	1	329475	player+silence	ft2play	FastTracker v2.00	18	921614	3f73a775	bdd43d19	1998/no-killd/killed.xm
3e5b6925ef95e6314cfdfef963e86a71	1	361754	player+silence	it2play	Impulse Tracker 2.13	21	1291199	a24b50e7	6b661e99	1997/no-await/no-await.it
3ee0ac42b3f2515e47200b65ba152003	1	362865	player+volume	it2play	Impulse Tracker 2.14+	34	1116416	32ada71d	c490648b	1998/no-do/jy_do.it
407c880ea824f89d3c0dbaf5f4c6f384	1	588576	player+silence	it2play	Impulse Tracker 2.14+	9	261739	a80e7f45	98874ee4	1998/no-tonef/no-tonef.it
41718d12af26776fd408b3d0401a2502	1	245936	player+silence	it2play	Impulse Tracker 2.00	18	308921	07d89544	5e3f3a6c	1996/no-analo/acid!.it
418145d4c807c00bb6b65544256fecc4	0	234077	player+silence	libopenmpt	Scream Tracker 3.20 - 3.21 (SB)	24	428136	7a5fad5b	5e903959	1995/no-airlk/airlock6.s3m
41980b5afbac4b5e49f48d3aa6880bdf	1	375594	player+silence	it2play	Impulse Tracker 2.13	32	866763	f7565ebd	f994a2ff	1997/no-modes/sm-mode4.it
419a6476eb7b432d2956287eedf96dc3	1	239081	player	it2play	Impulse Tracker 2.14+	13	120746	fb5ed671	9fc279f0	1999/no-octob/octobeta.it
41aaecf7e9c3b2265fcb5deee115cb5a	1	429365	player+silence	it2play	Impulse Tracker 2.14+	14	217171	18c2d288	013c22f1	1999/no-hpm09/hpm09_a.it
42f16aeed77fef7e468dd0e845a652f0	0	223951	player+volume	libopenmpt	Velvet Studio	14	206416	fea2fe04	451a08e3	1996/no-cryin/dx-cryin.s3m
43c5fd847dc8b5400ae0db4002f48b93	1	83592	player	it2play	Impulse Tracker 2.14+	1	89219	eacb804b	f2a1470b	1998/no-2222/23488823.it
447770a6c55aae1b018330ba92de4ae8	1	419340	player+silence	it2play	Impulse Tracker 2.14+	33	347793	d3b84235	a1f5b5b1	1999/no-bang/bangbang.it
47f105a597d9f23b079a27d7dc9fb4a6	0	208249	player	libopenmpt	MultiTracker 1.0	8	179480	6f4e7ee2	535e7a50	1995/no-effer/tp-effer.mtm
48ac3f583a5b890b97c3938110b38c01	1	343188	player+volume	ft2play	AstraDyne	18	723828	ecc5b9f3	ef1f917d	1996/no-lands/land.xm
48e69ead6571f80fac2229308916694c	1	266310	player+silence	it2play	Impulse Tracker 2.10	25	1326045	139eea10	cd30da52	1997/no-wtbb/st-wtbb.it
49375add27e028b9e330a247494df477	1	244716	player+silence	it2play	Impulse Tracker 2.14+	25	1303091	d9c2b0e7	2b2d207b	1998/no-scrap/st-$crap.it
499571048efce2dd56d5cdeab0f0c3fd	1	409596	player+silence	it2play	Impulse Tracker 2.15	48	512113	64d61452	01f77076	1999/no-qre3/sm-qre3.it
4a3c58a34e3e72285ba364516eca17e1	1	546037	player+silence	it2play	Impulse Tracker 2.13	38	679239	508638d5	7969a4e8	1997/no-7/sm_7.it
4b2b99d5ecd394ac49c1aa479cdabcc9	1	307607	player+silence	it2play	Impulse Tracker 2.14	63	585803	e4f83765	c2cefa8b	1997/no-time/time2.it
4bd8b50bbc40986d4b55d8cece278a29	1	260576	player+silence	ft2play	FastTracker v2.00	14	183535	9cd98572	67e8ba57	1996/no-jdawn/dawn.xm
4c7185cde7b435d8aa226099ab656441	1	184455	player+silence	st3play	Scream Tracker 3.2x (SB)	16	354248	2af9aad1	6bc5f645	1995/no-wave/no-wave.s3m
4c9de6d0b4a7c246da9ea469d6a04819	1	275777	player+silence	it2play	Impulse Tracker 2.14+	48	2134934	06a9d22a	41c126fc	1998/no-dx_01/dxbaqup.it
4eaadc00da6c6accfc2648002c7bfa23	1	392203	player+silence	it2play	Impulse Tracker 2.14+	21	1009628	47fe9866	e17528c8	1997/no-scrow/ad_scrow.it
4fb7cfeb544e26f125906b3e9695470c	1	422549	player+silence	it2play	Impulse Tracker 2.14+	25	2371837	486f55a2	8d653c79	guests/aethra/4lekt.it
4fb7cfeb544e26f125906b3e9695470c	1	422549	player+silence	it2play	Impulse Tracker 2.14+	25	2371837	486f55a2	8d653c79	guests/aethra/litlb05/4lekt.it
4fea1090d09bc3aa2526a4d4b953a742	1	239751	player+silence	it2play	Impulse Tracker 2.14+	15	218841	78021ce6	8eaa23fc	1999/no-hpm11/hpm11_b.it
503a10b4a485afd9dfbfbbd9e60fe81d	1	361817	player	it2play	Impulse Tracker 2.10	23	1470279	d2493c89	5db68679	1997/no-conti/ha-conti.it
5197d040bac4d574d680784bfab9acae	1	269804	player+silence	it2play	Impulse Tracker 2.10	26	1308032	5417a05b	fd01c71a	1997/no-starv/st-starv.it
520ec80b6447bd8b63e828b4653e3101	0	25561	player	libopenmpt	Digitrakker 3	4	963	0c371938	92f9e464	1996/no-image/n-play.arj/example/rhythm.mdl
525a17bf838785923a47596c23920f6c	1	264500	player	it2play	Impulse Tracker 2.11	32	896858	c780ad94	e41df614	1997/no-juno/sm_juno.it
527706c953e6ee9c292f28698e7d5ec3	1	310858	player+silence	it2play	Impulse Tracker 2.12	6	831202	d7358f79	0d4004a9	1997/no-11111/digital.it
54edfeabddf77f4d581c3f8420d510ff	1	150138	player+silence	ft2play	FastTracker v2.00	14	331945	7d5020e9	56b9bd71	1996/no-image/data001.dat
5593acd08c42bc380fbfca59050067fa	1	134304	player	ft2play	FastTracker v2.00	10	311554	6ac84ba9	7b726ad3	1997/no-404/404.xm
55accbd6f1530f5d3d4448b28d83fd7f	1	105509	player+silence	it2play	Impulse Tracker 2.12	35	544496	c83e6cee	965e09d3	1997/no-11111/47239147.it
56388289875dc8b503d0ce349002e450	1	223585	player+silence	it2play	Impulse Tracker 2.14+	37	460086	6a7dab0a	e8880d48	1998/no--e-4-/4-jeik.it
5736b6829c98209048690be5a910341e	1	320602	player+silence	it2play	Impulse Tracker 2.14+	16	2055209	f150655b	27618b11	1999/no-mycel/beam/ha-mycel.it
573c41e26ee43777090fa4167852e5be	1	288989	player	ft2play	FastTracker v2.00	10	253292	a04bb014	ea8bb22c	1995/noisepk5/bny-htw.xm
573c41e26ee43777090fa4167852e5be	2	53660	player
5768351b0444ae141a00fa32b5b62984	1	138007	player	st3play	Scream Tracker 3.2x (GUS)	8	143522	28f75621	316e7691	1995/noisepk5/vh-tb.s3m
58ba816c46c101ef079cdc6cf8a3c45c	1	254379	player+silence	ft2play	FastTracker v2.00	12	589640	5fbac61c	df7a5f72	1997/no-itv1/no-itv1.xm
5a65a1913426c0ea0e8df91da1ac0381	1	320427	player+silence	it2play	Impulse Tracker 2.15	27	1431800	2d692345	c2925d04	2000/no-astra/no-astra.it
5ac000024dbe6d14d93cb5e20a6fab84	1	532857	player+silence	it2play	Impulse Tracker 2.03	17	692611	e6e24b38	498c5892	1996/no-encry/ha-encry.it
5ac5b7bbc128fbb14205b0f81c5ee452	1	373130	player+silence	it2play	Impulse Tracker 2.14+	15	215288	1b2831e8	0a4998b6	1998/no-hpm07/hpm07_a.it
5c3ff5641c2aa047ccbea43c7301b808	1	568225	player	it2play	Impulse Tracker 2.14+	13	84453	a2c6fbb0	6dcaa6cb	1998/no-hpm06/hpm06_b.it
5cbe71d83cf77956f4bb43aa6f628d3e	1	307542	player	it2play	Impulse Tracker 2.14	41	434063	34f3eeb4	470e83ac	1997/no-iiti/sm-iiti.it
5d4194084ec47c1ab43fc84116298a5b	1	454728	player+silence	it2play	Impulse Tracker 2.14	44	888244	e326bbe7	ca65ee71	1997/no-tlove/sm-tlove.it
5e8acfd61f9223d0b2c05d5521e49b5d	1	138590	player	it2play	Impulse Tracker 2.13	12	74016	cf132220	11ae0b25	1997/no-mist/sm_mist.it
5e931150e01a8c6fc4973d9467fb1b37	1	223106	player	it2play	Impulse Tracker 2.14	17	500721	67e298e9	0bff5f2a	1997/no-blind/blindfro.it
5fb11d76fb0247e6ea81e3d056e276b1	1	683336	player+silence	ft2play	FastTracker v2.00	18	2810848	d5ef92b0	9ee78795	1999/no-salr/st_salr.xm
600872e6b02e055a9b6dc9d4c3a53a37	1	236208	player+silence	st3play	Scream Tracker 3.2x (SB)	10	317744	4e80d5a4	6c00b867	1996/no-qnite/vs_qnite.s3m
600e70eea79206b83189a45f2b19dcaf	0	151813	player	libopenmpt	MultiTracker 1.0	8	217795	a2c01d54	ef751e44	1995/dm-mstry/dm-mstry.mtm
60dc0a37656d7199304ca83efb866d7d	1	344899	player+silence	it2play	Impulse Tracker 2.11	36	595072	044d3f9f	5e5bc001	1997/sm-dnctd/sm_3''.it
624bdd08bda7e856875a19e9cf0c939a	1	257047	player+silence	it2play	Impulse Tracker 2.02	22	426157	1e9fcc5a	ed7f7b1e	1996/no-egyru/egyrus.it
6251cfb16695055c6f9aaf4ae8f08d42	1	317429	player	it2play	Impulse Tracker 2.14	32	223200	4a418e0d	9e5a0335	1997/no-lulla/sm-lulla.it
6315a5be35a27119e5e920909731281a	1	367801	player+silence	it2play	Impulse Tracker 2.14+	18	751400	0c0d2e40	c5aa9559	1997/no-chdub/ad_chdub.it
63948e6fc5f7c44a4b7fffab4b6d548f	1	293766	player+silence	it2play	Impulse Tracker 2.12	8	872155	a966ba08	32f2ca94	1997/no-00000/¦¦¦¦¯¯Ì_.it
63dd1368344a2dcf581884fdfca91834	1	353889	player+silence	st3play	Scream Tracker 3.2x (GUS)	16	345667	6380b249	c0367502	1995/noisepk5/sm-landi.s3m
641e0ee2da80b37f7f215a8e4ea227cd	1	193288	player+silence	it2play	Impulse Tracker 2.14+	10	122437	106600e5	77a08049	1999/no-hpmlp/hpmlp_03.it
6536fb52c424635a6f4c1c9f4068a5d9	1	464299	player+silence	it2play	Impulse Tracker 2.15	40	795725	69055777	badb27a4	1999/no-bs_ep/no-brain.it
65c06634130afb7bef1af5d8f32f0af0	0	0	nosound	libopenmpt	Impulse Tracker 2.12	10	8192	6930f5ea	d79b4a7f	1997/no-11111/09234072.it
65e4524a8dc0d015efbc79ecc3630b5e	1	1174755	player+volume	it2play	Impulse Tracker 2.03	28	941847	ab6a586b	3e76cf5c	1996/no-equil/ha-equil.it
664c280651febb54301c432b4a359de2	1	1966184	player	it2play	Impulse Tracker 2.11	23	1640299	e8fa2ffc	bc77a49d	1997/no-tmatf/no-tmatf.it
66c27fd50e3d5e11ad9cbf393c4f4e02	1	272639	player	it2play	Impulse Tracker 1.05	16	248810	5baaa558	bb358991	1996/no-sawtc/sawclef.s3m
66d8070b7e4b1164208670904d62b159	1	297189	player+silence	it2play	Impulse Tracker 2.14+	16	499396	3c4aa28e	a7613b47	1999/no-hpmlp/hpmlp_07.it
66e3473c58f6e55ff2ec0a90eb1f7d70	1	334067	player	it2play	Impulse Tracker 2.14+	4	46787	bbfc038a	39b17fb2	1999/no-hpm08/beam/hpm08b.it
66f4dd00ca60cc8373f2c0bed0e03709	1	295786	player+silence	it2play	Impulse Tracker 2.10	28	1083662	1c0188bd	bce5aa4e	1997/no-epid2/st-epide.it
683ebcb548a109134711d64831f15ec9	1	333230	player+silence	it2play	Impulse Tracker 2.14+	64	359025	4a6956d1	4f93b280	1998/no--e-4-/3-qre.it
6899fe2cb6f9ceb27610736f1ac40a90	1	252290	player+silence	ft2play	FastTracker v2.00	22	1459804	dcdf7a61	b4a2bd0b	1997/no-affr/no-affair.xm
68b958cd4ecc4a38b5b5ff9a462bd3fc	1	239328	player+volume	it2play	Impulse Tracker 2.10	18	915118	6f4f03b0	7fd3b4b1	1997/no-dubby/ha-dub.it
69bc40b1a4cafb158aa8f2a6349a0f3f	1	165518	player+silence	it2play	Impulse Tracker 2.11	21	242541	ec700000	bccd3676	1997/sm-dnctd/sm_wickd.it
69ca6a316c28fe1ad0b98943ea3a526d	1	439848	player+silence	it2play	Impulse Tracker 2.14+	11	28494	7a5c6e64	813797e7	1998/no-hpm07/hpm07_b.it
6b2a235a77f00d9fb61648adcace39a0	1	516287	player+silence	it2play	Impulse Tracker 2.14	18	261187	ffa2f87d	af36328e	guests/aethra/litlb01/litlbee.it
6b2a235a77f00d9fb61648adcace39a0	1	516287	player+silence	it2play	Impulse Tracker 2.14	18	261187	ffa2f87d	af36328e	guests/aethra/Litlbee.it
6d0bc62e19e3f765aee7f18be78dbcf2	1	152346	player+silence	st3play	Scream Tracker 3.2x (SB)	16	242188	0fa0bb22	f1e2146e	1995/noisepk5/ha-look.s3m
6f0402ca13414c5a67a2d8b82577d5c5	1	356215	player+volume	it2play	Impulse Tracker 2.13	24	982716	8cbd37dc	3c5c9632	1997/no-cntex/context.it
73d8669f337fcf1bcdeceb6451fa77d9	1	348153	player	it2play	Impulse Tracker 2.15	25	462913	57ef7a13	d86fae45	1999/no-eldsk/no-2nem.it
74903da573700787b6dbb0c7561ff8a3	1	409581	player	it2play	Impulse Tracker 2.14+	22	885862	afda5d69	dc191338	1999/no-guess/st-guess.it
74fff7ae7ea818f0332047c684c2bac1	1	319981	player	it2play	Impulse Tracker 2.14+	21	1380928	15b44454	e83615dc	1998/no-13b/st-13b.it
76b05b120a59dd16cdc00def6f4fe453	1	203675	player	it2play	Impulse Tracker 2.14	15	241509	09fb0096	216e8930	1997/no-atlrg/boom.it
76d8a3ba2983f217ed6d5b889dbd1c85	1	237224	player+silence	it2play	Impulse Tracker 2.14	27	854378	6b92d5ec	afb076fd	1997/no-cover/ha-cover.it
77eb6977b9db1653713c75ee644b54da	1	205485	player+silence	ft2play	FastTracker v2.00	14	719318	e52f1f7c	6486b860	1996/no-feuil/no-feuil.xm
794fcaab2d63622c606b31f0635bbde1	1	232262	player+silence	it2play	Impulse Tracker 2.14	17	452909	7e6e9e09	f5b7a26c	1997/no-bacon/zs_bacon.it
7b08dc471b15347944c82f83dce8af39	1	391561	player+silence	it2play	Impulse Tracker 2.14+	38	853671	70ac415e	5fcf588e	1998/no--e-4-/6-bq.it
7bb2ed706b265c4dc6286ec71063075d	1	240269	player+silence	it2play	Impulse Tracker 2.03	18	276042	68cb2c6e	7f38f876	1996/no-hakum/hakumi.it
7c327ac079517d6891f2283ee28d80aa	1	621995	player+silence	it2play	Impulse Tracker 2.13	37	743643	c2293ae7	82d57949	1997/no-modes/sm-mode5.it
7cd9d638ca67aa59a26db490f7f03400	1	250752	player+silence	ft2play	FastTracker v2.00	20	946629	8d2b38a2	ee997f07	1997/no-tang/no-tang.xm
8368b7f6242037b109797e15ce8c1d5b	1	466207	player+silence	it2play	Impulse Tracker 2.11	23	1045774	c8bb8ac7	17999aa0	1997/no-neo/ha-neo.it
83a4ec19a90837b6017e4d4d480be574	1	225446	player+silence	it2play	Impulse Tracker 2.14	21	301365	63c39a9b	4650a07b	1997/no-blind/blindmix.it
84e33b85b1e06c6137f2da8d2c3c3c4e	1	264032	player+silence	it2play	Impulse Tracker 1.05	14	327000	2ccea257	c44aa0b1	1996/no-stat1/station1.it
84ea9ba7cd8df4499f9d56d29cd37af8	1	502335	player+silence	it2play	Impulse Tracker 2.11	41	1143317	6fa02d07	135cfa34	1997/sm-dnctd/sm_h2.it
86bf2851622abef55266c3c0b1afb38a	1	450856	player+silence	it2play	Impulse Tracker 2.14+	15	196208	1f7a54c8	adf9abf9	1998/no-hpm05/hpm05_a.it
877e01c5503fdc4b5e8717e1c9b35090	1	291842	player	ft2play	FastTracker v2.00	12	690182	0b7ffcd2	e1116c0f	1996/no-davea/angel.xm
87ce7e5f37ed32534de5129d17b7132f	1	82254	player+silence	it2play	Impulse Tracker 2.14+	10	94674	ffa8b44a	fd70a6a3	1999/no-hpmlp/hpmlp_04.it
89acb5aacc15d3ffcbc28ca0d5bf6f34	1	222781	player+silence	it2play	Impulse Tracker 2.10	12	285257	a956414d	6bccb955	1997/no-bhang/sm-bhang.s3m
89ecb91f7d1d779b5f3b536373e4189d	1	303874	player+silence	it2play	Impulse Tracker 2.00	21	477734	48d5355d	73f06d28	1996/no-inter/analog2.it
8bbe157bb97bf2dad49f6ca695545c46	1	238341	player+silence	it2play	Impulse Tracker 2.14+	46	644175	9a9d27b8	f5b09594	1998/no--e-4-/2-3kk.it
8d9afcb39916b30e21091c8f1a207f1b	1	295305	player	it2play	Impulse Tracker 2.15	32	1238758	825e5e9b	c3d77a46	1999/no-harm/no-harm.it
8dcb9c51543399b76580891012fb130d	1	241903	player+silence	it2play	Impulse Tracker 2.03	17	919944	75a1ec64	928f7dcf	1996/no-depth/ha-depth.it
8e3ab0a065bec57f66ac16c775404acd	1	171512	player+silence	ft2play	FastTracker v2.00	32	2331852	6f1f15ef	c9e621e3	1999/no-sq_ep/ken_squk.xm
8ec051d06495a2df4f6f73467c5ee189	1	328099	player	it2play	Impulse Tracker 2.14+	11	115148	edb39c20	ecdd43fc	1999/no-hpm11/hpm11_a.it
8ec8aca45166487fce58cda1d3e207a9	1	217198	player	it2play	Impulse Tracker 2.14+	11	557757	25d30ff7	ef836625	1998/no-2222/23849819.it
8fabe0dd12b337b00a8317966fba3ee5	1	207910	player+silence	it2play	Impulse Tracker 2.00	16	295616	e1029c8f	454e48f2	1996/no-worm/wormneed.s3m
9226bf71e6036e4db9330781a9cf8ee9	1	589018	player+silence	it2play	Impulse Tracker 2.13	27	1057941	e60ebd8f	98eab87c	1997/no-trl/ad_trl.it
92df868ccaf8bcee5973e6fe9384b696	1	141963	player+silence	st3play	Scream Tracker 3.2x (SB)	11	505910	9df64c51	80972fc5	1996/no-isoor/dr-isoor.s3m
93df8129f3dcc68430c3eecef23ba583	1	279882	player+silence	it2play	Impulse Tracker 2.11	11	343847	45788e1e	b07ae1af	1997/no-futz/no-futz.it
941fa60b4b5e6e13abf3dd6732bffb0d	1	186668	player+silence	it2play	Impulse Tracker 2.10	16	594611	473b8bc0	a1afa4d3	1996/no-human/humanki.it
94e69d3f1f698ff79ef294c51e2aa449	1	148703	player+silence	st3play	Scream Tracker 3.2x (GUS)	16	122070	09cce25e	d63d37b7	1995/noisepk5/sm-insid.s3m
95f18284285a7512f29961aae2ba4382	1	390791	player+silence	it2play	Impulse Tracker 2.13	46	683200	5e4dc94d	5c98cb80	1997/no-modes/sm-mode2.it
96620f16867e94d431d8cfbd4ac3a163	1	291195	player+silence	it2play	Impulse Tracker 2.14+	26	763277	05321fc2	022b8a19	1998/no--e-4-/1-lallee.it
970b823d5f9ab0305be4fec63c8d5aca	1	119983	player+silence	it2play	Impulse Tracker 2.02	16	283657	23afe28b	050a5989	1996/no-hap/happy.it
98f1e2ebfece902cd2347adb33dd118d	1	321943	player+silence	it2play	Impulse Tracker 2.13	23	1227452	906d96d7	c651f8bf	1997/no-ling/ad_lw.it
993de2afaad43c365e4c30b5eca111cf	1	304347	player+silence	it2play	Impulse Tracker 2.14+	9	577145	f437f418	1db5a545	1998/no-2222/30002389.it
999e3b35ff5f1382a3f9383768d27cac	1	269322	player+silence	st3play	Scream Tracker 3.2x (GUS)	10	203256	ec88ff74	38f24c76	1996/no-dirty/sm-dirty.s3m
9a24cbafe6ff865290be393a9c7e0e68	1	388096	player+silence	it2play	Impulse Tracker 2.13	19	105378	07f05130	7ba38c64	1997/no-smegm/firstair.it
9aff15cc5c0c3f2c7da605cfcd07243b	1	319536	player+silence	it2play	Impulse Tracker 2.14+	9	538497	d6d72681	9a9502c4	guests/aethra/litlb04/litlbstm.it
9aff15cc5c0c3f2c7da605cfcd07243b	1	319536	player+silence	it2play	Impulse Tracker 2.14+	9	538497	d6d72681	9a9502c4	guests/aethra/litlbstm.it
9ba37f36d2c725cb4c34f7095ddcb509	1	442953	player+silence	it2play	Impulse Tracker 2.12	20	248591	dca5d3f1	fc38b912	1997/no-shafj/shafjjv.it
9dafdc3a1875e88a1d0ed49799f17fc5	1	518090	player	it2play	Impulse Tracker 2.15	31	1395911	243bd65b	7f4ccf61	1999/no-cont/no-cont.it
9dffa4429ec567cb6c46c6e83bbc725c	1	199355	player	st3play	Scream Tracker 3.2x (SB)	16	383456	feff3048	154279fd	1995/no-dream/no-dream.s3m
9e92ad95b90ab43b6bd24def56e8776d	1	278338	player+silence	it2play	Impulse Tracker 2.14	16	716513	51a48eb7	18491e80	1998/no-genma/no-genma.it
9eaabdf7b403f36264bf005d03564627	1	258818	player+silence	it2play	Impulse Tracker 2.13	64	2172634	fd5da4e4	dccd7f93	1997/no-kitch/ha-kitch.it
9f192203f56caca6b24de4113db0f1aa	1	209027	player+silence	it2play	Impulse Tracker 2.14+	13	104905	215b2622	1e227a06	1999/no-hpmlp/hpmlp_10.it
9f1c40dc910ba52db93da2d488269701	1	199418	player+volume	it2play	Impulse Tracker 2.14+	11	156207	71dcce53	b38be820	guests/aethra/litlb02/litlbb.it
9f1c40dc910ba52db93da2d488269701	1	199418	player+volume	it2play	Impulse Tracker 2.14+	11	156207	71dcce53	b38be820	guests/aethra/litlbb.it
9f5e7d76ccafcd61923df390bb6aa2ce	1	357594	player+silence	st3play	Scream Tracker 3.2x (SB)	11	482689	b2c4a1cb	70c743d4	1996/no-olp/o_l_paro.s3m
a1421681fd8bc0cb321cc3e4840a4a2f	1	174500	player+silence	it2play	Impulse Tracker 2.13	16	832449	29bbfd5a	a0b783aa	1997/no-longe/st-long.it
a200dd26eca9a63fa15f48936428046d	1	113215	player+silence	ft2play	FastTracker v2.00	18	827733	19c6b257	8d627ad3	1996/no-kowz/no_kowz.xm
a3c2f7aba0b4250935bc94393bf5a06e	1	189241	player+silence	it2play	Impulse Tracker 2.14+	22	170040	ad51e94f	c8ce199a	1999/no-hpmlp/hpmlp_06.it
a63337cfbe9797f7ffd46d4e2fe4a14f	1	575982	player	it2play	Impulse Tracker 2.14	20	1336930	d95067a6	975e79a2	1997/no-c303/st-c303.it
a679dbbf9a5fdfca4a397e63ce73637e	1	356031	player+silence	it2play	Impulse Tracker 2.15	56	644627	ca9c7cf7	4bc240de	1999/no-4w/4thworld.it
a6b55192c565983ec6a9d25b86fcd025	1	312724	player+silence	it2play	Impulse Tracker 2.02	30	744098	267ff319	3f9fff35	1996/no-monol/ha-monol.it
aa1d14d88bc587c0d4d2f56f6895b9a4	1	267233	player	it2play	Impulse Tracker 2.14+	10	85460	15a697bf	afafc5ea	1998/no-hpm04/hpm04_b.it
aa6ac2afb1d2f13d47a91ed6ccc4868c	1	316153	player+silence	it2play	Impulse Tracker 2.15	31	174729	b008eeca	e2ef4b7a	1999/no-ma_ep/b_tension.it
aaa94c59ff42e3cf7d2c80977ea98141	1	340185	player+silence	it2play	Impulse Tracker 2.13	22	1196640	08e22a4b	b0e21cbb	1997/no-surfc/ad_surfc.it
ab7fc1e3da814f34c2fb18f7cbde67df	1	208879	player	it2play	Impulse Tracker 2.14	15	244758	542f0e71	54fa6863	1997/no-atlrg/tschak.it
ad95b5d8fcf40ff6b831a448e463259b	1	107187	player+silence	st3play	Scream Tracker 3.2x (SB)	16	318370	99afe5c3	b4f4342e	1996/no-crazy/crazyolj.s3m
adceed69b5ade08a21623bcda5e0f771	1	326470	player+silence	it2play	Impulse Tracker 2.03	16	419980	e9a3106f	0813b9c7	1996/no-epid/ha-epid.it
aeb9d6bbf00b7330f8424f1732ec51a1	1	111040	player	it2play	Impulse Tracker 2.12	6	88010	3f471f1e	2de355aa	1997/no-11111/76934082.it
b02a8c533a356b10de731e9323495e53	1	220096	player+silence	ft2play	FastTracker v2.00	14	986178	168ec2be	a8125f0c	1996/no-spirt/spirit.xm
b04903e2d56002ff3894b8fecf8d1c1d	1	214766	player+silence	it2play	Impulse Tracker 2.12	17	1285042	9f533651	4488612c	1997/no-eofd/st-eofd.it
b07a57030081ed121622242d54e55e53	1	659996	player	it2play	Impulse Tracker 2.15	38	1411405	6672bcdc	c9241426	1999/no-bb/no-bb.it
b0d4d7b8d8a4a28b0a8e01649edd0a3b	1	403425	player+silence	it2play	Impulse Tracker 2.13	16	443388	44ad85e2	701f4aa5	1997/no-smegm/helden.it
b2ca1285245f83d386b918c2997f7a7b	1	395997	player	it2play	Impulse Tracker 2.02	20	1103747	6f411e9d	a9f483f7	1996/no-bioam/st-bioam.it
b339b7e6bfc5349a98924e9d35092998	1	128904	player	it2play	Impulse Tracker 2.14+	4	250482	9140e845	80dffdfa	1998/no-2222/00923471.it
b4aafc2c4dcf3e737c6ecca597b36075	1	227714	player+silence	it2play	Impulse Tracker 2.14+	8	211542	9204522f	5b4e8d52	1998/no-hpm05/hpm05_b.it
b4e2d5b508455b302afe3383371e5c56	1	497550	player+silence	it2play	Impulse Tracker 2.14	48	598995	7d2cc479	11574642	1997/no-rzttt/sm_rzttt.it
b801169df34ea2b188fbb7ff4964d591	1	739870	player	it2play	Impulse Tracker 2.08	17	903871	d2cf1686	14f9af50	1996/no-uv/ha-uv.it
b92ffab730b2d1e8a50b032d09436115	1	255877	player+silence	it2play	Impulse Tracker 2.02	12	284788	1f0346a8	7d59b331	1996/no-strik/dx-strik.s3m
bb6de98035c433847e22c2b38a785597	1	319981	player	it2play	Impulse Tracker 2.15	40	544944	13a477cd	99071346	1999/no-eldsk/no-4cfog.it
bb9155b89ed763798c937cc4aadc955e	1	432657	player+silence	ft2play	FastTracker v2.00	14	462326	00e717c5	7d5a8dcb	1996/no-image/data002.dat
bc6eb901a33e943fef32f5258a131683	1	318255	player+silence	it2play	Impulse Tracker 2.11	31	437115	4c3c9868	0841946c	1997/sm-dnctd/sm_2998.it
bd3dae3b8b6a478206c5614acd852c5b	1	265063	player	it2play	Impulse Tracker 2.05	10	448689	071cf847	ec1ef16f	1996/no-kampf/no-kampf.it
bd3dae3b8b6a478206c5614acd852c5b	2	30704	player
bdc92d562b8b01eddc654ffe4bb99f0b	1	154062	player	it2play	Impulse Tracker 2.12	18	834509	52be9e47	51eb0184	1997/no-augnt/sm_augnt.it
bfb1404328c0705477af5be6ce426c80	1	284112	player+silence	st3play	Scream Tracker 3.2x (SB)	12	286960	8663389d	2e15132e	1996/no-imiss/i_miss_u.s3m
c02722072140d666449110ca9a53123f	1	337148	player+silence	it2play	Impulse Tracker 2.12	10	569714	f8fff2a3	b84f4fa4	1997/no-ddddd/_ddddddd.it
c16f30baa6db2ac1272df8472e42e4c4	1	162840	player+silence	st3play	Scream Tracker 3.2x (SB)	6	16186	df30a92c	3f0962b2	1995/no-se01/bny-se01.s3m
c1ba6c8de60fb346c9fd9755380061df	1	186688	player+silence	it2play	Impulse Tracker 2.04	19	1164783	6a379561	9ced6738	1996/orbit/no-tarcr.it
c28f3dcc596464f3038cda646d14554d	1	225072	player+volume	it2play	Impulse Tracker 1.01	8	190421	2fe71298	fdc09da7	1996/no-secon/2ndsight.it
c34de686ed32df66471fe9200094b002	1	339108	player+silence	it2play	Impulse Tracker 2.11	33	341531	c9898aec	85c7d9a7	1997/no-eps2/sm_eps2.it
c34de686ed32df66471fe9200094b002	2	399108	player+silence
c3881396a7e70c4ba6491845ef7f140a	1	291427	player	it2play	Impulse Tracker 2.12	22	1040181	e7aeaedd	7bb1f424	1997/no-utopi/utopia.it
c3f7bf672cd1e7560912457ed0092d6e	1	331360	player+silence	it2play	Impulse Tracker 2.15	24	334411	617c3d49	783593dd	1999/no-eldsk/no-3part.it
c42700eda5933a0085ef7701de2ad3e5	1	431986	player	it2play	Impulse Tracker 2.14+	34	1542929	b765f9ab	529f96ac	1998/no-darsh/ad_darsh.it
c48b1def187de31b2e03ed6c34c73a4b	1	231842	player+volume	ft2play	FastTracker v2.00	32	555361	779fab12	690bf1d1	1999/no-sq_ep/dlz-spbx.xm
c498b0ff08940bb475083351fb2ac675	1	386098	player+silence	it2play	Impulse Tracker 2.10	21	1300611	7f0938ec	43f94008	1997/no-upon/ha-upon.it
c4cc83b773d3e57dccc332caddd2cdcf	1	372025	player+silence	it2play	Impulse Tracker 2.14+	32	2050786	6539aeb5	598f6ec7	1998/no-mysky/my_sky.it
c61a33c8740db554a1a20ca374828280	1	164162	player+silence	it2play	Impulse Tracker 1.05	8	460640	0ee72c9f	71934e1d	1996/no-fdrea/fdream.s3m
c6f78df79ab89e80eba54c76f7194ef2	1	173953	player+silence	it2play	Impulse Tracker 2.08	15	204870	fafac618	7ba8bb0a	1996/no-chup/ha-chup.it
c8587320a73aa9b8f63458178944d58a	1	16175	player	it2play	Impulse Tracker 2.14+	6	83950	63f6377f	7480c48c	1998/no-2222/09104802.it
c9d796863eb3ee8001542c30f33fa183	1	193238	player+silence	ft2play	FastTracker v2.00	14	405123	dd7d6ed6	f45df935	1996/no-image/data003.dat
cae69995b865003ea93e92adee4b88ac	1	186708	player+silence	it2play	Impulse Tracker 2.04	16	270831	211b719c	17c40cdd	1996/no-balad/no-balad.it
cb7228829e1ef809cb27e8acd364ed38	1	175135	player+volume	it2play	Impulse Tracker 2.14+	14	395092	7b11e93d	c3331dd1	1998/no-digit/digitals.it
cd01b81b444df04d5d431ac03f08089f	1	256289	player+silence	it2play	Impulse Tracker 2.11	14	264831	b7fd4747	e3219ddc	1997/no-ntli/natali.it
cd493ef8516058b212fab97c88d7eaae	1	209040	player	it2play	Impulse Tracker 2.14+	15	2046599	01472d55	3c985dee	guests/aethra/Jmix.it
cd493ef8516058b212fab97c88d7eaae	1	209040	player	it2play	Impulse Tracker 2.14+	15	2046599	01472d55	3c985dee	guests/aethra/litlb06/jmix.it
cda5454b4a1ced553582afa58dfafeae	1	510715	player	it2play	Impulse Tracker 2.08	22	820692	07f51fea	b33b2a64	1997/no-sotbr/no-sotbr.it
ce9573de450110065ca5b87caa161a24	1	329602	player+silence	it2play	Impulse Tracker 2.11	32	460551	2258fa3a	089cf4e1	1997/no-dofs/sm_dofs.it
d005a89f8303d52635c5e4eb62a9f901	1	386007	player+silence	it2play	Impulse Tracker 2.14	64	891709	450d6a38	31e2f967	1998/no-phz1/sm_phz1.it
d08dfac8ccbabd4e6714919b79994d76	1	266604	player+silence	ft2play	FastTracker v2.00	16	843104	43928207	ef51302a	1996/no-jok/no-jok.xm
d1480e5322fcd998023281c9090380b1	1	312767	player	it2play	Impulse Tracker 2.11	20	1400251	9fc5e1cf	db82ac77	1997/no-dilat/dilation.it
d29479e8ee0d7a2eed146a0c62b64f07	0	5591	player	libopenmpt	Digitrakker 3	4	775	9609da5a	f3e599d1	1996/no-image/n-play.arj/example/bossalit.mdl
d3013d906dda2ea6d5d1bf70b4548a45	1	327714	player+volume	it2play	Impulse Tracker 2.14+	14	117719	ddb9d0cd	64146e97	1999/no-hpm10/hpm10_b.it
d5f37a7ac8ff1b22d0c46a6a2dda634b	1	325748	player+silence	it2play	Impulse Tracker 2.13	23	1041477	40628bd1	54186102	1997/no-tribl/no-tribl.it
d8f8b9fa9d4a165b569c76f5420795ca	1	203711	player+silence	ft2play	FastTracker v2.00	14	426384	b2096186	d862a312	1996/no-xavie/xavier.xm
d8fc3d057f7d21f4d6a2b79ca7153db6	1	251941	player	st3play	Scream Tracker 3.2x (SB)	16	302160	684581e5	6e1e7ead	1995/noisepk5/ha-drm2.s3m
dbb0e64e94211273ebc9d6bd2f2089d3	1	316661	player+silence	it2play	Impulse Tracker 1.07	25	591901	032fde43	10d3855f	1996/no-acidm/acidmiss.it
dd1989c5c0cbba704dae403b8adf72dd	1	167403	player+silence	it2play	Impulse Tracker 2.11	16	819903	2a038cd3	165a73ea	1997/no-simon/no-simon.it
de1123470ee72419557739589a7269fa	1	406949	player	it2play	Impulse Tracker 2.14+	15	123007	0ce701c4	fa333a11	1998/no-hpm03/hpm03_a.it
de50d17f1ee34fc233041d1efb233aeb	1	261104	player	it2play	Impulse Tracker 2.14+	28	1210010	2df489ac	39066f41	1999/no-shes/st-shes.it
dede48fafea4b9dad087f6b9f7009d01	1	240499	player+volume	ft2play	FastTracker v2.00	18	693376	39c46edb	7bc63eea	1996/orbit/no-trtop.xm
e15163f71d69dcd339cd1ef8a0f1b7be	1	263109	player+silence	it2play	Impulse Tracker 2.14	16	142934	1d862169	1d5b4651	1997/no-atlrg/boing.it
e28dc92339a594aa32008b2106e717c2	1	486911	player+silence	it2play	Impulse Tracker 2.10	13	427921	3fa81d78	2d089d61	1997/no-glob/sm-glob.it
e28dc92339a594aa32008b2106e717c2	2	7676	player
e3a9e8083d2687bcc5b5ef85f1c701fa	1	244895	player+silence	ft2play	FastTracker v2.00	10	40907	425fa7a5	dc2f795b	1996/no-story/bny-stor.xm
e4d987cb48b466eb71151240b52b0d3f	1	220001	player+silence	it2play	Impulse Tracker 1.03	12	197036	085b424b	b6a38b23	1996/no-it/no-it.it
e5e128422c6d0e1b047021678ea1d315	1	406141	player+silence	it2play	Impulse Tracker 2.13	39	1253881	702e4fd2	81781d64	1997/no-modes/sm-mode3.it
e6442d7cc5019d1b2bd963dde6aa5ff0	1	381603	player+silence	it2play	Impulse Tracker 2.11	25	1794938	7b8ac531	de11edb1	1997/no-bridg/ad_bridg.it
e689a9a4bff67658438ea57aa039a533	1	404575	player+silence	it2play	Impulse Tracker 2.13	38	530351	5c7bf496	7ca685b9	1997/no-modes/sm-mode1.it
e7545b9ec4020b91a1d67bbce4d747a1	1	175387	player+silence	ft2play	~syrinx~ / NOISE	12	586661	3bf4cdec	381af82b	1996/no-hope/hope-8.xm
e777ff4f0af5b13ab77727a2200e19e9	1	234080	player+silence	it2play	Impulse Tracker 2.03	19	757097	5fb8d4be	361dae72	1996/no-dubil/st-dubil.it
e7d44f991b3397b8a4247618d643e114	1	259915	player+silence	ft2play	FastTracker v2.00	10	781590	27099772	91463c5d	1997/no-houst/houston.xm
e8f6e09f295b178dc9acea6ee192a654	1	544213	player	it2play	Impulse Tracker 2.15	32	552148	63b162f1	a4ca8a53	1999/no-bs_ep/no-m_sol.it
eb809af55d7b1904a22a002809cdecb8	1	81832	player+silence	it2play	Impulse Tracker 2.14+	16	111826	cfa754bd	6c6136a7	1998/no-hpm06/hpm06_b2.it
ebc04f8cc582258a37b4feae3c09480e	1	321409	player+silence	it2play	Impulse Tracker 2.14+	54	1359619	8db0f805	fdbe3888	1998/no--e-4-/5-rskin.it
ece8d10017bf1bc8eb985980e0700e9d	1	134110	player	ft2play	FastTracker v2.00	18	672112	74895db6	83a3c71d	1996/no-myway/no_myway.xm
ee02f8b3c849e2cd7b5be666ecc8ce48	1	370108	player+volume	it2play	Impulse Tracker 2.14+	16	145892	3ab0681d	a8fd2fa4	1998/no-hpm06/hpm06_a.it
eed1a95d748384a2bebefe7f617bef5d	1	266621	player+silence	it2play	Impulse Tracker 2.00	17	734260	57c58a7e	7c5c12fc	1996/no-ambmu/ambmusic.it
ef85d3de2e56f6597f01ac7153e93e3f	1	539777	player+silence	it2play	Impulse Tracker 2.10	28	1717140	876246db	91b44798	1997/no-lens/ha--lens.it
ef97101396d3ed0d184ded8a193e4a3d	1	213020	player+silence	st3play	Scream Tracker 3.2x (GUS)	16	143490	9570c054	9dbf6662	1995/no-prodi/no-prodi.s3m
f0d41cb930b3f9973c893a52baff8193	1	54133	player	it2play	Impulse Tracker 2.14+	7	576295	e6099193	8db9d989	1998/no-2222/23498129.it
f17ed59ef77f6673202b487050c2d1ed	1	330976	player+silence	it2play	Impulse Tracker 2.14	18	1453474	7b10a565	e98f2e56	1997/no-turd/smst-exc.it
f1b82310ee09268172799ddb11cacf15	1	154524	player	it2play	Impulse Tracker 2.14+	40	702039	aba09358	7cef325f	1998/no-qre2/_qre2.it
f1b9fcd645e48f41d06bc777d7a708c0	1	23731	player	it2play	Impulse Tracker 2.14+	3	276314	8c61cfa5	03d23f4c	1998/no-2222/99842348.it
f2cc4e1374543eaf2795f89e3a2db508	1	304800	player+volume	ft2play	<Unknown>	20	739841	ef32ba83	5342dadc	1996/no-goodt/ad-goodt.xm
f33dba1e459926651dc36a9fc8fcaf5f	1	220233	player	it2play	Impulse Tracker 2.14+	33	636672	65170a9e	06ca1f30	1998/no-n-et/sm_n-et.it
f33dba1e459926651dc36a9fc8fcaf5f	2	15965	player+silence
f58b61b3fe395647f662512e7d5fcef5	1	292696	player+silence	it2play	Impulse Tracker 2.12	34	1131161	c79854c1	ab2782fc	1997/no-glide/ha-glide.it
f6bd6ee6b4acb0528f0392be08bb44c6	1	240484	player+volume	ft2play	FastTracker v2.00	22	902070	ecc6317c	e9ba0937	1997/no-aris/no-aris.xm
f727195a3afaadeb7f30ed1769f31670	1	323324	player+silence	it2play	Impulse Tracker 2.13	36	1351542	591c54f0	4a83d52d	1997/no-vnim/sm_vnim.it
f80c4199cbe5d0180e68601a0c8aa6dc	1	215048	player+silence	it2play	Impulse Tracker 2.12	12	156383	b7080c33	b43d933a	1997/no-ssnow/sm_ssnow.it
f87ad559ec24e430678f54eed519c281	1	238498	player	it2play	Impulse Tracker 2.14	23	1332494	1b501c8e	519aadc4	1997/no-btnk/beatnik.it
f8e84e9b5701a199b51eee049f874253	1	199335	player	it2play	Impulse Tracker 2.14+	41	1539214	8e4dfc0b	1ba1f057	1998/no-edges/sm-edges.it
f9aacfd84b5ed5499c25576213d77b64	1	188661	player+silence	it2play	Impulse Tracker 2.13	12	119449	93e683db	86c8278c	1997/no-negco/sm_hhncl.it
f9d7273ceecf5a6d912cd1868505623d	1	448363	player	it2play	Impulse Tracker 2.14+	23	1840130	79214895	1e0298f7	1999/no-deeper/zn-deeper.it
fa2b28b44a3965dda0adb07d0352537a	1	295363	player	ft2play	AstraDyne (NOISE)	20	815905	c366100e	c312087e	1996/orbit/no-mmake.xm
fb9fd21c2dbb8bfc9d08f572cb76c51f	1	186906	player+silence	it2play	Impulse Tracker 2.14	17	1163435	f8bd2b4c	852fb31f	1997/no-asl/st-asl.it
fdaf1d01e638ee6605c1ec7b3029f8b5	1	110151	player+silence	it2play	Impulse Tracker 2.02	9	139559	d10903e2	569cc1bc	1996/no-moose/moose.it
fddafa092de0aabef39f37f883ff4042	1	370339	player+silence	it2play	Impulse Tracker 2.13	32	1351788	038215f5	fb147e30	1997/no-smegm/ambliena.it
fe13a9f50ae3f623e7cb5ca16c56a9fa	1	152991	player+silence	it2play	Impulse Tracker 1.05	9	109530	3141a807	795d9ae3	1996/no-redsh/redshift.it
feb6bf0ceed42973d386cdcaba682086	1	265051	player+silence	st3play	Scream Tracker 3.2x (GUS)	16	264344	7c832b11	addb85d1	1995/no-funk/sm-funk.s3m
fefaf30bb4d31bc963fd65d4eaee97de	1	433510	player+volume	it2play	Impulse Tracker 2.15	64	1325718	41e54167	7db222f9	2000/no-trfc/traffic.it
