0000578463ef1f36e4bf42506c418ded	1	256141	player	uade	Protracker	0	74406	4ec7251d	63270def	MOD2/GOLDEN.MOD
00188c5ecbf32a9d2d029b85a6838dc8	0	176377	player	libopenmpt	Ultimate Soundtracker 1.0-1.21	4	100012	a5daf7ea	a13d055b	MOD2/IDEA.MOD
002858698163a6afad5e97fd98eea2bc	1	149633	player+volume	uade	Noisetracker 1.x	0	163394	b6883ccc	85e70892	MOD3/FLASHCON.MOD
006021cd65334396d27419f26fc9b438	0	205426	player+silence	uade	NoiseTracker	0	112416	42310a30	5def18a3	MOD2/ECHO.MOD
00e089003996d269ede1cd573c26fc77	1	225416	player+silence	ft2play	Fasttracker (M.K.)	4	76878	d2f7f3c2	7ee98016	MOD2/GAWI.MOD
012651de443339bb99f793158231a00e	1	299645	player	uade	Protracker compatible	0	101026	981084bb	96a01bad	MOD3/NIGHTDRE.MOD
01c31d8c707541481526785f4a40c25d	1	214345	player	uade	Protracker compatible	0	140154	39e5aa82	047e4efe	MOD2/FLASHDAN.MOD
02472be3b7dedd8ee3ed05b8c400442a	0	107359	player	libopenmpt	Master Soundtracker 1.0	4	113492	8f0002d6	b4545e3c	MOD2/HARRY.MOD
049b92211454200739a6201a84a142de	1	365333	player	uade	Protracker compatible	0	66362	f816f107	f33e404f	MOD4/VIVAREV.MOD
04ad90fb72fa4859db819ca75cd6127f	1	234359	player	uade	Protracker compatible	0	72126	0bbdeaba	cc03ea20	MOD3/LVTBRAIN.MOD
04d97822bee6d4ddda68ce99d47ed5a7	1	84616	player	uade	Protracker	0	79996	849d65bf	5fa45400	MOD1/BLUE_MOO.MOD
04d97822bee6d4ddda68ce99d47ed5a7	1	84616	player	uade	Protracker	0	79996	849d65bf	5fa45400	MOD1/BLUEMOOD.MOD
05c92dd366bf7b6f0ae4a5ff6ab240d9	1	281797	player+silence	uade	Soundtracker II (15 instr.)	0	179130	53781b5c	f2e3aefc	MOD1/BETWEEN.MOD
05ec0a708ad2fba43e8710d545830484	1	169093	player	uade	Soundtracker II (15 instr.)	0	115592	4097759f	0cbd6a71	MOD1/AXELF2.MOD
06b530dfe2a479f440bb5376114c7029	1	138730	player	uade	Protracker	0	53690	9e0976c1	1ba8c328	MOD4/RJRAM3.MOD
06cc173681d5a68a76e915c75da6ee21	0	207197	player+silence	uade	Soundtracker II - V or compatible	0	74688	28624073	f0ddccb0	MOD3/LOCOMOTN.MOD
077749b1699e0ad56830e2b43cf6be1f	1	234359	player	uade	Noisetracker 1.x	0	159444	b38eaf85	d9b8eb9e	MOD4/TCB.MOD
07f6c9c3bf8964c35537f2bd55085146	1	169093	player	uade	Protracker compatible	0	161372	0a4c06da	0c7d1955	MOD1/DAWN.MOD
084b703a933c1fded923649eff398657	1	251920	player+silence	uade	Protracker	0	161638	a45f9b05	430adbd0	MOD4/TAKETIME.MOD
08f52fcbeef41ce37e65eaca8ae6af8a	1	143493	player	uade	Protracker	0	101248	c172d4c3	611c64f0	MOD3/PLASTIC.MOD
09d2d8c93857f4a94a4a59208ab98628	1	130693	player	uade	Protracker compatible	0	40164	40ec7ebe	7ba87112	MOD1/BLADERUN.MOD
09d83b2407180c2c44abab767288fa21	1	107645	player	uade	Noisetracker 1.x	0	52664	b3f073c8	39485c99	MOD3/MUZAC.MOD
0a37c84c8f2486c867a6c87fb3883377	1	291969	player	uade	Protracker compatible	0	86260	1b420b5c	7b95e8a1	MOD1/CASTLE.MOD
0a37c84c8f2486c867a6c87fb3883377	2	80758	player
0a3ac0e7b34a38e13e0ad7121abba28e	1	319600	player+silence	uade	Protracker	0	188216	b697408a	fa60ec38	MOD3/FREEGUIT.MOD
0a775f063fa6a54ebb5ef860a803caa9	1	119179	player	uade	Noisetracker 1.x	0	99948	19f883d3	525b721f	MOD3/LIFESTY1.MOD
0b6fa782897dc23c3987b8d2e334ad62	1	26323	player	uade	Protracker compatible	0	21848	5399a1f1	7f8d0c52	MOD2/EXCEED.MOD
0bbf1609947835b05eca166081260481	1	138369	player	uade	Noisetracker 1.x	0	55476	510b6141	6902971a	MOD4/ROCKING1.MOD
0be91ffe83cf7ddf95f22e079266bd78	1	230541	player	uade	Protracker compatible	0	70388	105b38f9	215de516	MOD2/INTHEAIR.MOD
0bf9e6c5e1b4a452e5fb9846d09d1a48	1	230541	player	uade	Protracker compatible	0	149846	8a2825cd	13add0a1	MOD4/THUNDERF.MOD
0c9b99e8e53e34dae117512eab84d8e1	0	269464	player	uade	Ultimate-Soundtracker or compatible	0	67364	85fa1eec	7e928577	MOD4/THIEF01.MOD
0d48f53e1a9b9f8d941ec73af9427870	1	206207	player	uade	Protracker	0	43958	cdfe051b	8c4d87d4	MOD4/THINGCG.MOD
0d48f53e1a9b9f8d941ec73af9427870	1	206207	player	uade	Protracker	0	43958	cdfe051b	8c4d87d4	MOD4/THINGZCH.MOD
0daffdf4d5562854cd8a6cdee62097d8	1	153721	player	uade	Noisetracker 1.x	0	54500	17df9e81	b910e7a2	MOD4/SUPACT7.MOD
0dd6bc5659f5770ef3e10dd4560dca08	1	227688	player	uade	Protracker compatible	0	223626	c3e58290	bd391b4d	MOD3/PLEASURE.MOD
0e43f95ba15924ea44a0a74b788e68e6	1	159809	player	uade	Protracker compatible	0	72322	c5f1bf2a	569c8b92	MOD4/SOMEBODY.MOD
0e46af4cf093eb3d51d908bc73c94c5a	1	245893	player	uade	Protracker	0	65940	be848a74	7f4647d6	MOD2/EXP.MOD
0e6ae15d6492a6089adf65d2bfd9f460	0	214719	player	libopenmpt	Ultimate Soundtracker 1.0-1.21	4	51236	3b1ab0ac	1ff28766	MOD4/TGM.MOD
0f32d9822a36bee9bf01fe8e4caed4ee	1	111681	player+silence	uade	Protracker compatible	0	171228	8456819f	e310df0e	MOD3/DREAMING.MOD
0f429b76036964785a6aa72b30cb6986	1	82044	player	uade	Protracker compatible	0	105838	25b6c433	0c011e57	MOD1/CALM.MOD
10239d27865466b86b75cc9146375d3e	1	188283	player	uade	Protracker compatible	0	208298	38b36dc6	c84673f7	MOD4/XTASE.MOD
1079ae9be3b762aebf28d5508321037f	1	62051	player	uade	Protracker compatible	0	36370	32191482	78dbf002	MOD2/LETSNOW.MOD
11a79ff1cf538a1e6ac247b236b6c30d	1	76920	player	uade	Protracker compatible	0	77168	da1fbf0d	7e1776c2	MOD4/SADHISTO.MOD
11e8b6b76366ab69abb1b7f6962c69ec	1	345721	player	uade	Soundtracker II (15 instr.)	0	47574	2ed45d08	12a5abcf	MOD4/STUNTMN2.MOD
1311f651fa0f4df4152369706cb8a046	1	235411	player+volume	uade	Noisetracker 1.x	0	222058	4a76122e	83e9e6c7	MOD1/AZIEDREV.MOD
1311f651fa0f4df4152369706cb8a046	1	235411	player+volume	uade	Noisetracker 1.x	0	222058	4a76122e	83e9e6c7	MOD4/RVLUTION.MOD
1346d694acc08dbdcd35fba0d4e7aa3c	1	315017	player	uade	Protracker	0	69022	43ce6675	cbd54b6e	MOD2/GODZILLA.MOD
136e7f4f775a5d40fc9a3273cf6e80fe	1	201726	player	uade	Protracker compatible	0	200556	7300d6e5	8a90d04c	MOD1/COLD.MOD
13a839a40f7a00512a5bd1b4e82edb7d	1	176875	player+silence	uade	Protracker compatible	0	147818	995de645	03b7a0e3	MOD3/RAGGTIME.MOD
14e6f149c9e1386cd4a890377c119bd0	1	146045	player	uade	Protracker compatible	0	53138	a459864d	755d57ad	MOD1/CHOICE.MOD
1505e92af634fe0275263128afc8bf69	1	428128	player	uade	Protracker compatible	0	175962	02afe75b	f24860d7	MOD1/ARMADA.MOD
1505e92af634fe0275263128afc8bf69	2	381570	player
1505e92af634fe0275263128afc8bf69	3	381570	player
1588fc8d086453ec724fa5e3822ac993	1	53189	player	uade	Protracker compatible	0	115497	b4276c9f	35f12c43	MOD3/RAINY.MOD
15b11fd78516da87edd5fb4d03dadb47	1	180607	player	uade	Protracker compatible	0	86500	f64dc791	271b9908	MOD2/KILROY3.MOD
15cc0d540b25eb15b79c20a23c258c6c	1	246536	player	uade	Protracker	0	149170	db3a3f85	fcc24f79	MOD4/THATSALL.MOD
1600947b0edc497bb8790df9785a58ee	1	176769	player	uade	Protracker	0	131276	08befd84	e5ebed61	MOD3/NOT_JUST.MOD
167998b4c955f351b63b05971ec7ab37	1	296048	player	uade	Protracker compatible	0	137356	fbb69842	e1d0263c	MOD3/PHANTA.MOD
167998b4c955f351b63b05971ec7ab37	1	296048	player	uade	Protracker compatible	0	137356	fbb69842	e1d0263c	MOD3/PHANTASM.MOD
177650e7abf953f28454b9295813d061	1	180089	player+volume	uade	Protracker compatible	0	123204	03d25a7a	48378fe0	MOD2/HLRUNNER.MOD
17d6c5b892253b1253685c7508d443ee	1	76665	player	ft2play	Fasttracker (M.K.)	4	89204	401d2e26	6ee89780	MOD1/BUGZDEAL.MOD
17dd120ef98678ef69051aac2020a1d9	1	203635	player	uade	Soundtracker II (31 instr.)	0	79750	1858171e	4acbf2c2	MOD1/APC.MOD
17dd120ef98678ef69051aac2020a1d9	1	203635	player	uade	Soundtracker II (31 instr.)	0	79750	1858171e	4acbf2c2	MOD1/APROACH.MOD
17eda6027dfa58a3c86433ab2787bf5f	1	146045	player	uade	Noisetracker 1.x	0	95268	0091128e	4ec8db2a	MOD3/QUANTUM6.MOD
17f82b155eb4bfff782d4760aa545a76	1	197245	player	uade	Protracker compatible	0	27396	a74a2b38	c08c0915	MOD3/MUSIX5.MOD
17f82b155eb4bfff782d4760aa545a76	1	197245	player	uade	Protracker compatible	0	27396	a74a2b38	c08c0915	MOD4/TUNE3.MOD
186df4c84ffd91b2efbddd62912cf543	1	120756	player+silence	uade	Noisetracker 1.x	0	109896	f6e42d7d	73e154d9	MOD4/UNKNOWN.MOD
18a5bf94776574edc76d2d9d91a3c8a8	0	47522	player	uade	Ultimate-Soundtracker or compatible	0	57596	9e5ae574	f307e6ad	MOD4/SLL5.MOD
18b8bdfbd04f465a0f9ac8ff8f20a4c7	1	305381	player+silence	uade	Protracker compatible	0	96488	5ad81243	5d59fb78	MOD2/G3.MOD
18f5e45039c18b35f24731bf805a656c	0	53490	player	uade	Ultimate-Soundtracker or compatible	0	75288	1b7e2817	f5df5bab	MOD2/FOOTBALL.MOD
19f1f3e385f3ed76c1c3214b9ef3b8ec	1	252778	player+silence	uade	Protracker compatible	0	170610	966f1c7c	762238ca	MOD3/GALAXYII.MOD
1a8d6e13b5bd6902bb9c1f3be40f8d24	1	230541	player	uade	Noisetracker 1.x	0	58772	bb849016	5bfb6349	MOD1/AXK8.MOD
1a9942f32cfc1d9f79807cc089f7f875	1	146045	player	uade	Protracker compatible	0	39498	6fe0533c	d7ebfa5f	MOD1/B.MOD
1a9942f32cfc1d9f79807cc089f7f875	1	146045	player	uade	Protracker compatible	0	39498	6fe0533c	d7ebfa5f	MOD3/PARADOX1.MOD
1ad6cebcd89cdd87aa7c84f65f2a2597	1	296129	player	uade	Protracker compatible	0	96956	9ae49a90	79c7f66a	MOD4/SLAPPYAN.MOD
1b05cfa76e1dea447d31842d51e279ce	1	121088	player	uade	Protracker compatible	0	59804	2b220e6b	80e3ea32	MOD4/TUNE2.MOD
1b5ca19bd5ac72e206921a3da6880fba	1	122997	player	uade	Noisetracker 1.x	0	71282	ea746c1b	840a383f	MOD3/POPCORN3.MOD
1be7c2fa4576ac866a81472f710a2b55	1	169001	player+silence	uade	Protracker compatible	0	64214	862f264a	cc19fe8d	MOD1/CBLUES.MOD
1bfc2eba2c562741b8b0973de0bb83d5	1	199258	player+silence	uade	Noisetracker 1.x	0	162014	5a496eb3	557bce74	MOD1/BLACKMOR.MOD
1caeeab46d68b107de27779db9441130	1	35968	player	uade	Protracker compatible	0	21898	2cce95d7	d78640a7	MOD3/MOREOVER.MOD
1cda6e9f2539e3fe16a2def1d2e719ec	1	249410	player	uade	Protracker compatible	0	102288	6f931a31	c576257a	MOD2/IMPONERT.MOD
1d570f06fa8d925001d4b09cd646108c	1	276597	player	uade	Protracker compatible	0	110696	e710e766	fe393344	MOD1/ARVIDS.MOD
1e0bfdc63f13575076ba9682838bcba0	1	218042	player	uade	Noisetracker 1.x	0	219664	e6697d42	340b86d2	MOD3/HOMYDONT.MOD
1e2e49ae176756d97d7a66cd104a4530	1	138369	player	uade	Protracker compatible	0	40892	e94df7df	a20ad79d	MOD1/BLIRG.MOD
1f293761615de9e1cd1eb606d2adefc7	1	254132	player	uade	Noisetracker 1.x	0	93602	91c60d60	429abdc3	MOD4/TKG_I.MOD
1f3a7417f4f7468594f83fa71348f49a	1	222845	player	uade	Protracker compatible	0	94734	b5cea569	c81f355d	MOD3/MASQRADE.MOD
200660ae9b14c4919e641bace28124c8	1	38520	player	uade	Protracker	0	19132	dcca92b1	1b4106b4	MOD3/LOVEHARD.MOD
201e533c96e02134f986beca6c91777c	1	143803	player+silence	uade	Protracker	0	76054	a62a8001	abc1b6e1	MOD4/VERTIGO.MOD
209f73625c04c076140bbfd57a7cb86f	1	182536	player	uade	Protracker compatible	0	68230	f153d3ab	22543887	MOD2/GOFURIT1.MOD
21e82d7bd1c5774171e106a13b64a3f4	1	208056	player	uade	Protracker	0	68882	8b8b2236	3c029beb	MOD3/MANDLFRC.MOD
220237509cade92bdefa2fb39618cfc6	1	179043	player+silence	uade	Protracker compatible	0	137148	9b89fede	12f67d20	MOD4/XENOPHOB.MOD
2280caffbe36d467270b3b6aec1cb742	1	146045	player	uade	Protracker compatible	0	31084	bbe7e231	b07dd9eb	MOD4/TKG_C.MOD
23764ee90d0476135158a5c518f7e67f	1	242055	player	uade	Protracker compatible	0	130382	7ab534f4	45ea99ca	MOD1/CRMEARTH.MOD
239adb4923f5885111cb98c62cea7a4e	1	69224	player	uade	Protracker compatible	0	75688	f1083a6b	6cfa640b	MOD4/TRAVELLI.MOD
241a6308d19f9ed544046f5afb3da425	1	255498	player	uade	Protracker compatible	0	105104	f670e40b	ff1d5d03	MOD2/JAMBOREE.MOD
242b73118a8a91b743e6da533072d537	1	143199	player+silence	uade	Protracker compatible	0	80240	6111c8fb	a36344c9	MOD3/RAA.MOD
2677e9614ee68910a3dd3370efa0f2b7	1	215149	player	uade	Soundtracker II (31 instr.)	0	99400	a8337dff	4ca4e260	MOD4/ROBOTRON.MOD
268ec33336617d9beda4d6d21d648dba	1	201979	player+silence	uade	Noisetracker 1.x	0	345214	f7f1bdc4	30b65f55	MOD3/PUMPVOLM.MOD
26a6d51e9c8d8d4118bbd0493509b1a5	1	315017	player	uade	Soundtracker II (31 instr.)	0	78216	d0f5f07a	dd50ba29	MOD2/DESERT.MOD
26b3d0a25fca5f1b6eed14ac0bf5a7bd	1	61568	player	uade	Protracker compatible	0	45430	eb2ea87d	a5419e56	MOD1/BALL2.MOD
284ce6c29ed059764d5044b2b46605f2	1	153403	player+silence	uade	Protracker compatible	0	90822	6d5b49cf	a868627d	MOD2/KILROY6.MOD
2860e9b8b3d1b175ec59d1e56ba6c045	1	210205	player+silence	uade	Noisetracker 1.x	0	93588	86aef072	71de0ba2	MOD1/ARCANE.MOD
29e0b73eb45170e2f59f177d764972ea	1	88475	player	uade	Protracker compatible	0	97424	9e186b3b	524075e9	MOD2/LETSWING.MOD
29fb51da0a6c08d83aa521329fcfd5cc	1	233093	player	uade	Protracker	0	76694	1108b25d	4a53cc61	MOD2/GOODBYE.MOD
2a2178634ac1c609d35b4e820c139a00	1	130693	player	uade	Noisetracker 1.x	0	90637	68ac90d0	8220d396	MOD4/WASTLAND.MOD
2a4bbdf0d7f00584f4ae940fd7ec3c7a	1	400699	player	uade	Protracker compatible	0	93106	7c65c725	de9d366d	MOD1/C.MOD
2a4bbdf0d7f00584f4ae940fd7ec3c7a	1	400699	player	uade	Protracker compatible	0	93106	7c65c725	de9d366d	MOD3/PUSH.MOD
2b0ff9cb492330d8f5984d39ffc4e036	0	243559	player+silence	uade	Ultimate-Soundtracker or compatible	0	108560	d5835130	16ae8684	MOD1/BLUE.MOD
2b2d6491bc518d59f3c241f3cb00a55e	1	174631	player+silence	uade	Protracker compatible	0	154710	56bb99b2	550ed844	MOD2/LASER_1.MOD
2b696204a8e527a465cfbbee70479d84	1	138369	player	uade	Protracker compatible	0	73320	e9921f73	cfaee6bf	MOD2/INDUSTRY.MOD
2ba319b7cfda513cc0bd0ef393b03306	1	38520	player	uade	Protracker	0	64468	8394de8c	54fc8b32	MOD4/THEEND.MOD
2d372ffd2e083711b50bc95ced3825da	1	268921	player	uade	Protracker compatible	0	107518	527c1bda	e1850f4d	MOD4/STORIES2.MOD
2db3ce6cce4823120ce8d2de21c3ac4f	1	107645	player	uade	Protracker compatible	0	58106	93b1e6ad	0322ee6a	MOD4/UA1T.MOD
2ddea1883cf096d99ad7c12e1d3fe8df	1	222845	player	uade	Noisetracker 1.x	0	180818	c1a5bb1e	5fade1a8	MOD3/NEWKISS.MOD
2de3d886f3c4afd899d938047ae71123	1	127478	player	uade	Protracker compatible	0	182188	88e88452	c8c3f260	MOD3/ICEBABY.MOD
2e1d3780ec3fda69c247de80089c667b	1	213622	player+silence	uade	Protracker compatible	0	129218	71ef6c99	98acb586	MOD2/EXCTASY.MOD
2eccd13d2c182f9201c7fb816c278654	1	234238	player	uade	Soundtracker II (31 instr.)	0	135768	8901476a	0476925a	MOD2/FIREWORK.MOD
2eddcbc763015690ac2194a33301a05a	1	242055	player	uade	Protracker	0	97756	172f42b1	1b1df0b3	MOD4/SECURE3.MOD
2ef3c4044f18d88115f8aca70dc09cbc	1	230420	player	uade	Protracker compatible	0	91504	d251db83	541fc673	MOD4/TRAINB.MOD
2ef3c4044f18d88115f8aca70dc09cbc	1	230420	player	uade	Protracker compatible	0	91504	d251db83	541fc673	MOD4/TRAINBEA.MOD
2f0455119501ac0c99b79d166878bf80	1	291969	player	uade	Protracker compatible	0	142166	83d09404	e41051b7	MOD1/CAP_N_PO.MOD
2ff3bf89e9626cf1c37181ea2beeb0c5	0	155783	player+silence	uade	Ultimate-Soundtracker or compatible	0	83216	d4e0656b	cd549669	MOD4/SLL1.MOD
3049088194087bcffb35139a61242abf	1	138369	player	uade	Protracker	0	63074	e5c2766c	831ecc55	MOD3/OTA.MOD
306728c6b59cb13004d1ebf154cbb5fb	1	225075	player	uade	Protracker compatible	0	151434	e87331c7	a42ad3b1	MOD2/HEAVYBAL.MOD
308975a50640ecb737a8dd0b616a4634	1	185751	player	uade	Protracker compatible	0	160990	60ad3a55	da4279ed	MOD3/HYSTBABY.MOD
30961e5b4fbba69bcba626918513c41e	1	200645	player+silence	uade	Protracker	0	119746	b5298318	0e3e994e	MOD3/MANDELDU.MOD
30a07bce70cc198904a56b77c0791be4	1	202208	player	uade	Protracker	0	60746	63f19e5c	7c8caf0c	MOD2/HEAVEN2.MOD
30bb6d2fc8f3ea5ba0daffda7f72398d	1	192141	player	uade	Startrekker (4ch)	0	194316	06b49a01	7a09ae4d	MOD1/DC_XMAS.MOD
30c2d4976386c356fbcf7c252087b432	1	116586	player	uade	Protracker compatible	0	31734	2fd19ed8	102e2eb0	MOD3/MID.MOD
31699427a8dd9e8a55b38a0755dc2b5f	1	246717	player+silence	uade	Noisetracker 1.x	0	80792	aab849af	653b8dc8	MOD1/ALPHVLLE.MOD
32a86163ec78c2983ab096a4b4b9843f	1	215149	player	uade	Soundtracker II (15 instr.)	0	76188	5cc249d2	958907d9	MOD2/DOC1.MOD
32c86a64c44732a792873d2e1075e23d	1	344129	player+silence	uade	Startrekker (4ch)	0	171738	d71a073d	85648022	MOD3/MAMA.MOD
3387e10efac7b1a368ef4f0e58606f9c	1	194291	player	uade	Soundtracker II (15 instr.)	0	91046	2b0a8b37	bd8c78d2	MOD3/MY_DAY.MOD
33e8b9ee1e260bce204e2edb2763f7b5	1	141631	player+silence	uade	Protracker compatible	0	50908	01695b7f	e58931da	MOD2/HOWDEEP.MOD
344c887648dc9e4befc9fa27345e903d	1	176060	player+silence	uade	Protracker compatible	0	62732	3f7bdba1	e24d2eea	MOD1/CANON.MOD
344c887648dc9e4befc9fa27345e903d	1	176060	player+silence	uade	Protracker compatible	0	62732	3f7bdba1	e24d2eea	MOD1/CANONIND.MOD
348e5f194c765529ea4c72e6f7318d6f	1	46216	player	uade	Noisetracker 1.x	0	62790	38a70aee	5d20e147	MOD2/JAMES.MOD
34b3029b5fad9bb4d91e84b5a3d4d609	1	121088	player	uade	Soundtracker II (31 instr.)	0	59846	b051d4ed	bd0c77e8	MOD2/E.MOD
34b3029b5fad9bb4d91e84b5a3d4d609	1	121088	player	uade	Soundtracker II (31 instr.)	0	59846	b051d4ed	bd0c77e8	MOD4/UPFRONT.MOD
34b62f7fa46f0240b617e4f2c54a35b7	1	118334	player+silence	uade	Protracker compatible	0	69322	43843a69	baf701c8	MOD3/NUMAN2.MOD
361d5dfeccce507fddd119aabcd5be4f	0	126774	player	uade	Ultimate-Soundtracker or compatible	0	42716	e227984a	3290be52	MOD4/SLL8.MOD
36760780c07ebbd3f46676884fd2b969	1	216033	player	uade	Protracker compatible	0	166666	8a4476b5	fdda787f	MOD4/VENTURES.MOD
367666457b538959efab409d5cd837f4	1	261245	player	uade	Noisetracker 1.x	0	80006	f16db7a3	0353cd81	MOD1/AMEGASI.MOD
36888cc042f6459b277ea159d0820775	1	46216	player	uade	Protracker	0	25874	a14950b4	4b5d8724	MOD4/STAHND.MOD
3711b0dee7076b350da2551b8f60640f	0	168708	player	libopenmpt	Defjam Soundtracker III / Alpha Flight SoundTracker IV / D.O.C. SoundTracker IV / VI	4	91240	f5c8fe34	2c0e117f	MOD3/NIGHTFLL.MOD
38d80c03092253fa9575159a22759af7	1	184686	player	uade	Soundtracker II (31 instr.)	0	248990	d259d4ec	751a00ac	MOD4/TKGS.MOD
38e1118a59f2c9cf9e7079f40c281c4b	1	76920	player	uade	Soundtracker II (15 instr.)	0	58630	d926f943	72985c31	MOD2/HIPHURRA.MOD
39313965c568327f1a224176834ca6f0	1	71816	player	uade	Protracker compatible	0	63194	4d07545c	8b95dea1	MOD4/UPSIDDWN.MOD
39c97ad1052c5893c82d1cfb3d6c16ed	1	76920	player	uade	Protracker compatible	0	24832	08111d05	d2093cf1	MOD1/COOL1.MOD
39c97ad1052c5893c82d1cfb3d6c16ed	1	76920	player	uade	Protracker compatible	0	24832	08111d05	d2093cf1	MOD2/LCHINA.MOD
39c97ad1052c5893c82d1cfb3d6c16ed	1	76920	player	uade	Protracker compatible	0	24832	08111d05	d2093cf1	MOD3/LITCHINA.MOD
39c97ad1052c5893c82d1cfb3d6c16ed	1	76920	player	uade	Protracker compatible	0	24832	08111d05	d2093cf1	MOD3/LITTLE_C.MOD
39e6a1b18b3ba50e5ae05ff48de088cc	1	163969	player	uade	Protracker compatible	0	146166	414f8dde	5ee00338	MOD3/LONG_SLI.MOD
3ad12f148005ac381c9ef39ba77c1aec	1	143126	player	ft2play	Fasttracker (M.K.)	4	123506	9f07e11d	018abf80	MOD4/STYLEE.MOD
3b4a64304af638be39305fb2b0312483	1	208216	player	uade	Protracker	0	99148	a58c7283	8c67e83f	MOD2/JFY.MOD
3b8b9e74a73aaa871ef4b63333276014	1	215149	player	uade	Soundtracker II (15 instr.)	0	56446	7ed5c6a1	d7ff533e	MOD3/NONAME.MOD
3bc2ca26081bf6ed5904e017596bf514	1	192141	player	uade	Protracker compatible	0	56958	3fec70ce	fb38db68	MOD4/V48.MOD
3c06780b691a344147ab8032ac6753d1	1	207493	player	uade	Protracker	0	269512	06fd7c17	8161b182	MOD1/CRIMEZOH.MOD
3c073e2e7135b2aef0190ac6f04e6eef	1	82044	player	uade	Protracker compatible	0	48410	c8910821	3584d5a3	MOD1/AUDOSKAP.MOD
3c3e4421d3533d64bd3d2721cf912246	1	48125	player	uade	Protracker compatible	0	53064	884e6512	f2c7c3f8	MOD2/INTRO_TU.MOD
3c8b81ce59264057dc030f17accb7177	1	158845	player	uade	Protracker compatible	0	120558	8238cad4	91d2bd52	MOD4/SPECIAL.MOD
3d9b98a3a32902d90ff3f220c5b10cdf	1	207493	player	uade	Soundtracker II (15 instr.)	0	73240	223da0ff	69aaaf5d	MOD4/VIRGIN.MOD
3dba3d500490c8b901f67887a3444370	1	230541	player	uade	Soundtracker II (15 instr.)	0	80798	284133ec	08c248df	MOD4/WALKMAN.MOD
3e5ca40e4cb724559d75e70638ac0a53	1	138485	player+silence	uade	Protracker compatible	0	228156	82e08de3	95649e1e	MOD3/EUROVISI.MOD
3e921cb0eac2cab8555b53ce9c5fb55b	1	201083	player	uade	Soundtracker II (31 instr.)	0	62390	21acc345	aac57edc	MOD2/FUSION.MOD
3e9823064d21892bb9a1b359480d046c	0	63377	player	uade	Ultimate-Soundtracker or compatible	0	39268	f261fb58	e0cc4682	MOD4/TNT2.MOD
3eee2c64a7b0a8e5532125db7f84df7f	1	315258	player	uade	Protracker compatible	0	128020	431f4d1b	c7a4ad63	MOD2/HALLUCIN.MOD
3f0fd4a175ff57a932f783feb929530e	1	192141	player	uade	Protracker compatible	0	56558	4577724a	e53302ae	MOD4/WERWERU.MOD
3fab9718fa116df00f4be9140489ceb6	1	486221	player	uade	Protracker compatible	0	71260	95c80ea4	5cc76cd3	MOD2/FUTURE.MOD
404ea37a508557d551bb2a30e1aa48d9	1	99325	player	uade	Protracker compatible	0	131368	f58d983b	f76a2191	MOD1/BEYOND.MOD
40f8a46fbe740de2382e5bb3753e4c01	1	117872	player	uade	Soundtracker II (15 instr.)	0	101620	cd444c91	993d0d6b	MOD2/LANCE_15.MOD
40fc28834544c08c4c24cb3442f8ec8d	1	157579	player	uade	Soundtracker II (15 instr.)	0	90560	cbb84636	7aafbd1e	MOD4/SMOKE.MOD
423951c6677138f47bcfbebec1c1e926	1	275461	player+silence	uade	Protracker	0	163738	d2103f5e	4e631db3	MOD4/SCRAMBLE.MOD
42437e9a303d8c541b73a3f01b937809	1	138369	player	uade	Protracker compatible	0	38384	1e8e8bc3	66ebcd40	MOD1/BALL_2.MOD
42a8c609be3f801e3299908e316d2ef6	1	276597	player	uade	Protracker compatible	0	54644	9a224b4e	9a4f64df	MOD3/MINIBLST.MOD
42b82a244100832cacda045b2668bb93	1	114034	player	uade	Protracker	0	27410	a45fda09	e73417ed	MOD4/YO.MOD
42c8155f4f61d7866fd826006dbbe69a	1	207493	player	uade	Protracker compatible	0	105148	bf285315	fe2d70c6	MOD3/LIMBO.MOD
432d3ff72e6bc32ffd3b4f47b8e4e8c2	1	112568	player	uade	Protracker compatible	0	38176	3ab4121b	75b4e8fb	MOD2/JCGE.MOD
433191653a20a04a0cf7a49b4bb2fbcc	1	173605	player+volume	ft2play	Fasttracker (M.K.)	4	42404	eebea06f	d658ef03	MOD1/BABY.MOD
44cace85f4b31146add958fb02dbd93c	1	134531	player	uade	Protracker compatible	0	68682	4ec33946	1ea9fe40	MOD3/PARTY.MOD
451f2abfb03d7de40ae3b7df3c61a44d	1	246838	player	uade	Noisetracker 1.x	0	78188	ff35ee33	882ddfe0	MOD3/LOWALTIT.MOD
45b51a18abc58643c8b7cb2b5ff935a3	1	261245	player	uade	Noisetracker 1.x	0	65900	1bd97a1c	7cd564aa	MOD1/AMEGASJ.MOD
460f34f280237ff087d0cd1fca6ebe8b	1	238197	player	uade	Protracker compatible	0	115904	5f89434e	0c33a57b	MOD3/NUCONTRO.MOD
48b09ba54eec5b38a3c8e6013d1a3424	1	185406	player+silence	uade	Protracker	0	102746	5147616e	dfeb8c29	MOD4/VIRUS.MOD
49199af8c39eb1042237fc40ca4bce12	1	84616	player	uade	Noisetracker 1.x	0	22248	e2b2019b	0f67c1e6	MOD3/PRE.MOD
4949cf3597275b7801789b4b3291c818	1	161397	player	uade	Soundtracker II (15 instr.)	0	50692	6d64a436	8f872db2	MOD4/STREF.MOD
4959272632085a665a0cdcd53782e2fa	1	161397	player	uade	Protracker compatible	0	41148	c2c911d5	f09c3863	MOD2/GOLDRUNR.MOD
4994ebba308165428300d749aaa12a4d	1	36852	player	uade	Protracker compatible	0	41240	e2b508db	4c236859	MOD2/HARDDRIV.MOD
49aa26bb48671e012ec311917da283ca	1	377310	player	uade	Protracker compatible	0	194244	dcc86a77	4ede5b40	MOD1/DEEP.MOD
49aa26bb48671e012ec311917da283ca	1	377310	player	uade	Protracker compatible	0	194244	dcc86a77	4ede5b40	MOD3/DEPRESED.MOD
49cb934a65c37416f32c3bca924ff4e7	1	327194	player	uade	Noisetracker 1.x	0	233264	400b221a	992c2814	MOD4/STRAZZAN.MOD
49cfd6be87936d8ede059b64397fe308	1	205236	player+silence	uade	Protracker compatible	0	199926	e62e1392	9e927426	MOD4/TONIGHT_.MOD
4a23a7621e732580bc3bd6b7f287c93b	1	226603	player	uade	Protracker	0	181882	0ff949a9	f527608e	MOD4/SADNESS.MOD
4a27ee04714205c984f2753cf3a85dff	1	170379	player	uade	Protracker	0	62342	2ecf48d3	4383f0d5	MOD4/RBTX1.MOD
4a47e4f17d04516b347842f630d72626	1	238197	player	uade	Protracker compatible	0	131668	1f37be41	81cb6c40	MOD3/MINOAN.MOD
4a871f28e06e7c756adfad8235bf4452	1	176769	player	uade	Protracker compatible	0	58960	00109222	c39f1d88	MOD4/ROKNPEBL.MOD
4be5a747a42c1632a524e5734e97959d	1	80758	player	uade	Soundtracker II (15 instr.)	0	42320	b887cfcb	a04713c5	MOD1/ACIDBAT2.MOD
4c3ad3ce230dfa18d52b29e94a1ccd78	1	92020	player+silence	uade	Protracker compatible	0	82178	9355bcea	4c73a760	MOD2/HIGHWAY.MOD
4c4a100801f239ea9a0b5367fca65b75	1	305381	player+silence	uade	Protracker compatible	0	96488	8785a72c	5ce5a7cc	MOD3/RAPPSTAN.MOD
4c69bd28d481113ee47fcde17d414aca	1	253569	player	uade	Noisetracker 1.x	0	29132	2d0b2923	c7be136e	MOD1/A.MOD
4c69bd28d481113ee47fcde17d414aca	1	253569	player	uade	Noisetracker 1.x	0	29132	2d0b2923	c7be136e	MOD2/INGAME.MOD
4c808db7bf44e1800171f8cc85082ebf	1	192141	player	uade	Soundtracker II (15 instr.)	0	59320	999b48d9	cf9e2d28	MOD1/CAMBOD.MOD
4c917cfaa2a08a991ac7778f257bd3a6	1	414866	player	uade	Protracker compatible	0	214670	4e23b822	bf6cc57c	MOD3/MCHAMMER.MOD
4ca053941e5bf3e6fe7e4fb78080e1dd	1	307021	player+silence	uade	Protracker	0	99700	8967b94b	36d07adf	MOD4/REALIZE.MOD
4ce7387cf12b44ab01c23ef32274eb85	1	182006	player+silence	uade	Noisetracker 1.x	0	91456	949ddd55	4bc78d80	MOD4/SAHARA.MOD
4d2fdfd7bda4a5d65a1979f007dff890	1	69224	player	uade	Protracker compatible	0	60814	ee2d91ae	caeda904	MOD2/JINGLE.MOD
4d3e1d8d501d72fa46d680531e430c9e	1	153721	player	uade	Noisetracker 1.x	0	89582	60809da4	82ebcb40	MOD1/16RASTER.MOD
4dea3289b726938ce9e071e0f23be6d8	1	162683	player	uade	Soundtracker II (15 instr.)	0	105164	3d11cb19	247bf4c7	MOD1/11_1.MOD
4e4fd2477beeb859e6e5d5a5f1849c36	1	213622	player+silence	uade	Protracker compatible	0	129219	4da5af53	dcb5dae4	MOD2/ECSTASY.MOD
4e84e4d7f571fb3c216738d75ef36acc	1	192141	player	uade	Protracker compatible	0	190698	5c9e2079	466142d3	MOD3/FREEFROM.MOD
4e9c7aa1c2228f6559bf8ce072271448	1	90283	player	uade	Protracker compatible	0	91299	1c08920a	91df5851	MOD1/BREATH.MOD
4eb19cab8eb52a6e175ee7a3c57ee49a	1	138369	player	uade	Protracker compatible	0	84210	f027f63b	44628f75	MOD4/SALUTE.MOD
4ec0e04e21218e598492456e1016b913	1	92272	player	uade	Protracker compatible	0	59378	1c10487a	bb30990b	MOD2/KILROY2.MOD
4ee1760f498c6582c01ceb1c7cb08e7d	1	430218	player	uade	Protracker	0	100368	6aae4db8	dd4479ec	MOD1/007.MOD
4f7276312518fcfabb17d4417c2697d8	1	192141	player	uade	Protracker compatible	0	108310	779a391a	6db23704	MOD3/NIGHTLIG.MOD
508ffda5ba71299221b83866a6bc36a8	1	192141	player	uade	Protracker compatible	0	78420	5aa90ec8	efcd6fec	MOD1/BALL_4.MOD
50cadcd1963563097c56f813bffc62fe	1	132360	player	uade	Protracker compatible	0	263744	859800cc	ea0f4d53	MOD1/BATDANCE.MOD
5103289bd98d58dafd896f0e28da0e29	1	184445	player	uade	Protracker compatible	0	147026	085f2a3d	39f0ff2a	MOD4/WHY.MOD
51b132e3cd730c6ffed4a2911971cbe9	1	238197	player	uade	Protracker compatible	0	86478	5a9e19a3	01cd5cc6	MOD4/SYNDISCO.MOD
5233c4fe2db349e9cbc89d6547595d8f	1	38520	player	uade	Protracker compatible	0	116086	7a530046	8f52d919	MOD2/GETUP.MOD
52a1b6168ca335fe887c0adae9bbb124	0	197093	player+silence	libopenmpt	Master Soundtracker 1.0	4	60316	0d7f2757	59bb2595	MOD1/DEADLOCK.MOD
52a855790e434fb7cb81badf2b114a1c	1	53149	player	uade	Protracker compatible	0	160690	bfc30cd0	99964650	MOD1/CRIMBO.MOD
52d06d5bce44299005bd9f055e2a705c	1	153721	player	uade	Soundtracker II (15 instr.)	0	56184	fc0339cf	c08e9e9a	MOD2/ENOLAMIX.MOD
5393895cc6bef730eff6a476ee3afda6	1	174816	player+silence	uade	Protracker compatible	0	114128	d0fe6d8c	7fa7d6c5	MOD1/CCFACTRY.MOD
5455d2da6e3b5422dd04c5c747608879	1	223809	player	uade	Protracker	0	159976	223eb807	c61d00c3	MOD3/ENLIGHT.MOD
54698849416d588c312d8b1b807e5f1c	1	286608	player+silence	uade	Startrekker (4ch)	0	95328	b4bf245e	709c5657	MOD2/HARDROCK.MOD
54a6033af515eb1be2c3d7a1023baa54	1	163969	player	uade	Protracker	0	27598	40f86780	bc7456f4	MOD1/4MA.MOD
54ad48bd0016b14360f8972d730115c2	1	192141	player	uade	Protracker compatible	0	56646	1f379399	afb0c2a5	MOD2/KTHRSIS.MOD
5504aa02c5d301829040835aac769bd8	1	141709	player+silence	uade	Protracker compatible	0	102562	f2565385	8fc79eb2	MOD1/AIRWOLF.MOD
551f04e1169625ff002733a68d670d71	1	108931	player	uade	Soundtracker II (15 instr.)	0	111052	593c9cc9	c0dc151c	MOD1/AWESOME1.MOD
553c2819d3df222e24bde7f936b3fdb6	1	631993	player+silence	uade	Noisetracker 1.x	0	116076	0e82706a	61967f76	MOD1/AXEL_FMO
5546c73938c906b2f1e395634c4e8372	0	158285	player+silence	libopenmpt	Ultimate Soundtracker 1.0-1.21	4	101284	1c63d4fa	6568e32c	MOD4/RIFF.MOD
5555eecc5ff5ddbfaaf2545390143e96	1	134812	player	uade	Protracker compatible	0	65464	80da390e	e515e897	MOD2/HURRICAN.MOD
55d965ccc1529e74a371742187957818	1	193616	player+silence	uade	Protracker compatible	0	68628	ad3b9879	4eb4bf1c	MOD4/SCROLL.MOD
55e2de544796b08cc356f41f5891cdc6	1	207493	player	uade	Protracker compatible	0	133732	d1404cce	bdd1e399	MOD4/XIPHOS.MOD
562dce350fd7b18853d9d1c36989283e	1	107645	player	uade	Protracker	0	125054	47f8c731	5991a432	MOD4/SUNWIND.MOD
5767f01c840c6247b1860db56686d448	1	23168	player	uade	Noisetracker 1.x	0	22856	21c3a931	08a1734f	MOD2/GSC.MOD
57acd1de8e49447b8a29e749ecb3a76e	1	153721	player	uade	Protracker compatible	0	74696	0d91b8d9	e1bb1551	MOD2/KILROY5.MOD
57f43c052f4117b5e4c645e332388926	1	130693	player	uade	Protracker compatible	0	71054	d1a24fc3	7144cd4d	MOD1/COMPLICA.MOD
58a8ac7674160d0ec6340048470c39ff	1	257258	player+silence	uade	Soundtracker II (15 instr.)	0	126756	575260e3	160fcd68	MOD1/CANT.MOD
5a083f3a61e5ec960f01c7628b16c864	1	161397	player	uade	Soundtracker II (15 instr.)	0	112416	16b4c6e4	8a03c556	MOD4/THELOOK.MOD
5a4860c5f756038c5e7273c90f622b4b	1	238197	player	uade	Protracker compatible	0	115724	3eaf0534	e9c21562	MOD2/IRONTEAR.MOD
5a8a46ad509629ad2cbacc1b4f5e8dbc	1	209402	player	uade	Protracker	0	85848	0b98e4a0	40cf8206	MOD1/AUDIOVIS.MOD
5a95a2bc325168b38ef936ef34e27580	1	107645	player	uade	Noisetracker 1.x	0	44984	2b18667d	d202d39c	MOD4/SOLODRUM.MOD
5b0ecad3884d4df1fd016574541cf2ff	1	99968	player	uade	Noisetracker 1.x	0	73920	361c09c5	8e843b8f	MOD1/CHINDUDE.MOD
5b13288659096f3dd1c461f51fd2e14f	1	288171	player	uade	Protracker compatible	0	109936	82c77295	206b2596	MOD2/KEFVECTR.MOD
5c0c924099a2942439a97963d2c947c1	0	174337	player	uade	Ultimate-Soundtracker or compatible	0	66436	a9e25e64	4e873a97	MOD2/KENT.MOD
5c7ee9a6cf66c7b46221f85b8367e582	1	30824	player	uade	Noisetracker 1.x	0	30456	963a8478	e001e91a	MOD1/ARKANOID.MOD
5cbbcab3b08aa0ba41fa5144828bc220	1	285490	player+silence	uade	Soundtracker II (31 instr.)	0	143336	6db93e87	6337a8f5	MOD1/BEZ_CALM.MOD
5ce16ef0d02cee85d70cd657256c6b59	1	181451	player+silence	uade	Protracker compatible	0	116882	94cf0fe2	a3d9550b	MOD2/FIRSTSHO.MOD
5d0f631efe24004919922ee63a79c166	1	122997	player	uade	Soundtracker II (15 instr.)	0	61304	2adac879	03900e56	MOD4/THERONIT.MOD
5d86af83df591b71df156f1161f9a47a	1	350918	player+silence	uade	Protracker compatible	0	153990	812addc3	be3d7f65	MOD4/ROWROWMO.MOD
5de6469eed137ecb0f5bd09d78f05866	1	242055	player	uade	Protracker compatible	0	123210	56175a83	01cb0949	MOD1/CREAM.MOD
5eb312f328a24292576af2729af72c5d	1	363987	player	uade	Protracker compatible	0	214418	dfb0fc45	c1ba7c8b	MOD3/ELETRIK.MOD
5f314fc2889a6714a5b43fa90843303e	1	180409	player+silence	uade	Protracker compatible	0	158428	b0b9b9c9	22dba23d	MOD2/GHOST2.MOD
5f61896ffefdb448a19451ded8e89976	1	138369	player	uade	Protracker	0	62742	45ff1efe	ddfbd2c9	MOD2/DUMBUM.MOD
5f80ef5f37fd0598d15628291bc2a772	0	194318	player+silence	uade	Ultimate-Soundtracker or compatible	0	50440	ef57e271	37264520	MOD4/VORTEX.MOD
609d6933bf28d1886ec8fcb76b86dd4e	1	124805	player	uade	Protracker	0	76770	5e314d37	546fc339	MOD4/UNDERGRO.MOD
60ba3b80f20cd6192e3b6cfa7fdd74ea	1	169093	player	uade	Protracker compatible	0	44172	430d241f	5ca428e9	MOD2/DREAMTN.MOD
60f49fbe4275367a82d5dbb26fcf9bf4	1	184445	player	uade	Protracker compatible	0	162158	48c4223f	b3dc8f36	MOD1/BREEDERR.MOD
6180dece9717d05611f0b5287ce6a9c6	1	51320	player	uade	Protracker compatible	0	20896	f7fe8a2c	fb0b8f63	MOD2/INTROFRO.MOD
61b841077d608de609b078784258466a	1	71816	player	uade	Protracker compatible	0	50828	2eda83ac	445b1447	MOD1/AHREV2.MOD
6205ce23216b0cf539d3c1b512f8eab9	1	175663	player+volume	uade	Protracker compatible	0	144772	66288d7a	e4d08e82	MOD4/RBI.MOD
62a0beb841f37550a1477b2e43658ffd	1	61568	player	uade	Protracker compatible	0	39856	d3fbafd3	10b7ddb1	MOD3/MUSTHAVE.MOD
62e5889862b4060a2e1f5f91639cf6a0	1	152429	player+volume	uade	Protracker compatible	0	144204	8c2227a7	1bedd91f	MOD1/ASPHYXD.MOD
642e939c381286d85f9c15f5d2f1cca5	1	255498	player	uade	Protracker compatible	0	84090	7fda0b6f	16c8ddf3	MOD4/STOR.MOD
6448b90c14a9dc969cd78f2eecef8464	1	53872	player	uade	Soundtracker II (15 instr.)	0	46154	5f26c823	643700e4	MOD4/RENEWER.MOD
647fd41fe9707b109b309196ca23d816	1	195959	player	uade	Protracker compatible	0	86564	bbe0fb64	660057fc	MOD2/FUNKNJAM.MOD
648a982963f2f1b413904d7916f2a339	1	341903	player	uade	Protracker compatible	0	113664	25c250e9	3d2ffb40	MOD4/SPIRIT.MOD
6518a42695822406adbe7be6e5420c37	1	186836	player	uade	Protracker compatible	0	177152	92eb01af	23524cf6	MOD3/LABYRINT.MOD
651fb6da0956f038b10c7ea3cf0dc0a9	1	542193	player+silence	uade	Protracker compatible	0	107346	2bdb22a8	6d923ae0	MOD3/NEGLIGEN.MOD
659e66da9f71b006617eef1fa72363b0	1	215149	player	uade	Protracker	0	74994	74f8964c	9729cf70	MOD4/SEEKERZ.MOD
65ce243388fc7b94c2d33895be039360	1	173222	player+silence	uade	Protracker	0	89210	2148dce7	46aeddff	MOD4/WHATEVUH.MOD
661bf5e1fb6a827d697b6e0c15b44287	1	127920	player	uade	Protracker	0	302974	2a02b3bc	6cab5846	MOD3/HOUSEOUT.MOD
663e27704b2fd58f7029c80becb97245	1	299645	player	uade	Protracker compatible	0	96220	c58eaf59	6a3bae7d	MOD1/A2.MOD
669e54595ed66a85a9e0a977caf89c2b	1	192141	player	uade	Protracker	0	101094	4ae6340d	f94ad2ef	MOD3/LIES.MOD
66cfbe0f84e84f9f89e59cc1c1d74e9b	0	53679	player	libopenmpt	Ultimate Soundtracker 1.0-1.21	4	29072	2a213f98	7ac8689c	MOD3/QUIET.MOD
66ea77ced797b2a9d30e893b66e0e580	0	206026	player	uade	Ultimate-Soundtracker or compatible	0	65440	c6a18b4c	e62410e4	MOD2/FINVIS.MOD
670922a4da94af43c746869864ba891f	1	80236	player	uade	Noisetracker 1.x	0	338858	c9a57dfe	4e51c126	MOD3/NEWACTIO.MOD
670d5245f4c62449b5a3b37c983383c2	1	207493	player	uade	Soundtracker II (15 instr.)	0	131448	70ce5a2b	fe345f45	MOD4/SAVAGE.MOD
6771fa1396f838b8fdd54e0973160c0a	1	130693	player	uade	Noisetracker 1.x	0	53248	21d535e9	1a0ced76	MOD1/ALWAYSON.MOD
677e6d317a5e5e5d489a1763a2792a19	1	301313	player	uade	Protracker compatible	0	209944	3c68194c	a3b6ef8f	MOD3/ELGPASA.MOD
67ee6108f41158f35d44d8071d7b454e	0	30674	player	libopenmpt	Ultimate Soundtracker 1.0-1.21	4	44996	49b4dfeb	93fcef75	MOD4/SLL4.MOD
68316e3a30fbdf9849387e028b853209	1	81427	player+silence	uade	Protracker compatible	0	70890	5afeb12f	9a21850a	MOD1/AUSTEX.MOD
68cdd504f50a3b2ce408cbc85ad0cbd8	1	309701	player+volume	uade	Protracker compatible	0	252004	93092abe	8e0d98e0	MOD3/FLIP_HOU.MOD
68dd096ec04e470bc742b364950af9d3	1	199797	player	uade	Noisetracker 1.x	0	88404	25abc149	4a81d997	MOD2/GHOST.MOD
69389b1aabda2e1e965176f36e905328	1	176769	player	uade	Soundtracker II (31 instr.)	0	78762	4721a4c1	a569eea8	MOD4/SHEDRIVE.MOD
69882c2bc56e2077ea12b5aea15c1b98	1	65406	player	uade	Soundtracker II (15 instr.)	0	189920	49b30dde	5476e823	MOD1/CRYBAB.MOD
69a25edfd0f34742119ddd05d42f855f	1	159204	player+silence	uade	Noisetracker 1.x	0	146880	ab2f544c	7d587ea5	MOD2/ECSTACY.MOD
69a8baf3de110345448f746f5b19c45a	1	165054	player	uade	Protracker	0	118748	175cf55b	e9e2384a	MOD2/FUNERAL.MOD
69b7237fe0863c0ac181ea0ee02f9ffa	1	188605	player+silence	uade	Protracker compatible	0	162918	0e1cc520	a959caf8	MOD3/MOVE.MOD
6a1a116b1e38f75e4a69028ab8dd9f65	1	335051	player	uade	Protracker compatible	0	95528	428e8721	74aa504b	MOD4/TOCCATA.MOD
6a5bcd6319d8f51322cfe022c6d0d868	1	383901	player	uade	Soundtracker II (31 instr.)	0	97336	f0139f5f	f4406551	MOD2/DRAGONS2.MOD
6ad8ec26f9b8cb9904495c6fdf3c603c	1	199797	player	uade	Soundtracker II (31 instr.)	0	68400	dad3d1ef	85b0c71c	MOD4/STARWARS.MOD
6b0716754ffa0355783d435f66af95b1	1	184445	player	uade	Protracker	0	122986	b188f273	b27c07a3	MOD3/ODYSSEY2.MOD
6b1a2d6a44685889fb8cc4838173bb60	1	105836	player	uade	Protracker compatible	0	47344	9c78f662	62e5d62e	MOD4/WHATSUP.MOD
6b9eed42fc2f170931b16fb51b480092	1	245893	player	uade	Protracker	0	70888	709c2f6f	3c27d0c1	MOD1/BIZZJAM.MOD
6ba389896eaf6609b7653db2342ff4d1	1	210068	player+silence	uade	Protracker	0	118812	a220b31b	20bea59d	MOD4/WHI.MOD
6ba65801c817435ed584c317de48c616	1	192141	player	uade	Protracker compatible	0	88480	89d1e536	843334ad	MOD1/6BEAT.MOD
6bba241300965536305e2d175d97892b	1	122494	player	uade	Protracker compatible	0	66942	879e54c5	c828442c	MOD1/BALL_3.MOD
6bba241300965536305e2d175d97892b	1	122494	player	uade	Protracker compatible	0	66942	879e54c5	c828442c	MOD1/BALL4.MOD
6be3f0593dab38469d266af520afe139	1	192141	player	uade	Protracker compatible	0	134594	f5ac8419	84f39165	MOD2/EYE.MOD
6c613f2f8f48ea6e0125ecf5f24f711f	0	142629	player	uade	Ultimate-Soundtracker or compatible	0	58412	bb74980f	ebd933fa	MOD2/EBYT.MOD
6c736fbfcd0336c2a0da9d1b0151cbd7	1	182757	player	uade	Protracker compatible	0	131838	1828678c	f3eab925	MOD3/MEANBEAT.MOD
6d1b7cd596e7641c9d4d71ea67908899	1	237281	player+volume	uade	Protracker compatible	0	127544	27ec0c1b	cdf7095e	MOD2/ITMUST.MOD
6d6863193db7dddd57812f9be154e900	1	394691	player	uade	Protracker compatible	0	142752	674dd9ff	463ab110	MOD1/BLUE3.MOD
6daaf200d0cbe079d30f480b96b27201	0	71314	player	uade	Ultimate-Soundtracker or compatible	0	58510	c0872cc6	efc91573	MOD4/TECH31.MOD
6dc4a09c191cd7d4ef9721b03f46ab3a	1	177964	player+silence	uade	Startrekker (4ch)	0	260414	679c717a	9ec6a0ad	MOD1/DEE_LITE.MOD
6dcbc98241eef65bf1e23dca0a3901f2	1	257407	player	uade	Protracker compatible	0	227102	90737252	40dbdaa6	MOD1/DEAD.MOD
6ddbdff3cceecb87cd4a47507a4cd4bf	1	179984	player	uade	Protracker	0	263766	f4673591	fec0a32f	MOD3/GETDOWN.MOD
6e0e43f26c43957798c135d992e216c0	1	379657	player+silence	uade	Soundtracker II (15 instr.)	0	119668	3de3cd7d	071a8c7d	MOD2/HUMANOID.MOD
6ec65142760e4f12c1e622d8a22558ba	1	207493	player	uade	Protracker	0	63670	a98a3a2a	bd84cef7	MOD1/CMPOSURE.MOD
6f6023a8433b9d4e4b9df45443101642	1	138369	player	uade	Protracker compatible	0	90642	683264b5	a0b934c7	MOD4/STEAM.MOD
6fa5dba102dc6681a74577e8175c504e	1	281239	player	uade	Noisetracker 1.x	0	93516	6f2fcb1a	5c65d17b	MOD1/BEA.MOD
6fb6acd7df4f0717c92e9d168535c0e8	1	354826	player+silence	uade	Protracker compatible	0	184430	51b9135b	5db4800c	MOD3/LIV.MOD
6fb6acd7df4f0717c92e9d168535c0e8	1	354826	player+silence	uade	Protracker compatible	0	184430	51b9135b	5db4800c	MOD3/LIVE_JAM.MOD
702cec05c4471ae5e1b1229543b987e9	1	478464	player	uade	Protracker	0	160218	66a02d1e	116f1666	MOD3/KNULAKUK.MOD
70497a4f7487a919efd1f13dc3493f66	1	155569	player	uade	Protracker compatible	0	43004	4a57aef7	a87ae934	MOD3/OBLIVION.MOD
7075c24215e551fd9aef03e562f24be7	0	71314	player	uade	Ultimate-Soundtracker or compatible	0	15820	4850cfdc	e0cb6e26	MOD2/DRUM01.MOD
712bb190aacfb6ef35992593e296222b	1	214325	player	uade	Protracker compatible	0	114112	9f04e019	ccc5a31a	MOD2/FREAKOUT.MOD
71c6bde921139e506a5c4f686d38b715	1	99968	player	uade	Soundtracker II (31 instr.)	0	86672	3e374fd3	3ce3c166	MOD2/EQUINOXE.MOD
71eafc4232dbe39a8413dacab0872366	1	121088	player	uade	Soundtracker II (31 instr.)	0	55752	471d4c65	aea7134e	MOD4/UPFRONT_.MOD
731f8a3be716e40707dce4898f149161	1	316792	player+silence	ft2play	Fasttracker (M.K.)	4	101622	0539b33c	b43f9a14	MOD4/SANDMAN.MOD
73528d581fa795bc3d3a53c070917ad3	1	169093	player	uade	Protracker compatible	0	67200	440223e6	31ed9038	MOD3/NURD.MOD
73ae606c840e00224a1ae33c68c78a44	1	250997	player	uade	Protracker	0	99304	20d68440	59657c99	MOD2/ENDLESS.MOD
7404e11d09f161a5e11b5f7a8ed83802	1	53872	player	uade	Noisetracker 1.x	0	50700	14cf4917	6698a27c	MOD2/DEPP.MOD
74158d467ba8804c13f04d42a41362d7	0	138034	player	libopenmpt	Ultimate Soundtracker 1.0-1.21	4	58568	31fbbccd	150171d2	MOD4/ULD.MOD
745096c76c06628257be18482f15989f	1	212874	player+silence	uade	Noisetracker 1.x	0	52096	17ec16f9	a16d9459	MOD3/MUZAK.MOD
74788e1680ab83abd304f65c97c26838	1	138369	player	uade	Protracker compatible	0	126436	ba39f9df	0e96894e	MOD1/ART.MOD
74ac35b4bf41d435e1f04f1dd249e41e	1	115321	player	uade	Soundtracker II (15 instr.)	0	79310	432be897	a26fe5c7	MOD4/S1.MOD
752af1d32c66f4d0a9f8e42818ccdbba	1	158211	player+volume	uade	Soundtracker II (15 instr.)	0	121904	847606e3	c9867e26	MOD1/CHOPPER.MOD
75686821180485901ad25b7866ad6f60	1	703339	player	uade	Protracker compatible	0	141118	158e7581	f087a236	MOD3/PRGFUNK.MOD
758719a7a7a9c22b7cebb1b36a457d24	1	96130	player	uade	Soundtracker II (15 instr.)	0	56592	4640acc6	9976d567	MOD1/ALIVE.MOD
76312a3afde7bfac65a042f61643f467	1	147331	player	uade	Protracker compatible	0	50036	1ee6baed	8e7ef817	MOD2/FUNTUNE.MOD
767e0669a1cbea0761821502d85b5b7e	0	95065	player	uade	Ultimate-Soundtracker or compatible	0	59392	d0a0ac3b	1738ddcf	MOD2/DELTA.MOD
769211422fa798f706770d32437b9608	1	414866	player	uade	Noisetracker 1.x	0	214704	9a468fed	ffca1006	MOD1/D.MOD
769211422fa798f706770d32437b9608	1	414866	player	uade	Noisetracker 1.x	0	214704	9a468fed	ffca1006	MOD3/RAINYNT.MOD
772887b4316c08b0634d7002d454b38a	1	66029	player	uade	Protracker compatible	0	68960	efc44e20	8036ca1b	MOD3/OPERATIN.MOD
7768ce9fcd0c95635822f0c6a34178ed	1	422240	player	uade	Soundtracker II (31 instr.)	0	129732	05cd900b	78955f02	MOD2/EARTH.MOD
77fe4797e1853b01752d3425a2e9536d	1	30824	player	uade	Soundtracker II (15 instr.)	0	33172	cdab7d36	75fb4eeb	MOD2/GSC10.MOD
780d3bf33498bbc93605bf0cc420754f	1	106821	player	uade	Noisetracker 1.x	0	72734	5e327fe8	bdc00aad	MOD4/SYNC3.MOD
7961b27910a9a94b3d568dc214e6e2e7	1	186052	player	uade	Protracker compatible	0	76928	bcdc39b1	a5756498	MOD4/UNIVERSE.MOD
7a35916d2500071b0d540a630824776f	1	298172	player+silence	uade	Noisetracker 1.x	0	93458	78a73d73	1d920ad1	MOD2/LETSHEAR.MOD
7a52843f03c01a3d70f505bf5c03b921	1	98682	player	uade	Protracker compatible	0	297812	47685a1c	1d8efbb0	MOD3/JAC.MOD
7a699080f9d56f2e22f4a4e856674086	1	153721	player	uade	Soundtracker II (31 instr.)	0	97552	59c848f3	9a28b669	MOD2/KAWAIK1.MOD
7a73c485e968a285d31764e8c7c56e3b	1	207493	player	uade	Protracker compatible	0	88490	0fc16b3f	06f39e5b	MOD2/FLA.MOD
7b6d413ab7f882cb2c1fc09c26b813f1	1	35968	player	uade	Soundtracker II (15 instr.)	0	41472	1a6635e2	bc6b1e93	MOD1/AFTERT.MOD
7b76e1137d83a73488c9c2fd89b260f4	1	245893	player	uade	Noisetracker 1.x	0	46800	4f4097f5	39cf258b	MOD2/FOTOGRAF.MOD
7b76e1137d83a73488c9c2fd89b260f4	1	245893	player	uade	Noisetracker 1.x	0	46800	4f4097f5	39cf258b	MOD3/PT.MOD
7be726dd01ffa142456aa6367cf91293	1	110518	player	uade	Protracker compatible	0	56844	99793748	03557664	MOD1/DATSWHAP.MOD
7be726dd01ffa142456aa6367cf91293	2	116586	player
7bf820acd91aefddf8bfa8905cf23437	1	180142	player+silence	uade	Protracker compatible	0	187734	6ba9a7b6	be43c0a7	MOD3/HJOURNEY.MOD
7c0a69e2db49b0a23379b7131a16663e	1	245893	player	uade	Noisetracker 1.x	0	79430	84d1434c	c1b89635	MOD1/CRYSTALH.MOD
7cb8859c8d9248862400001962a13af9	1	89278	player	uade	Protracker compatible	0	102626	bce3f091	7f63802a	MOD2/HDTITLE.MOD
7cfe709f2b494bd44a69921a924933a9	1	326531	player	uade	Protracker compatible	0	165818	c17f8f63	c8b5ac9f	MOD1/CRAZYTRN.MOD
7d0ddb3534f1b911a9aa7248fcf842ce	1	256141	player	uade	Protracker compatible	0	105336	4f7a996b	7b629ae1	MOD1/BEAT.MOD
7d262f2713c1edf52a8d292c1942c0b4	1	121586	player+silence	uade	Protracker compatible	0	98722	9d345e8d	0792b762	MOD2/FIRE.MOD
7ddb0f6b738f354e1dadd38059cc933b	1	204941	player	uade	Soundtracker II (15 instr.)	0	77576	975d3045	e292a248	MOD1/CROCKETS.MOD
7e10ff32119a8527c08f21bb76798814	1	153721	player	uade	Soundtracker II (31 instr.)	0	88876	4a91db1c	018da26a	MOD2/KAWAI.MOD
7e1615bb17b463b18cd6dfa162ae2906	1	161397	player	uade	Protracker compatible	0	204488	55dd8772	a95ba014	MOD1/DEFEAT.MOD
7e20f81482e173c37332276ade6597a7	1	307321	player	uade	Protracker compatible	0	135656	d4a595e4	9f59cfc4	MOD2/KEFRENS1.MOD
7e8b6cd6f2f62364182d19831966aa20	1	268921	player	uade	Protracker	0	107514	d513efe1	ad87335f	MOD4/STORIES.MOD
7e993032bcfe4733a8d63dff5d88d7c7	1	176769	player	uade	Soundtracker II (31 instr.)	0	78762	8aef3a76	eaee5e7c	MOD2/FYC.MOD
7f29c440e0e19d75b8ee14a66799c848	1	70691	player	uade	Protracker compatible	0	192402	47b79197	2e47509f	MOD3/FEE.MOD
7f2a8abf3bc0b356a411f70952a973c4	0	115028	player	libopenmpt	Master Soundtracker 1.0	4	110866	20a95485	d977ad84	MOD3/MADMONKS.MOD
7f825b2d5a1eb8593825cebc1298c4b9	1	207493	player	uade	Protracker compatible	0	139428	570c239d	df71901c	MOD2/ELECDRUG.MOD
7f981818fb8131368fa765f49a7e307b	1	179321	player	uade	Protracker	0	76870	2ec6a749	a0b3bfdf	MOD2/INCONTS1.MOD
7fa28e2797e055dfaed0a07ec31fd851	1	307321	player	uade	Protracker	0	162446	cf108a3a	01f1d3cc	MOD3/HAMMER.MOD
7fc5cb2c546f04926a0037fb1e729c9d	1	27006	player	uade	Protracker compatible	0	32172	fac5a122	03b7442d	MOD3/OLYMPIC.MOD
7fe69ea4e33493796b2267bb005fce26	1	265968	player+silence	uade	Protracker compatible	0	98750	070e7f78	9573f86d	MOD3/POORMOUT.MOD
7fedeaa97631b63b485ce69c99855fed	1	183355	player+silence	uade	Soundtracker II (31 instr.)	0	83480	176d8dd4	a2770c57	MOD1/BZ.MOD
8104fc1baeb03fe18f29b90327a7e5b9	1	335051	player	uade	Soundtracker II (31 instr.)	0	95528	8f198fa6	42596d68	MOD2/HUNTER.MOD
819d24739e977095cd7e974e7a8df05d	1	73082	player	uade	Noisetracker 1.x	0	57128	d94be46b	71566739	MOD3/PIANOPLI.MOD
822945524578ff74bc948744e70ab23d	1	237554	player	uade	Protracker compatible	0	146554	14b7bd35	f75490dd	MOD4/TUNAFISH.MOD
822994b247f09d1fd3a43bccee70b6ff	1	16389	player+silence	uade	Protracker compatible	0	29622	defd2d96	3665fa60	MOD3/NO_MORE_.MOD
8293aca24f01d76c9c9974e9542e08c9	1	264213	player+silence	uade	Soundtracker II (15 instr.)	0	112192	ddba383d	0ce21ba8	MOD4/WOWST.MOD
82b0be936ec646bd2f8681d19176936e	1	310016	player+silence	uade	Soundtracker II (31 instr.)	0	78742	53c7718c	52cf2bb8	MOD3/MAGNET.MOD
836ee23902b641c6dc3f263a10894af9	1	538396	player+silence	uade	Protracker	0	218362	1f484df3	2e16c8e9	MOD3/NOWHERE.MOD
8416482fc10f95d112b5a9b50d28b897	1	238197	player	uade	Protracker compatible	0	161922	621a760b	43a947f0	MOD3/PUMPUPJ.MOD
84347849484d2e54715219faee9017c2	1	153721	player	uade	Soundtracker II (15 instr.)	0	84974	c5f8e3a6	68a61480	MOD4/SPREAD.MOD
8500e47f317bce108b72b3e7b8a20b37	1	219007	player	uade	Protracker compatible	0	162772	db983a38	26af9e29	MOD4/SCOOPEX.MOD
85e99c4c55c3ec5843518f5dd6b2c173	1	268921	player	uade	Protracker	0	193530	a4ae122f	d795eb3f	MOD3/NINJRABB.MOD
877219abffb6ebfd6a9140278e465759	1	430278	player	uade	Protracker compatible	0	163570	44a29add	787d21e3	MOD3/IMAGWOMN.MOD
877219abffb6ebfd6a9140278e465759	1	430278	player	uade	Protracker compatible	0	163570	44a29add	787d21e3	MOD3/IMGWOMAN.MOD
87866f915b223287423e38ee954ceab5	1	84616	player	uade	Noisetracker 1.x	0	53576	6c700a08	5f7768d7	MOD2/EAGLES.MOD
878bef4d7e08299f3a53023de12be2b1	1	155767	player+silence	uade	Soundtracker II (15 instr.)	0	171880	8f11cbc1	20c453a2	MOD1/BLOOD.MOD
8800b62f75efc4447750552eaa0ea300	1	51320	player	uade	Protracker compatible	0	12276	83566e64	cca6adfd	MOD4/VIOLENT.MOD
8820770b4a8dc7bc584248819b01ae6d	1	69224	player	uade	Soundtracker II (15 instr.)	0	31244	566d455d	b332b46d	MOD3/MERDE.MOD
883a13eb560cd233a65f9cbcd1a5feef	1	161397	player	uade	Protracker	0	75158	01373669	dd928342	MOD4/SHADOWS.MOD
893fc5a6b710cfc41877fd09c08d3f25	1	138369	player	uade	Protracker compatible	0	75766	c1c2ca6f	f52079f2	MOD2/E1.MOD
893fc5a6b710cfc41877fd09c08d3f25	2	61568	player
893fc5a6b710cfc41877fd09c08d3f25	3	38520	player
89819272a8c487b3a253cd1683476f1f	1	84616	player	uade	Noisetracker 1.x	0	133456	8b2e26b9	dab40305	MOD4/SPIKEMIX.MOD
8a22bf1e04057ffd158ccde2ba5eda54	1	223252	player+silence	uade	Protracker compatible	0	127582	383005d6	8961db46	MOD2/FASTFOOD.MOD
8a5a27c49eba9a4039c0e8927064eaae	1	143493	player	uade	Protracker compatible	0	92480	c3b70695	626f4fe1	MOD4/SHADOWFI.MOD
8a75bbfbc9416e71f7083fa243c1ec13	1	38520	player	uade	Soundtracker II (15 instr.)	0	20596	5ed05c14	eaf60c8e	MOD2/DRUM02.MOD
8a76d8f0e2f3027762d95bbe77e0ee08	1	171002	player	uade	Protracker compatible	0	44540	a5b6d1e3	e4617154	MOD2/LETGO.MOD
8acd25020e5560aad9fccd1575abeb65	1	44910	player	uade	Protracker compatible	0	39210	77003471	4c3a25f4	MOD3/MUNK_JAM.MOD
8acd25020e5560aad9fccd1575abeb65	1	44910	player	uade	Protracker compatible	0	39210	77003471	4c3a25f4	MOD3/MUNKJAMS.MOD
8ad29522efeac6526f93a809456733b5	1	242055	player	uade	Protracker compatible	0	106026	e4ee9063	456aae5c	MOD1/CHICAGO.MOD
8b00260a2f82aef89efc89b5f2db5086	1	307321	player	uade	Soundtracker II (15 instr.)	0	68080	8fcdc9a3	88bff995	MOD4/TJ.MOD
8cab24255aa0d5169c896a77266cb07f	1	291969	player	uade	Protracker compatible	0	142162	7bc41a55	905c5521	MOD1/CAP_NPO.MOD
8cb50f1ac19241fd2594e363314f5e3b	1	188562	player+silence	uade	Protracker compatible	0	115272	c8f95924	132517ed	MOD4/RHYTHM_M.MOD
8cb50f1ac19241fd2594e363314f5e3b	1	188562	player+silence	uade	Protracker compatible	0	115272	c8f95924	132517ed	MOD4/RHYTHMAS.MOD
8cfaa731f513fe73054f94306f84ec45	1	288195	player+silence	uade	Protracker compatible	0	71714	fc28251b	08033b46	MOD4/SONG1.MOD
8d73dca7e64df243cac074401cbfe8bb	1	279169	player	uade	Protracker compatible	0	123588	05f08d24	d169f762	MOD1/CYCLEDEL.MOD
8e2d278d576a7f59710a2b19aeca49e8	1	20516	player	st23play	Scream Tracker 2.x	4	105600	9a874b2b	cb19c0dc	MOD1/ACESHIGH.STM
8eaf470a40705d7048a5754d1a3699a5	1	237333	player	uade	Protracker	0	265170	c8b97658	f85be79e	MOD4/WRLD_WAR.MOD
902bd29ac8e50b73c695d3f77b9c97db	0	47522	player	uade	Ultimate-Soundtracker or compatible	0	28472	e7319947	20a6ba83	MOD2/DRUM03.MOD
907e1754b4dec6fb4b8bd908487e0bd3	1	384122	player	uade	Soundtracker II (15 instr.)	0	116528	fb4f31b2	582c1e38	MOD1/DATAMUS.MOD
915ca9bedfb0dd98e10aa734d46323dc	1	381410	player+silence	uade	Protracker compatible	0	110236	9ee57ab2	295fc42f	MOD4/WERETHED.MOD
92117c5c4559e3ca34f2ac9d4682afe5	1	176769	player	uade	Protracker compatible	0	56626	384ad9ba	e917268e	MOD2/DOTS.MOD
92545a847a2c6ec9e8ae5400ba24dec7	1	457084	player	uade	Soundtracker II (31 instr.)	0	74304	6ee6d74a	e1503919	MOD1/CYBER.MOD
928e774571f9e14494c34d2cf9eac9f3	1	128121	player	uade	Protracker compatible	0	86712	c5bfd307	cf74a2c4	MOD2/GOFAR.MOD
92b4a57d47d6b204e4faafdfbdcd02e8	1	317856	player+silence	uade	Protracker compatible	0	122580	a729725d	10d4d352	MOD2/GRAVEYD.MOD
92d442d2f4ef3c34e5d74ff8002bf3d3	0	182255	player	uade	Ultimate-Soundtracker or compatible	0	62216	48986912	59fe3f31	MOD2/JOHN1.MOD
92d5b08730fb6add100d8c36caccb230	0	47522	player	uade	Ultimate-Soundtracker or compatible	0	33896	625bf4e5	f66a46f3	MOD2/ENDTHEME.MOD
92d96ae7d9e47189e9758e4eda602a78	1	153511	player+silence	uade	Soundtracker II (31 instr.)	0	91666	7d577e24	16220595	MOD1/CIRCUS.MOD
930c89d487d8ab8dc8c035b78a89c8a5	1	299645	player	uade	Protracker compatible	0	140650	4411e6da	fd5c8f59	MOD2/G6.MOD
934304a6309388f72f9a8f0fe6a2bbd7	1	184445	player	uade	Noisetracker 1.x	0	81252	26907bde	34630f83	MOD4/RSIGSC.MOD
937fda46d8ceb09f69e81ee3883d027d	1	149883	player	uade	Protracker compatible	0	76568	25a78951	431504f3	MOD4/TECHNO.MOD
93b235103485042c3efb84fe5c67edc8	1	350620	player+silence	uade	Soundtracker II (31 instr.)	0	120400	04314538	442129ca	MOD3/OUTRUN.MOD
9420a3c4b116f3627ded85f6d3fabfa9	1	140643	player+volume	uade	Soundtracker II (15 instr.)	0	64618	43ba7c16	c69aa43a	MOD2/DEMON.MOD
94d825d1df3ef342233a450a2a07da3a	1	159220	player+silence	uade	Noisetracker 1.x	0	103392	18f7232a	73425360	MOD3/MEGFORCE.MOD
94ea09e4ceb3008d407d14023ed1b9e9	1	99968	player	uade	Protracker compatible	0	50944	16765c1a	651ebc43	MOD4/YUMMBALL.MOD
95182d87a91a3880e1efffc133d6f25d	1	160131	player	uade	Protracker compatible	0	115114	2f57783c	32db137e	MOD1/ANARCHY2.MOD
95c0c3b1716d3a2e3dd1b7043cf2cbdd	1	289067	player+silence	uade	Soundtracker II (15 instr.)	0	88204	f23a8b12	9aa43b06	MOD1/CLOCKWOR.MOD
95ff053a62049b8e9aaf72a8baf15c72	1	238197	player	uade	Protracker compatible	0	120972	a3c7fb63	92468cd6	MOD4/RYTHMN.MOD
9602f78648360e4498721e123064f2a1	1	115321	player	uade	Soundtracker II (15 instr.)	0	53792	b63cbeb7	75c710f0	MOD4/TUERKES.MOD
9611407db37a9608387b5150217add1c	1	84616	player	uade	Soundtracker II (15 instr.)	0	39470	ce89e4f3	c75d0460	MOD4/TUB.MOD
97a883634e322fb5cdfb8b19e57fb60d	0	168708	player	libopenmpt	Ultimate Soundtracker 1.0-1.21	4	86120	fe1ac344	ef702d4f	MOD3/NIGHT.MOD
97ed5448dfe91da3d04036d1cf89edc1	1	139393	player	uade	Protracker compatible	0	88596	2570671d	507db08f	MOD4/TRASH.MOD
991c399063e199ed4c1e43f900369928	1	265103	player	uade	Soundtracker II (15 instr.)	0	48036	ccbb8327	211b0466	MOD3/METALWR4.MOD
99ae5bc835e39e36609fcd8b4d987808	1	206207	player	uade	Soundtracker II (15 instr.)	0	63336	69df85c1	cf70ccd8	MOD3/LNINJA2.MOD
9a88d58be4273cee82a57215009b75a5	1	107645	player	uade	Protracker	0	281230	79c8de9e	503fbf30	MOD4/U4IA.MOD
9ab6803f5365c0c680d133faa86abe30	0	99691	player	libopenmpt	Ultimate Soundtracker 1.0-1.21	4	104740	958e34d7	8a5ffeb0	MOD2/JWX1.MOD
9af6f95bc6f125fafba18c0f1f036b47	1	69224	player	uade	Soundtracker II (15 instr.)	0	39492	8be08fc0	1eb25def	MOD4/UNITA.MOD
9b526491a8cf3582962954104d541e78	1	394127	player+silence	uade	Protracker compatible	0	196596	47f59c56	d65f5c62	MOD3/KILLING.MOD
9b66f327d290f6b91c9e509d1b8c5744	1	130693	player	uade	Protracker compatible	0	93694	2ee7d5ac	920ae2a3	MOD2/EINSTEIN.MOD
9b7e50f6245078d9d52d3f1b823d5635	1	226557	player+silence	uade	Soundtracker II (31 instr.)	0	109710	831c63b0	76a76658	MOD1/DEEPRED.MOD
9b7e50f6245078d9d52d3f1b823d5635	1	226557	player+silence	uade	Soundtracker II (31 instr.)	0	109710	831c63b0	76a76658	MOD2/G4.MOD
9cfe1f694b64df0ea3b8b56e643aadde	0	91128	player+silence	uade	Ultimate-Soundtracker or compatible	0	66044	57069f4d	2c40a1ac	MOD4/SLL3.MOD
9d363b6166d8e3ad324af92cd47888d3	1	123076	player+silence	uade	Protracker compatible	0	78136	829080b3	9349a3b9	MOD2/DIABLO.MOD
9da61fa5660a737d8a1b93ff8bff0bd3	1	184445	player	uade	Noisetracker 1.x	0	122564	35e7c153	c507c971	MOD3/MUSIC4.MOD
9e09f57aa23803889aa008d191f1db82	1	254625	player+silence	uade	Protracker	0	91066	80424342	3c4ba848	MOD4/SHELLEY.MOD
9e6418146a766e63779ee06469767191	1	15472	player	uade	Protracker compatible	0	73012	6a4677f5	c958373d	MOD1/CHASEHQ.MOD
9e6418146a766e63779ee06469767191	2	7678	player+silence
9e6418146a766e63779ee06469767191	3	20596	player
9e6418146a766e63779ee06469767191	4	55178	player
9e6418146a766e63779ee06469767191	5	28915	player
9e6418146a766e63779ee06469767191	6	56424	player
9e6418146a766e63779ee06469767191	7	41715	player
9e8741fda45d2e1cbd7c33235a6e3103	1	122997	player	uade	Noisetracker 1.x	0	149166	452421f5	7d5c61c9	MOD3/M1_SONG.MOD
9e9031d52f72c0ba8d26bcf00f02a53d	1	276597	player	uade	Protracker	0	36920	65ba8578	b5a1df98	MOD2/INTROMUS.MOD
9ea6ad97da7c4dc37e6e8fecf304cdb8	1	150787	player+silence	uade	Protracker compatible	0	122104	b7468a6b	54681f80	MOD3/NAMEWASB.MOD
9ecaa3c67aabf6c53dc5ccb4b4970c18	1	161397	player	uade	Soundtracker II (15 instr.)	0	48408	1f84a2c5	9dab62db	MOD4/WAVE.MOD
9f136d042b5c88d6a5c9ee66b42f26c2	1	81723	player	uade	Soundtracker II (15 instr.)	0	55450	bc510fae	6f3738df	MOD1/AIRBOR.MOD
9f136d042b5c88d6a5c9ee66b42f26c2	1	81723	player	uade	Soundtracker II (15 instr.)	0	55450	bc510fae	6f3738df	MOD1/AIRBORNE.MOD
a02f4a0b62de3691461464229be0189b	1	143493	player	uade	Soundtracker II (15 instr.)	0	59844	87040e43	94d5df3f	MOD4/WOTROCK.MOD
a04b053dd77bcabbc5bea3c666668636	1	176769	player	uade	Soundtracker II (31 instr.)	0	154140	a90e93ee	55be53ed	MOD2/JARRE.MOD
a0bdbf588853fb1c16cba7fadb798b9f	1	285157	player	uade	Protracker	0	139086	a9a75f68	dcda61f3	MOD4/STREET_J.MOD
a1427da886e87caff6c882ba858a0850	1	264213	player+silence	uade	Noisetracker 1.x	0	112676	6b99729e	404574c2	MOD2/DNS.MOD
a1cca1d0c69fddd0fd1b71c34d6ff9fc	1	138369	player	uade	Protracker	0	119156	5d62d4b7	965536e6	MOD1/DARKDANC.MOD
a21bfebdc6d646278044435a5b6ef9f0	1	107645	player	uade	Protracker compatible	0	85766	8319edcf	a96ff1f6	MOD2/GHETTO.MOD
a2de123ed7c80bb9eb12dbfc0a492813	1	245893	player	uade	Soundtracker II (15 instr.)	0	68940	d90a3758	e7200592	MOD1/CRYSTAL.MOD
a2e43f456b4d0b284b79161b12f17da0	1	35968	player	uade	Soundtracker II (15 instr.)	0	32548	b2476fc8	f41bd9ce	MOD4/SLL9.MOD
a340565eab5444614bf2ef7580ec0aac	1	80758	player	uade	Protracker compatible	0	64194	1ae6c584	d7c569d7	MOD4/THEBEAT.MOD
a3af5c3e1af269e32dfb6677c41c8453	1	238197	player	uade	Protracker	0	62811	6d3c1261	36faa434	MOD2/IDNTMIND.MOD
a41a93c500c7f4bc75d71262f93dc73c	1	122997	player	uade	Protracker	0	52356	9a12a025	91a2400b	MOD3/PROCES_I.MOD
a455dbf0e528c4175254210b6e70d47a	1	126995	player	uade	Protracker compatible	0	233858	90bb67a3	69018a43	MOD3/GILLIGAN.MOD
a4bba349052842eb08ce74ef983db734	1	192141	player	uade	Protracker compatible	0	88392	0351fb7f	f58a74ac	MOD3/NOTHING.MOD
a5295ec44465cad6b3962ac89249eecc	1	84616	player	uade	Protracker compatible	0	181498	9c6f7588	0e3f7a98	MOD3/GETTECH.MOD
a5402e64cc1f3ada47d275c816eadbaf	1	122997	player	uade	Protracker compatible	0	136000	bafea637	45c29611	MOD2/HOUSE.MOD
a573d18a14bf875acab6ddcaf8d31cfc	1	130693	player	uade	Noisetracker 1.x	0	103506	9d2a709b	34e945be	MOD4/WASTELAN.MOD
a65959fb9b8e31371390ed00b0a4a839	1	192141	player	uade	Protracker compatible	0	72916	b309f6bb	9473d4c1	MOD3/MODELDIS.MOD
a697ff5ed6c0aa30a7d073a185f4e4f5	1	314011	player+silence	uade	Protracker	0	104600	94530bbc	db112338	MOD3/MAGRUST.MOD
a6ba0bf18c1be5d760ea38e41b53647a	1	94222	player	uade	Protracker compatible	0	86876	921bb667	31cedb05	MOD2/DTDMSOUN.MOD
a80cd7ca73fecfcaece34beb429c0e74	1	307321	player	uade	Soundtracker II (15 instr.)	0	84712	cd54eca7	c87f74fc	MOD3/RALLEY.MOD
a80d2c4022a79ea5bea839a406f21e8c	1	205564	player	uade	Protracker compatible	0	92246	5b80665c	eafb78d7	MOD1/COUSTEAU.MOD
a82b67315e5a769c236b12005ff7f5e6	1	191306	player+volume	uade	Noisetracker 1.x	0	86612	1476d4d6	a0bfe8b2	MOD2/EMBOLD.MOD
a90d8311e00dccabb548f0fe25efa1f5	1	46216	player	uade	Protracker compatible	0	27924	148b0326	a1d5c057	MOD3/LOONCRED.MOD
a923366efa8f61edebdf5b471dd1c992	1	69224	player	uade	Protracker	0	79758	3e5ce544	42b5cdc1	MOD4/SHEISCOM.MOD
a99ae5983ab2005b4bd2380989a9e68e	1	192141	player	uade	Protracker compatible	0	155014	93c65c8f	ae2c8313	MOD1/BLUEPRNT.MOD
aa184948fe4e139dd827b9c02a6c99ef	1	128121	player	uade	Soundtracker II (15 instr.)	0	64628	e7cc709e	3458b8b3	MOD1/AWESOM.MOD
aaff750bcead61a465b6ed6054043f7b	1	207493	player	uade	Soundtracker II (31 instr.)	0	75972	b8b43d43	408d9054	MOD3/POWER.MOD
ab106ffcb61759b8c239eec66aba1262	1	75011	player	uade	Protracker compatible	0	51326	fe4bf09b	5d166814	MOD1/BREAKF.MOD
ab62266881c11650c24edb7d46386304	1	148597	player	uade	Protracker compatible	0	69504	8ce2890f	2948efc0	MOD2/G10.MOD
ab9c37ee8cb51d4a1e4c9c1c9abd0640	1	146045	player	uade	Noisetracker 1.x	0	55862	5aed8ccc	71e26dd3	MOD4/TENNIS.MOD
ababb2abd36d49bae7112cf2e5700ffc	1	138369	player	uade	Protracker compatible	0	164534	0975a321	ac35ba99	MOD3/PSY.MOD
ac30a21bd83f46cafe7f462c7fe95b52	1	119179	player	uade	Protracker compatible	0	70504	ec8bda92	f3b4b2bb	MOD2/KEFRENS2.MOD
ac31307eb1b4427be4b2e7a5c2f087ec	0	375759	player	libopenmpt	Defjam Soundtracker III / Alpha Flight SoundTracker IV / D.O.C. SoundTracker IV / VI	4	102400	3c070c1a	92c405cc	MOD2/ERASURE.MOD
ac5db86e2d0d48fd6d1c41df1ab4b546	1	288392	player	uade	Protracker compatible	0	210714	00fa9d08	da3b7491	MOD1/DAISY.MOD
ae3c04d653b7b5e251b3233eb1500771	1	130693	player	uade	Protracker compatible	0	80724	42370b5c	29cefc70	MOD4/TAKEOFF.MOD
ae95ca4ca6850f87bc4adb4b13cb55fa	1	76920	player	uade	Protracker compatible	0	42374	a54b818e	7f0b5e82	MOD4/RUMBLE.MOD
aec0a62f74c5eff4e44f0fad938cf9a7	1	84616	player	uade	Protracker compatible	0	139196	fcbc2aaf	53bb2349	MOD4/SWC_HITS.MOD
aeec6c3b805fc02d43b86587cb453971	1	192141	player	uade	Noisetracker 1.x	0	47040	419453dc	6e230c36	MOD1/AMIGAGOE.MOD
af472fee4f7a776d314f18354e16f46c	1	309337	player+volume	uade	Noisetracker 1.x	0	111868	f52c7aac	a60a69d1	MOD2/FLASH.MOD
af5ac30decfdc0de2c275b011cce18fa	1	91308	player	uade	Soundtracker II (15 instr.)	0	44994	e599d39a	be63f302	MOD4/SUN.MOD
afc08ca311b78cfe5b9d2b6bdcb7cce6	1	251881	player	uade	Soundtracker II (15 instr.)	0	147416	1d5393aa	649e3aa6	MOD2/GRNSLVES.MOD
b00cc6a47aa0163624c64da44538ba0b	1	172931	player	uade	Protracker compatible	0	143674	0992273f	9af6f094	MOD1/BPOPPED.MOD
b01a547b87f9a0edeb16c427ecc31dce	1	122997	player	uade	Protracker compatible	0	81474	2c5b1a10	2b992440	MOD2/ITSASIN.MOD
b1ca1cc4c0fca80b50155be8e2afb3dd	1	134531	player	uade	Soundtracker II (15 instr.)	0	56364	a1b003f4	55aa4d38	MOD1/ACESHIGH.MOD
b23d7bf62f4de2e06cad760d79380360	1	261245	player	uade	Noisetracker 1.x	0	67978	898d4229	7b63d4c9	MOD2/HNOISE.MOD
b28f2a37a9e615e31f171e7c83ede677	1	233030	player+silence	uade	Soundtracker II (15 instr.)	0	73704	30701663	4a55826f	MOD3/MUSIC2.MOD
b44791e9158837cac42d0677579eec0d	1	161397	player	uade	Soundtracker II (15 instr.)	0	43926	efd4dfc9	7229c14b	MOD2/ECHOING.MOD
b456b456c56d06e0dfd49b18c7bfb60b	1	268921	player	uade	Noisetracker 1.x	0	65984	fd4dd015	5508b2bc	MOD2/FLETCH.MOD
b4a0903b84d18aaa7770b4644de4be4b	1	169093	player	uade	Protracker compatible	0	30454	d2d1cd5d	2ae4e30c	MOD3/LITTLE.MOD
b4b2b823b35512ce239a60242a5f7beb	1	288171	player	uade	Protracker compatible	0	109936	2d684029	b156012c	MOD2/DIRT.MOD
b4b8343c408b44c9987cf6e46f27b25b	1	309893	player	uade	Noisetracker 1.x	0	154802	0e44f9f9	cfdd1879	MOD3/MESSAGE.MOD
b508bdc8f9ce9a3f8a7c03964bd890e8	1	314736	player	uade	Protracker compatible	0	129266	f4f87b8e	b5874949	MOD3/NIGHTFAL.MOD
b5609d5dcc2406454bd8c9647a72aeca	1	119179	player	uade	Protracker compatible	0	234840	e46f51d0	e16dc7ca	MOD3/FUNKDINA.MOD
b586269b6540d19d6dce5aebfcffc163	1	134651	player	uade	Protracker compatible	0	52968	79325ddc	6abff8b1	MOD1/ALBERT_S.MOD
b5d96d12d0329691a55b9d09e203a0fb	1	170379	player	uade	Protracker compatible	0	54408	e81b2f06	e33f9a29	MOD3/PRINCRAZ.MOD
b61ab688d21d19c7a1ee5392d73298af	0	199382	player	libopenmpt	Ultimate Soundtracker 1.8-2.0	4	91416	b47540b9	e1cb7b85	MOD4/SLL7.MOD
b690e56b3a64080c5eb219007e4ef492	1	115321	player	uade	Protracker compatible	0	34422	78b2b8b3	ee96d259	MOD3/MUZ.MOD
b6c0db6e8c3cba3acd24e00de197f42a	1	279069	player	uade	Protracker compatible	0	148908	798a9396	7858c366	MOD1/BRIDGE1.MOD
b6d0aabbc4eeac27631dfbe2606a408f	1	146045	player	uade	Soundtracker II (15 instr.)	0	84202	c24b0204	aa4dc827	MOD1/AWESOME5.MOD
b76da67f71a4ea2bf344198e4d84c505	1	184445	player	uade	Protracker	0	78446	ca472a21	793ec0dd	MOD2/HORIZ36.MOD
b8bca0e3adc0172587da7d96f6e09f0e	0	190257	player+silence	libopenmpt	Master Soundtracker 1.0	4	138702	a9a6db74	a28d66c3	MOD2/ELECRAMB.MOD
b95d73e080e3bc1444ff29ab63c90901	1	154297	player+volume	uade	Noisetracker 1.x	0	86158	c4da51c9	a8492129	MOD1/ALF.MOD
b9eb3379941b2ee8c84533c5824dbde4	1	161397	player	uade	Protracker compatible	0	56592	7a9d2509	6d274897	MOD2/HEMI.MOD
bab81b5afe2058eb5e50ec66846dea15	1	421256	player	uade	Protracker	0	201146	9f1e9782	54dfb88b	MOD1/BKTTF.MOD
bacfbce1fcb124502685ad332325f339	1	99325	player	uade	Protracker compatible	0	131368	86ce1866	f2cbb3bc	MOD1/BREEZE.MOD
bb420a26bd81fc37a6300edc2bb71266	1	211745	player+silence	uade	Soundtracker II (31 instr.)	0	116740	03927018	ecca0203	MOD3/LIVINSIN.MOD
bb48aa3a0d1c1ffd1a09c5803eb0afd9	1	161397	player	uade	Soundtracker II (15 instr.)	0	127022	01fcc8f5	9b54ea90	MOD1/BANANAS.MOD
bc52903bc143a222a150b0973c8d9fc3	1	153196	player+silence	uade	Soundtracker II (15 instr.)	0	155090	4c35d741	ab76281f	MOD4/TIEDUP.MOD
bcdfe7263f4c28aeb4b19a3e7f05feb0	1	185992	player	uade	Protracker compatible	0	107992	3fa04c44	b246b132	MOD2/FUNKEY.MOD
bd34dfd8dad9bd39cb0247a23e381cfc	1	238197	player	uade	Protracker compatible	0	58944	11bdf5bd	16015cb5	MOD1/BLUEMOND.MOD
bdd2b82733464513d8878c72b9328d02	1	146045	player	uade	Noisetracker 1.x	0	98338	0168189f	37e5d4e3	MOD4/STUDIO.MOD
beb11afa4389bd0fd65e53a70e2890af	1	632023	player+silence	uade	Soundtracker II (15 instr.)	0	113192	ae896bee	9196c4f3	MOD1/AXELF.MOD
bec2e02259a568c542faf494b3a9be5b	0	110920	player	uade	Ultimate-Soundtracker or compatible	0	60344	3b3a35c6	87c8fe2b	MOD4/SLL6.MOD
bf67673b0323974bd4f638073b77ce52	1	112126	player	uade	Protracker compatible	0	194002	bd7e317e	18b34c03	MOD1/AHROBYN.MOD
c025aee1f2b29fd077a62b8ff1e39f1d	1	224754	player	uade	Soundtracker II (15 instr.)	0	45392	b3472354	ee5de18c	MOD3/NEC.MOD
c025aee1f2b29fd077a62b8ff1e39f1d	1	224754	player	uade	Soundtracker II (15 instr.)	0	45392	b3472354	ee5de18c	MOD3/NECON.MOD
c060513f5356f9ccd925f09163967a44	1	298498	player+silence	uade	Noisetracker 1.x	0	70748	51a0e1e2	b67d08de	MOD1/BACK.MOD
c13a01a6eef95e044016b3b080b676ea	1	229577	player	uade	Protracker compatible	0	115260	551fcd57	64bfa13c	MOD4/UNVEILED.MOD
c1c692e562e2c8ce75cb498f40bba126	1	183670	player+silence	uade	Soundtracker II (15 instr.)	0	111536	0f07ad58	9979257c	MOD4/SPACET.MOD
c1c692e562e2c8ce75cb498f40bba126	1	183670	player+silence	uade	Soundtracker II (15 instr.)	0	111536	0f07ad58	9979257c	MOD4/SPACETRA.MOD
c2cf94f841863dc16ce10f3fabf7c91b	1	255317	player	uade	Noisetracker 1.x	0	143030	767d7518	731ac76d	MOD1/12WAR.MOD
c3290b74673ca0f57c1a72a7c5a46b54	1	73082	player	uade	Noisetracker 1.x	0	55800	83c2048d	1d723b98	MOD3/PLINKER1.MOD
c375cef809be259f3fdbf3bbc2f8bae5	1	220936	player	uade	Protracker compatible	0	105440	8031baca	3e0ee95a	MOD1/COMTORS.MOD
c3aa3a8229ca4cb498ed2c834c52de05	0	198109	player	uade	Ultimate-Soundtracker or compatible	0	53516	6728e3b2	9dac8b4f	MOD2/FINAL.MOD
c3d8952ad561d3252efbb90235f94e43	1	138369	player	uade	Protracker compatible	0	150620	ef4162db	e82a4c56	MOD4/TOPLESS.MOD
c4b0e357ca4e234bc731ca16edbd62b6	1	92272	player	uade	Protracker	0	111270	085d8a76	5fa7cec7	MOD1/DANCEDAY.MOD
c59b47157ffea1940fae23804feb4bc4	1	356141	player+silence	uade	Noisetracker 1.x	0	93972	4802617a	63591b86	MOD3/POPCORN.MOD
c59e57b43044826d842747055ba17bf4	1	153721	player	uade	Protracker compatible	0	320044	0baebda4	ec2237fa	MOD3/GODSMOD.MOD
c5daa9188a028379e260a63b4e3787dd	1	237409	player+silence	uade	Protracker compatible	0	181100	fad5097d	9c199175	MOD1/CHILDREN.MOD
c5ef2939312e76284840811e0adf64c2	1	252946	player	uade	Soundtracker II (15 instr.)	0	120248	7b83778f	bc4d4554	MOD2/FAIRLIT1.MOD
c65b5c3d8be95b1a1722ff87fe4228db	1	76920	player	uade	Soundtracker II (15 instr.)	0	51024	7cd3fa4f	0e55594d	MOD3/PROJ09.MOD
c674c20ba33b6c5ff3bfadffac50ddad	1	533563	player	uade	Protracker compatible	0	193542	510270c1	4c1faadb	MOD1/CREATION.MOD
c6cb0970d3d4d7c0cd78ba9295174fa0	1	135797	player	uade	Protracker	0	45440	ebfc6789	9e22d2f5	MOD2/ENTRTAIN.MOD
c6edc7d85d603fb498696084b8851a18	1	161397	player	uade	Protracker compatible	0	55552	be5cb236	e3279a72	MOD1/BALL_MAI.MOD
c6edc7d85d603fb498696084b8851a18	1	161397	player	uade	Protracker compatible	0	55552	be5cb236	e3279a72	MOD1/BALLMAIN.MOD
c70667f8e5384de49c74bb26c82dcc81	1	207493	player	uade	Protracker compatible	0	130378	68e9200f	910e27e9	MOD1/CREAMERT.MOD
c78070e8f180a0977bf0f9710c2cded9	1	69224	player	uade	Noisetracker 1.x	0	31728	d5b6566c	d426020a	MOD3/MERDEMUS.MOD
c8cebe8b029958b08564cfb752d8db52	1	304609	player	uade	Protracker compatible	0	230816	9e258957	031d0400	MOD1/COD.MOD
c991584f95fe127d260017f136b952ee	1	38520	player	uade	Soundtracker II (31 instr.)	0	25704	e8d21cc3	f3717ad1	MOD3/PRETEND.MOD
c9bda4cdbf5106db3537c07b7a23446e	1	115321	player	uade	Soundtracker II (15 instr.)	0	79310	a47804b6	d39418d3	MOD3/NIGHTMRS.MOD
ca03f8319982a722b2eb085a266a3239	1	188562	player+silence	uade	Protracker compatible	0	115330	39b40a0d	9d1c311f	MOD4/RHYTHM.MOD
cae4b4e114e679cb2b368ba469299a12	1	197245	player	uade	Soundtracker II (31 instr.)	0	79866	4f864806	50acd21f	MOD4/STARDUST.MOD
cb46fa5f002614be5373a292b62f030d	1	84616	player	uade	Protracker compatible	0	26828	8c10e029	ba718e98	MOD2/HELLO.MOD
ccbf8ba463b3b310d5e98d74c3218583	1	533563	player	uade	Protracker compatible	0	193542	24281617	cce60b5e	MOD4/SHOWTUNE.MOD
cd4c88c6144340b26f27389d6deccfc2	1	156614	player	uade	Protracker compatible	0	130924	f9891ec8	6437f717	MOD3/MAZZ.MOD
cd6bf0cb524ab2fbfbbfe780c98e5659	1	242055	player	uade	Protracker compatible	0	102504	6a84c6f3	2fb237d4	MOD1/BIGNONIA.MOD
cd6bf0cb524ab2fbfbbfe780c98e5659	1	242055	player	uade	Protracker compatible	0	102504	6a84c6f3	2fb237d4	MOD4/RTHEME.MOD
cd820e3cf8af19cd2f044e61b3eadd96	1	259668	player+silence	uade	Protracker compatible	0	51260	139988e7	3fa9cfdb	MOD1/BACARDI.MOD
ce895c426260fc2b56cb442974d92b58	1	192141	player	uade	Protracker compatible	0	34482	a84098ef	b5da65fa	MOD4/SILLY.MOD
cef73c3370296940d312d2478c6a2d01	1	107645	player	uade	Soundtracker II (15 instr.)	0	54704	06aa9a3a	f44a85cb	MOD2/LAB9.MOD
cf4cd640e9f83655396ebd3062ad7d10	1	181506	player+silence	uade	Startrekker (4ch)	0	272694	9a69be15	3e2de43c	MOD4/STARTREK.MOD
cf8fa3cebd73a267a84cb07367b7a826	1	122997	player	uade	Protracker compatible	0	78808	3734bcc6	24c76e47	MOD4/THRASHTR.MOD
d07a8906071245d909b01a0b03608ce4	1	152039	player+silence	uade	Noisetracker 1.x	0	64794	d4f7a151	ae2c4cb2	MOD2/EDELWEIS.MOD
d0e61283309c5d72a050d14fcb2e6704	1	299993	player+silence	uade	Protracker	0	347582	a5cbd2fd	8b8ac39f	MOD4/SPCDEBRS.MOD
d1fc7f56d6cb41f6344a50a663c5c296	1	76920	player	uade	Protracker compatible	0	46318	e321de8e	4eb93f58	MOD1/BOURBON2.MOD
d21d1ddc9943de73412c8c00fe2b60f6	1	276436	player+silence	uade	Protracker compatible	0	232298	3702d5f1	a581ef3e	MOD3/OCC_SAN_.MOD
d2404f6b7b2fe8611ebb112fdc668e99	1	199797	player	uade	Soundtracker II (31 instr.)	0	307562	ed0ae9f5	02dc547d	MOD3/MYWY2HLL.MOD
d2506a1f55f6cd0cf1367606f44d7fec	1	448142	player	uade	Protracker compatible	0	51196	2300dae7	d9658592	MOD4/VERTMAD.MOD
d26a0eecb78b35d41c637c18cf539b4b	1	192141	player	uade	Protracker compatible	0	50920	af5979fd	97e40d23	MOD2/GSCTHEME.MOD
d26a7ae88207f45384eec7c79f2ded40	1	261081	player+silence	uade	Protracker compatible	0	114730	2011a2c1	421d30ae	MOD4/STRESS.MOD
d28dd9250c7fc9f7f3fb900970284850	1	226080	player	uade	Noisetracker 1.x	0	287444	bbbc1c69	1f6c1c06	MOD3/NIBBLE.MOD
d2d55958aa45a1288d5679a3dd987fe8	1	184445	player	uade	Soundtracker II (31 instr.)	0	117050	529abb25	b54bf82d	MOD2/EPI.MOD
d3c5bfc62527be36b060052fd58aee16	1	315017	player	uade	Protracker compatible	0	241436	559c78a3	65d04666	MOD3/IWANTIT8.MOD
d3d7763fb8d4990b1c81156743d7241d	1	208136	player	uade	Protracker compatible	0	144026	948b918f	4776241e	MOD4/ZINESFX.MOD
d3fe4866b80b2bcb233f58fdf981c3d1	1	92272	player	uade	Soundtracker II (31 instr.)	0	61880	fb1ebb36	03e8ccf7	MOD2/DELTA2.MOD
d4597c86822c65cfd4fdc74e1e9731cc	1	130693	player	uade	Noisetracker 1.x	0	82106	9b357c9b	c03ded80	MOD3/MASTSVNT.MOD
d561da7706006f9acde3cf84c8b54954	1	138369	player	uade	Protracker compatible	0	76490	5c593f0a	b0861153	MOD3/PLINKER2.MOD
d662d20d587b2d591e92a1dc18b6785e	0	245394	player	libopenmpt	Defjam Soundtracker III / Alpha Flight SoundTracker IV / D.O.C. SoundTracker IV / VI	4	68736	b095c85b	c39767de	MOD2/I.MOD
d66ecb45bbf0a72bcc4788aae00255a2	1	492852	player	uade	Startrekker (4ch)	0	327928	1e38e9f3	e0ee2c75	MOD4/RHAPSPRP.MOD
d6a0bbae2773db6b38e3794bb4aac680	0	253609	player	uade	Ultimate-Soundtracker or compatible	0	68940	59cd1c79	dcb9c1a0	MOD1/CRYSTHM.MOD
d6cc47df93508357b1a88ced1de9f56b	1	102520	player	uade	Protracker compatible	0	46308	d370eb84	a1a3fea4	MOD3/PATZGA.MOD
d6d8209c0548fc260ebbc9ff60876f9f	1	233093	player	uade	Protracker	0	49886	9253262c	2dd098bc	MOD3/LOUDHOUS.MOD
d719589aab37d3d6b47d05b5febe987c	1	140921	player	uade	Protracker	0	106646	717b943c	2be97d0c	MOD4/THE_LAST.MOD
d9092dbde1eceb1b8565728d9839b888	1	230541	player	uade	Protracker compatible	0	66236	4e9aa100	724c0fa1	MOD1/DEARROB.MOD
d926dc28e6acfa76b70f21c2f7819d4f	1	199797	player	uade	Protracker compatible	0	78758	2bfe68a6	56ce32a2	MOD2/GOTTA_S.MOD
d926dc28e6acfa76b70f21c2f7819d4f	1	199797	player	uade	Protracker compatible	0	78758	2bfe68a6	56ce32a2	MOD2/GOTTAS.MOD
d9376f3792269b7970a765720e495e91	1	115321	player	uade	Noisetracker 1.x	0	51044	cafa37b9	cf0aec3e	MOD1/BETTY.MOD
d93daab642822921f391596f1d33a587	1	184445	player	uade	Protracker	0	95530	8ca5854d	fc4c7590	MOD4/UPRISING.MOD
d94975000f44981a5036e5706ab2b222	1	46216	player	uade	Protracker compatible	0	9900	1586fd28	67f361d9	MOD2/INTROGHO.MOD
d9af186159f0df898a8d9ae5bb7ba157	1	122755	player	uade	Protracker compatible	0	201834	5c3b459a	c22dc9f1	MOD3/FALLEN.MOD
da19193ab374c8225f7c6e20ef5e317e	1	224131	player	uade	Noisetracker 1.x	0	123304	59692ab9	7d31d827	MOD2/GALACTIC.MOD
da1d753f7aadde3fc1c777e51edd02c6	1	172931	player	uade	Protracker compatible	0	143674	1ce4deca	ac8a72ff	MOD1/BACKPOP.MOD
da5ed7b6126483363b7467dc21087348	1	215149	player	uade	Protracker compatible	0	71526	9a662c68	a2d448f5	MOD4/VOYAGER.MOD
db2bcca4bd115c65045131a566096b59	1	98682	player	uade	Protracker compatible	0	61956	f75c2386	43d74438	MOD4/TUNE1.MOD
db5fe470056ee366a5a0137f88b3ca64	1	161397	player	uade	Noisetracker 1.x	0	96520	63d804f6	0704dfc8	MOD2/DEFENDER.MOD
db64e76edc3e306d7851ec0f45b09b8e	1	107645	player	uade	Soundtracker II (31 instr.)	0	65676	9ca9474c	895440db	MOD2/HEVYCOOL.MOD
dbaf3915a1df798e2206bd3514537d4d	1	184445	player	uade	Protracker compatible	0	97684	169cd962	78cd7baf	MOD2/DISCOGRV.MOD
dbed93d88a325377e6a42332adc2168b	1	112769	player	uade	Soundtracker II (15 instr.)	0	25374	23ff64a7	37ff0114	MOD1/AWESOME4.MOD
dcb1fa306c95df2472935001da0e56db	1	276597	player	uade	Protracker compatible	0	122618	58fe1226	56fcd414	MOD2/LASER_2.MOD
dcbed8a85a76446c955053fd9a123a7e	1	138369	player	uade	Protracker compatible	0	71730	3e7f26ec	6388c0d5	MOD3/MADE.MOD
dd0588d3c0208afe7ec7f988cecb542a	1	305037	player+silence	uade	Soundtracker II (15 instr.)	0	152684	62415f66	9e551a8f	MOD3/PETSHOP.MOD
dd52c8e02ab6e9e289056ad2286dd358	1	112769	player	uade	Soundtracker II (15 instr.)	0	73722	ee8b06ad	4183f0a8	MOD2/DELTA1.MOD
dd52c8e02ab6e9e289056ad2286dd358	1	112769	player	uade	Soundtracker II (15 instr.)	0	73722	ee8b06ad	4183f0a8	MOD2/DLT1.MOD
dd99c576249dcb862de88cd8b6d21f40	1	241527	player+silence	uade	Protracker compatible	0	205088	1e86cad6	fb15aba9	MOD1/2ACID.MOD
ddba6606404f75e62947ca355ecb1d69	1	253480	player+silence	uade	Protracker compatible	0	123264	b84af2e3	c16378a1	MOD1/ANDANTE.MOD
ddc05906adb5c96468fffb0e3934c9f9	1	176875	player+silence	uade	Protracker compatible	0	147818	75f55d0e	5178ab4c	MOD3/RAG.MOD
de6330bc4835fff829e59fc507f82dbb	1	138369	player	uade	Protracker compatible	0	26534	7ff28b63	7fada3ce	MOD4/SHORT.MOD
df030625d17bd1e5c8b9dfceac0f98bd	1	146045	player	uade	Noisetracker 1.x	0	56772	ec9fd5c2	58fff981	MOD3/QUANTUM.MOD
df2388a7aa2d1e1f36792d57aa259611	1	61568	player	uade	Soundtracker II (15 instr.)	0	53520	023eb53b	089d09e5	MOD2/HYMN.MOD
df6f3fa16627660429a20ecfb27b27e7	1	92915	player	uade	Protracker compatible	0	104666	aa8a7727	ba73a784	MOD1/CONCERT.MOD
df6f3fa16627660429a20ecfb27b27e7	1	92915	player	uade	Protracker compatible	0	104666	aa8a7727	ba73a784	MOD1/CONSUMAT.MOD
e022de63e5b565d2f6da0021c7ec93cc	1	7796	player	uade	Protracker compatible	0	42870	5a880205	fc301e93	MOD4/WINGS.MOD
e0622b626697e35fb293b3a09c8a05ec	1	226844	player	uade	Protracker compatible	0	125992	efe90483	ec322f42	MOD3/MUSICX.MOD
e1e2a18ce7d94c73364eb6bc90a37da3	1	128563	player	uade	Protracker	0	110702	a8dc838f	e928008f	MOD4/TOMSDINE.MOD
e24306aca2567206a848a6c45b65efe9	1	138369	player	uade	Soundtracker II (15 instr.)	0	67286	a29ca8d5	3b244043	MOD1/DEATHST.MOD
e297022e75d0f3ba3b0707d7f94ddd3a	1	235565	player	uade	Protracker compatible	0	127102	86af862a	88d8938d	MOD4/SOFT_SYN.MOD
e29ae5ec60f271e1f9ee1bb1309fb6b3	1	258693	player	uade	Protracker compatible	0	119184	08e71a55	7492b8de	MOD1/COOLJ.MOD
e2b82a4641a104e42158ea4ce734a20c	0	158483	player	uade	Ultimate-Soundtracker or compatible	0	67236	fbd5b3a6	aa6fa18c	MOD1/AFL.MOD
e2f9602751b6528c8fe34c1162dbb605	1	51320	player	uade	Protracker compatible	0	20900	46bdbd24	11177121	MOD1/ANIMATE.MOD
e2f9602751b6528c8fe34c1162dbb605	1	51320	player	uade	Protracker compatible	0	20900	46bdbd24	11177121	MOD2/FRONT.MOD
e3638dee926dfba76adcaf9083bc3bf9	1	122997	player	uade	Noisetracker 1.x	0	56596	1f59b0ba	221bf21e	MOD1/BIGNJAP.MOD
e3b69ce908580e87a32d6bedf1e136cb	0	69017	player	libopenmpt	Ultimate Soundtracker 1.0-1.21	4	49792	697c300e	3ebbf6ea	MOD2/GIGA.MOD
e3f64b92f67b197a8398d187219d62bb	1	99968	player	uade	Soundtracker II (31 instr.)	0	52028	b0db5d62	0ed7f622	MOD4/ZETA.MOD
e4174cb9b8c46b40acd4f3c84076273e	1	122677	player	ft2play	Fasttracker (M.K.)	4	111700	74047250	fcf377d1	MOD1/7.MOD
e4407944252bec291b474854cd320980	1	355924	player+silence	uade	Protracker compatible	0	252282	be6533ee	94ddbf66	MOD3/LIGHT2.MOD
e45faab5027b41996284d6e991b28b29	1	172931	player	uade	Protracker compatible	0	133108	68b7bd95	06402695	MOD2/FIELDGOL.MOD
e486d77aabc2a3555b947bae80cd24e2	1	234359	player	uade	Protracker compatible	0	72126	dfd1a1cb	2e62bb2d	MOD2/LEVBRAIN.MOD
e4fd94366dc7e587e2a619432d056290	0	188893	player+silence	libopenmpt	Ultimate Soundtracker 1.0-1.21	4	76916	2a1ba904	b424f969	MOD4/SLL2.MOD
e5b2b4fe77e7dd11925efaa6da7fef29	1	136440	player	uade	Protracker compatible	0	172176	50bc6544	902f7d7b	MOD3/KEEPBUST.MOD
e5e14b05c6d3fc2bc551304c29270377	1	55962	player	uade	Noisetracker 1.x	0	51712	434172f7	c7ab4388	MOD1/AIRWOLF2.MOD
e6b08eaf1113c927f629048bfdbf6150	1	80135	player	uade	Protracker	0	104814	210b7619	19098dbe	MOD4/TEDDYB.MOD
e6c382d374cb9d2b156d20741b66abdb	1	194050	player	uade	Noisetracker 1.x	0	78928	874b1094	f9a8fdbd	MOD2/LETPARTY.MOD
e6f1aa6a455a68f04e756d2a0217b4c3	1	253569	player	uade	Protracker compatible	0	178776	f1bfd40a	7dae9379	MOD1/1989ANUM.MOD
e714c44a1e0a5d803b3392797db0de74	1	76920	player	uade	Soundtracker II (15 instr.)	0	85320	0297ad1d	88e48735	MOD3/PAT.MOD
e796e728efc845efbcce09c404d9d826	1	30824	player	uade	Protracker compatible	0	24576	ede897f2	8f93c0d3	MOD3/PLINK.MOD
e7ade0cf177bdd3f1d0842d01c65de28	1	306790	player+volume	uade	Protracker compatible	0	124840	e6a73b8c	2d593304	MOD3/MIG.MOD
e8820ae8d807ddde4fd7600676bbf736	1	128221	player	uade	Noisetracker 1.x	0	79292	0ce00d02	8f0eb44d	MOD2/DIGTHIS.MOD
e8bff228eb7a09727ed5d79fc4caadac	1	321317	player+silence	uade	Protracker compatible	0	95386	2ee3237a	b8f85c72	MOD2/G7.MOD
e8e4218be1dbb3ec6dceef9583086204	1	146045	player	uade	Noisetracker 1.x	0	94848	f055c435	3fbcad83	MOD1/ALIEN.MOD
e998012c700eb43af0321711305829b2	1	637350	player	uade	Protracker (vblank)	0	224288	947eb4e3	100c8746	MOD3/KLISJE.MOD
e9cc6b9edd24ee91505d57e41c1173de	1	46216	player	uade	Soundtracker II (15 instr.)	0	55072	646f965f	45d0b01c	MOD2/KCTHREE.MOD
ea5f1b72b17a7b4fcb1006c87cf845ad	1	159166	player	uade	Protracker compatible	0	118130	7a669230	54897907	MOD2/HITFIDO.MOD
eaaf499698a85afd95d3054f3403017f	1	44910	player	uade	Noisetracker 1.x	0	51320	bb5cf8b5	44edac83	MOD2/FAIRLIHT.MOD
eadfc2d2bf44d08d559dfaaec2756560	1	142187	player	uade	Noisetracker 1.x	0	65352	e54215ea	0e530d54	MOD1/CFRMUS4.MOD
eb5f36b4f10aa1f91a2e657a3f8875f7	1	276116	silence	uade	Protracker compatible	0	176900	c8a8edde	fc16d531	MOD3/DEMOCOMP.MOD
eb7eea3e60de9fd65b5b911aded5a7ed	1	147974	player	uade	Protracker compatible	0	162168	803c0a66	25b7f7d2	MOD3/OUTZIDE.MOD
eb810fab4e5e299308fcb46b3718cb36	1	188605	player+silence	uade	Protracker compatible	0	161044	6375acd7	a5840c60	MOD3/MAKEMOVE.MOD
eba7b98c292a4a62b3dc32ed1470dd18	1	394310	player+silence	uade	Protracker compatible	0	161320	b0dcf2b7	8e568ec5	MOD3/LUNAWAVE.MOD
ec2e9f793c332c8b80eb934c72f3dcc5	0	260731	player	libopenmpt	Defjam Soundtracker III / Alpha Flight SoundTracker IV / D.O.C. SoundTracker IV / VI	4	68464	5035621c	fcbdf5e4	MOD1/AMEGAS.MOD
eccd9a206093eaad0926edc15662107b	1	174840	player	uade	Protracker compatible	0	213608	6e060582	34cda699	MOD1/COOKIT.MOD
ed41f3c3a402962e938429c4c5e50c41	1	184233	player+silence	uade	Protracker	0	94240	14ffaa1f	acfd029e	MOD1/BIGTHING.MOD
ee13b01c585006f4b629c66a50454c16	1	183159	player	uade	Protracker compatible	0	96890	cdab3a3b	81630076	MOD1/ACTIONS.MOD
ee4b651691839c6e0b459f0c9a873301	1	199023	player+silence	uade	Protracker	0	79948	c3e4f06c	66faaca2	MOD1/ACOUSTIC.MOD
ee86fc9b00fa98fbf619383618e6c622	1	138369	player	uade	Protracker compatible	0	59062	6cc6d660	3506de56	MOD2/HIT.MOD
ee93d387eefa7d837dea0c68ef767c45	1	84616	player	uade	Noisetracker 1.x	0	57892	97c1cdee	68bc1389	MOD4/TONALEC.MOD
eeaae7962f7e115834984a9ce920ffd3	1	146045	player	uade	Protracker compatible	0	70378	46267979	2bac4cf9	MOD3/METAL.MOD
eec0680cc6e07d0a5979da8449edcbb4	1	141162	player	uade	Protracker compatible	0	65112	da61a95c	66013d13	MOD1/AWESOME3.MOD
eee2959666e68ddf0b05d6aaa0071d9d	1	238197	player	uade	Protracker compatible	0	109540	6d16cff7	e53218aa	MOD1/ADORE_EM.MOD
eeede2d0fd87799f3d2cea6d22211536	1	115321	player	uade	Noisetracker 1.x	0	97174	4a153251	c81a84aa	MOD2/HUCKLE.MOD
ef8e30c2a421c1eba94ddb415f83a96c	0	210416	player+silence	libopenmpt	Master Soundtracker 1.0	4	144383	17b736bf	e1243465	MOD2/EAGLE.MOD
f04e19322d8136d95857a95e4b21c1b3	1	236996	player+silence	uade	Noisetracker 1.x	0	86016	b08fe2c7	38722155	MOD4/TRILOGY.MOD
f058bb803c92c02c6b738ae995fecda5	1	133245	player	uade	Soundtracker II (31 instr.)	0	97676	4d15a903	d0c65162	MOD3/MON.MOD
f0cd6168cbea83046e3a0e474dd4e50d	1	111500	player+silence	uade	Protracker compatible	0	128752	9f15af34	a54cc213	MOD1/ALOHA.MOD
f1ca1f109aab952e38530e3350c3149d	1	44910	player	uade	Soundtracker II (31 instr.)	0	60672	1841cf24	0deb9589	MOD4/WIZARD2.MOD
f26e8ceb0726293c7b549d0b14b6f4a9	1	99968	player	uade	Protracker compatible	0	103516	42ec34aa	e1c4f51c	MOD1/AWES.MOD
f2d31ab5c257a22e51089eb70ec834e1	1	322693	player	uade	Protracker compatible	0	148440	be628180	84e9481a	MOD3/OMEN.MOD
f2dfe5c2730e598f741d4e503ac994da	1	211411	player	uade	Protracker compatible	0	171482	32d1acd9	4bc80f60	MOD3/ENJOYSIL.MOD
f33c7960c00bbd78c2ba926042f16a94	1	7796	player	uade	Protracker compatible	0	88734	2480a443	fd1182a7	MOD4/UNNAMED.MOD
f34fd6960181b95030fe04238d7a5f91	1	180607	player	uade	Protracker compatible	0	80006	5ae4d503	c65618ff	MOD3/PC90.MOD
f4acde78e5e414e8b97568f5e15779a8	1	192764	player	uade	Soundtracker II (15 instr.)	0	103068	37c9b8ce	6e50fa57	MOD4/RATTRASH.MOD
f4b900ca9356de1318a9c9dce5394596	1	82044	player	uade	Protracker compatible	0	85956	808ab65c	18f96a45	MOD1/BALAD.MOD
f500d1485c66b2afe6f218b5f46050f6	1	207493	player	uade	Protracker compatible	0	55882	98b53a84	ebdd505f	MOD2/GANTAR.MOD
f598613a30b0f5164ca62a495e4a3e43	1	319403	player+volume	uade	Protracker compatible	0	211370	6649c5bf	de1e82b2	MOD4/WILDWEST.MOD
f6c98e19feca29b47df3ea1859b5d4c6	1	66672	player	uade	Protracker	0	25472	f3d91cc4	eb77efe6	MOD1/AQUA.MOD
f6fbb3644b08731b0b7540e18bf10c47	1	76920	player	uade	Soundtracker II (15 instr.)	0	89502	8613a53e	0d73ce54	MOD3/MIX1.MOD
f7a22a52fe29fcc3d8cd5c55137043a7	1	238197	player	uade	Protracker compatible	0	56644	8e11d35b	56f8b49d	MOD1/BLUE_MON.MOD
f7a22a52fe29fcc3d8cd5c55137043a7	1	238197	player	uade	Protracker compatible	0	56644	8e11d35b	56f8b49d	MOD1/BLUMNDAY.MOD
f834a2d1b94047c1f8d4f58744860c18	1	144136	player	uade	Protracker compatible	0	68350	e7b23549	5cf6baf7	MOD4/SAVANNAH.MOD
f944449f27db1ffd6a016d0b5bf25766	1	138369	player	uade	Noisetracker 1.x	0	28310	25ef8fca	fac05aec	MOD4/SOMEWHER.MOD
fa0d6276b1e5da5a18d766e194768362	1	176769	player	uade	Soundtracker II (15 instr.)	0	69124	345bf533	9f71f0a3	MOD4/THORAX.MOD
fa8b1ef0bbe9eb892921f63441e1efd0	1	46216	player	uade	Noisetracker 1.x	0	35826	a3bbe6de	b215e1ab	MOD3/OCEAN.MOD
fb068a85801b0f5b9e12bf8dba21825b	1	153160	player+silence	uade	Noisetracker 1.x	0	54654	b214f0a7	43bccfc0	MOD3/OXYGENE2.MOD
fb120b4560c784efea1494804267ffa0	1	61568	player	uade	Soundtracker II (31 instr.)	0	40146	989ee005	388ea431	MOD2/KEEPGOIN.MOD
fb6619faef532d636fb406fe61a1841b	1	153721	player	uade	Protracker compatible	0	115050	54f95642	548dc93d	MOD2/KILROY1.MOD
fba5f42461ddafc5ce74541a9281c8cc	1	76920	player	uade	Protracker compatible	0	176152	1a8a42ef	2d4ed069	MOD3/INSANITY.MOD
fba8b8fe3806cc224c26ca975cbdf92b	1	57494	player	ft2play	Fasttracker (M.K.)	4	28297	8fda0b52	89f57524	MOD1/ALLIWANT.MOD
fc013e124ea6458176235f779d3585b8	1	172931	player	uade	Noisetracker 1.x	0	90020	406e9d73	ba111b42	MOD3/LOS.MOD
fda3900964aef845ff65fb03e55955a2	1	263455	player	uade	Protracker	0	141264	66b00e8c	f4021322	MOD4/UPONME.MOD
fda3900964aef845ff65fb03e55955a2	2	207493	player
fe6d53c19401833665ff3a63d0c68733	1	380284	player	uade	Noisetracker 1.x	0	215298	bc1623f5	7db13a23	MOD3/FALLMSG.MOD
fe6d53c19401833665ff3a63d0c68733	1	380284	player	uade	Noisetracker 1.x	0	215298	bc1623f5	7db13a23	MOD3/IVEFALL.MOD
fee62484187180ac9bc758fa9a27db4a	1	252652	player+silence	uade	Protracker compatible	0	123688	a93ec6ed	e69a7d6c	MOD4/RVBNT.MOD
ff1894a15ed96ad7d294ce46f81009fa	1	161397	player	uade	Soundtracker II (15 instr.)	0	73256	2236792f	400dfff8	MOD3/MDRNTALK.MOD
ff2be2493f82149b4cabc2d7730934ec	1	169093	player	uade	Protracker	0	140514	72064cfa	42a8b3d4	MOD4/WAIT4U.MOD
ff6f08bc19d6886590d4a41fb9a643d2	1	128121	player	uade	Protracker compatible	0	123742	be9524ae	69a8bfe4	MOD2/FREEZING.MOD
ff78e74a73c3eeedd2a4f7b19bdcf2a2	1	144216	player	uade	Protracker compatible	0	303946	5e8665aa	7d0d881a	MOD3/PUBLIC.MOD
