006f594cd16d77a7b8050a23af527a1d	1	61568	player	uade	Protracker	0	54722	5b633c5d	9f05cef4	UGA/ETTEN/FASTRMX.MOD
00b548bfdb9883c7bb967bfb9196e02a	1	228612	player	uade	Protracker	0	158412	54d81b9f	d1355f78	UGA/SOLAR/SOLRPWR.MOD
011868f737d422e29f1a49d3e6669143	1	57730	player	uade	Protracker	0	123208	416810bd	4701d555	UGA/STOOP/FLIPOUT.MOD
01d548d91dddf182b4e5417d2e1ca77c	1	53872	player	uade	Protracker	0	49486	d0f2079c	a8ce4b2a	UGA/ETTEN/GROOVY.MOD
0228bc7307e28e0aa0c8352041d56e4c	1	286845	player	uade	Protracker	0	24404	ba1e9877	700be656	UGA/LYNNE3/INTROM6.MOD
02b6c789922ef1413d532d3225b8898a	1	46216	player	uade	Protracker	0	7270	92f60151	c034f0c3	FREEWARE/FREE01/BOOMBASS.MOD
036fd11ac4fe7c26ee8ba6ab80db0585	1	153721	player	uade	Noisetracker 1.x	0	204262	33502ed7	fcc91a55	UGA/TJOA/SAD.MOD
03a631aec739e29915d61deb6ea477eb	1	130693	player	uade	Noisetracker 1.x	0	103506	34c40484	36979412	FREEWARE/FREE10/WASTE.MOD
03e4e88c00c77a4075b664f0525d1e09	1	262993	player	uade	Protracker	0	143464	4cdfe9e1	ab37a445	UGA/OTIS/SPEECY.MOD
03e595ef443417881c07d818c4989164	1	158845	player	uade	Protracker	0	116172	39bb0f63	e4af936f	UGA/LYNNE4/NEWWORLD.MOD
03fd39098314046cd7997c24862cf104	1	182303	player+volume	uade	Protracker	0	116610	54509bf4	5e6d43ff	UGA/LYNNE3/HORROR.MOD
04975b53d95be7af01312003385ba77f	1	245672	player	uade	Protracker	0	242206	0d5c7311	0483f1ba	FREEWARE/FREE05/LOOKOUT.MOD
049b4c267d78d45d2665fdd046f37af1	1	153721	player	uade	Protracker	0	72160	ea634af3	4002f784	UGA/ETTEN/JUNGLE.MOD
04a75fbfa09c64dcb494c0e219dcb235	1	153721	player	uade	Noisetracker 1.x	0	141506	e62b8d80	7951f93e	UGA/LYNNE5/RAINBOW.MOD
04c083770817a440e88ef883588f6276	1	302649	player+silence	uade	Protracker	0	80428	49b290e9	4bc13c6b	UGA/OTIS/UNDRIVEN.MOD
04c43e342e664e0cf6bf5e46041d7697	1	185168	player	uade	Protracker	0	51666	49ef9b05	9e3313f9	UGA/ETTEN/TRANSLIT.MOD
04d22239083f769a94ca3ee06ced95dd	1	709308	player+silence	uade	Protracker	0	199998	24c60f05	adde7410	FREEWARE/FREE01/NOWWHAT3.MOD
04d22239083f769a94ca3ee06ced95dd	1	709308	player+silence	uade	Protracker	0	199998	24c60f05	adde7410	NOWWHAT3.MOD
04d22239083f769a94ca3ee06ced95dd	1	709308	player+silence	uade	Protracker	0	199998	24c60f05	adde7410	UGA/LYNNE4/NOWWHAT3.MOD
05a6177f39551e21d9b6c5a0c359e0d3	1	99968	player	uade	Soundtracker II (15 instr.)	0	62216	b5afde6e	c75aeb4b	FREEWARE/FREE07/PUSHIT.MOD
05d80f052486306ad05d51c605581187	1	176769	player	uade	Protracker	0	67076	2273e6d8	fd13e8e8	COMANDR.MOD
05d80f052486306ad05d51c605581187	1	176769	player	uade	Protracker	0	67076	2273e6d8	fd13e8e8	FREEWARE/FREE01/COMANDR.MOD
0606aab177049631f268c086796c3f78	1	356371	player+silence	uade	Protracker	0	99992	48e9cc12	0e4b11f4	UGA/HERR/SUPERVIS.MOD
072007fdbfa9ff3ad8b00f411d14f4be	1	61568	player	uade	Protracker compatible	0	67732	23e5cb66	d2d5f790	FREEWARE/FREE05/JUICY.MOD
07309c72ed90b2a930b3c772b8ee8423	1	325567	player	uade	Protracker	0	102266	3e3fd6c1	a0767f45	FREEWARE/FREE09/SPACESON.MOD
0731c399e803ccc22519dd6a4d790f1e	1	37094	player	uade	Protracker compatible	0	20608	b08bb953	a6df9d57	UGA/LYNNE6/SUBDIV.MOD
077749b1699e0ad56830e2b43cf6be1f	1	234359	player	uade	Noisetracker 1.x	0	159444	b38eaf85	d9b8eb9e	PLAYERS/WHACKER/TCB.MOD
09216cad4e0ebe48571e970ef6e755b2	1	139198	player+silence	uade	Noisetracker 1.x	0	87408	5df8e03f	2b8d6784	UGA/LYNNE4/NITEFLTE.MOD
09362ecdda2d99a18818b9ed11fe2857	1	62834	player	uade	Protracker compatible	0	18486	f2b941b3	e1df00ac	UGA/LYNNE3/INTROM3.MOD
09363810a6dc26ec9648ed7fe99ec77e	1	176588	player	uade	Protracker	0	30952	c1abb742	4657999e	FREEWARE/FREE03/FAIRYL.MOD
095d910b7998e0564879603790974341	1	146527	player	uade	Protracker compatible	0	74750	ff7a6ec0	b09ede3d	FREEWARE/FREE06/MICKEY.MOD
09c4f17b6f83f33ed9e7fec9129ce0a3	1	260519	player+silence	uade	Noisetracker 1.x	0	166312	a389cb67	c5253698	FREEWARE/FREE08/SNOWMAN.MOD
0b115251154bc48f8a4b2e5fce96c267	1	227706	player+volume	uade	Protracker	0	218544	1ac5ee2c	e6e16729	UGA/LYNNE5/PROPHET.MOD
0b133acfe2c5b62cded83bf005b88462	1	107645	player	uade	Protracker compatible	0	39068	c97a7e51	6a38dc8b	FREEWARE/FREE08/REMIX1.MOD
0b62c6aff6433d7cf1dede960514209c	1	192141	player	uade	Protracker compatible	0	68602	87f877ee	c545f4ad	UGA/BARATTE/STAR.MOD
0bfce31529f43268a979efa5f6a40264	1	199201	player+silence	uade	Protracker compatible	0	256276	20334d29	d73245c4	FREEWARE/FREE06/MOON.MOD
0c07b15991491a8a9c4aa3841ad3a5c4	1	134531	player	uade	Noisetracker 1.x	0	201256	5f7267de	bb627095	UGA/TJOA/HOI.MOD
0c73192288d1856f473e76a0b9c883c2	1	288171	player	uade	Protracker compatible	0	109936	7e5bb283	59cc4e5c	FREEWARE/FREE08/SAVANNAH.MOD
0c9142cb903c09ded06e2c0101396f0e	1	120505	player	uade	Protracker	0	40430	7ec6e6e8	4ca8cdc3	FREEWARE/FREE06/NECROMAN.MOD
0c9db1d6cd885c7653dd50b50cbc3dd1	1	144414	player+volume	uade	Protracker	0	80718	75832fcf	3984b070	UGA/ETTEN/COSMIC.MOD
0cf226e14e48f73dba8edbce65f48ed5	1	169093	player	uade	Protracker	0	50986	c1f2a5a7	0ef4b199	UGA/SIDEWIND/STARSAIL.MOD
0d1f5233ac2a6253f26c3b9cf1afa9bf	1	374109	player+silence	uade	Protracker	0	124750	903b41d1	5e4e0119	UGA/OTIS/ELIGHTM.MOD
0d48f535d6001b55224aeec94f9fb3bb	1	163969	player	uade	Protracker	0	89592	6e33f149	a7e7a1aa	FREEWARE/FREE08/SADENESS.MOD
0d4f9217242436bd45ae3c2f77c78a5e	1	232935	player+silence	uade	Protracker compatible	0	104774	e2f488d2	6244d03e	UGA/BLAHA/MOTOROLA.MOD
0d6fc6d6b42063261c6e650d806f0f3b	1	202010	player+volume	uade	Protracker compatible	0	75942	5b68d5ab	f9f7e5b2	UGA/BARATTE/ERRAND.MOD
0d7af92d91f860eb05f9d4a2396d42e2	1	142187	player	uade	Protracker compatible	0	182948	7355c0a4	28006d9f	FREEWARE/FREE06/MATTTR.MOD
0dff19d0fd4ef1b2f6e3d19c36517fc8	1	61568	player	uade	Protracker	0	6446	13e8b5d4	004673ee	UGA/LYNNE3/INTRO5.MOD
0e6bceda3297423905a63d224b474849	1	180607	player	uade	Noisetracker 1.x	0	94954	80f1ac2c	0c4b99b2	UGA/BLAHA/BON.MOD
0e86125d8389a668fc31b20279d56af7	1	184634	player+silence	uade	Protracker	0	131498	15917542	7e651ddb	FREEWARE/FREE07/POLTERG.MOD
0ea0a2fd31b98db525fee28bf57ad47e	1	243570	player+silence	uade	Protracker	0	352902	a4ff67d4	26eb22d1	UGA/BELLEC/BIRTH.MOD
0ef53063d70612bc41b4ef9fd2001214	1	140839	player+silence	uade	Protracker	0	132936	aa6a12f3	6c6afec0	UGA/LIZARD/GLUTTUR.MOD
0f14d96cdde56b150f8fcde9dbede2b7	1	199516	player	uade	Protracker	0	189324	54975ab6	99e3df89	UGA/LYNNE1/CHRISTMS.MOD
0f98bb69bd86d9ec54201555123c3351	1	310737	player	uade	Protracker compatible	0	131218	dead8142	72d09a55	UGA/LYNNE4/MOONGAZE.MOD
0fecf7e171e42fb8248fb36bf62b29c2	1	210853	player+silence	uade	Noisetracker 1.x	0	144078	ee68ec78	3b714a08	UGA/LYNNE2/EAGLE.MOD
10cecfd303eb7a917a2eb847fa89a6bf	1	161397	player	uade	Protracker compatible	0	89301	c8fafc40	f8b4e94c	FREEWARE/FREE10/URANCHR.MOD
10fd52c48d29d0b9ce03457a14498e19	1	291219	player+silence	uade	Protracker	0	217590	3511d182	d5d1ee69	UGA/TIPPMANN/ICEMATR.MOD
1141d2fee7a3f036eb78f764783c24c1	1	92272	player	uade	Startrekker (4ch)	0	271546	602f5c67	fde601a2	UGA/SOLAR/NEW4.MOD
11479784b3db943415f1d636099ef1bb	1	146647	player	uade	Protracker compatible	0	62692	108cda0a	4abdb905	UGA/LYNNE2/ENTANGLD.MOD
11685b8aaa8e418f695753c830df8934	1	415918	player+silence	uade	Noisetracker 1.x	0	112480	54b42c85	e450cba0	UGA/BLAHA/DEATHST.MOD
11cc487701054ee6a30aa2508cf85a7f	1	253480	player+silence	uade	Protracker compatible	0	123264	a85c02dc	59a9310b	UGA/LYNNE1/ANDANTE.MOD
130fe9080800655b882c88e0b7e5cadd	1	263455	player	uade	Protracker	0	141264	18de58a9	32070d43	UGA/LYNNE6/UPONME.MOD
130fe9080800655b882c88e0b7e5cadd	2	207493	player
13411a2f045fc91604c2f07e2f5e047b	1	189549	player	uade	Protracker compatible	0	107472	9bb2b24e	dc734a2c	FREEWARE/FREE07/OVERACUT.MOD
13cd8699fe8341e1a0627a27c7e4533e	1	94684	player	uade	Protracker	0	88914	66cd4eca	9cc643df	UGA/ETTEN/PROJECTS.MOD
143c4c2dfe4d7df1e061c12677d70e80	1	311621	player	uade	Protracker compatible	0	151702	6ab57db0	601f368e	UGA/LYNNE1/BRIDGE2.MOD
144ee8aed3748f9fd5987a5260aa2713	1	314314	player	uade	Protracker	0	511978	87155940	a8d4e4e2	UGA/BELLEC/YODEL.MOD
14d420c87ead1e00697de4e7461e9a19	1	237293	player	uade	Protracker	0	201902	0075b2b8	028487b0	UGA/TIPPMANN/FANTASY.MOD
15380520e29cabc83a04b54a9b56b155	1	70698	player+silence	uade	Protracker	0	184418	b209ea42	fac9b006	UGA/SOLAR/SMOOTHE.MOD
155a1ba40eac977f1ef8f33281c1afbf	1	384122	player	uade	Protracker compatible	0	97220	a9c2c84e	08d7c09f	FREEWARE/FREE06/NATURAL.MOD
155dc5c29846ea2b322908adbcc3f72a	1	192141	player	uade	Protracker	0	164164	47b2170d	0f16cf58	UGA/BELLEC/FIRSTAGE.MOD
15a85e28418e9aa0fb93f7b090e9e160	1	139815	player	uade	Protracker	0	74110	d34098da	0a983170	UGA/SOLAR/MYSONG.MOD
15eff98060c9c3f7fc41ef5b485e856c	1	228672	player	uade	Protracker	0	129916	650da0a0	8a851623	FREEWARE/FREE08/RASTAMAN.MOD
15fbf6375f90bd7d5ee466a75ade9a18	1	321407	player	uade	Protracker	0	279190	cb8391c5	dd990e30	FREEWARE/FREE04/HARDCORE.MOD
1600947b0edc497bb8790df9785a58ee	1	176769	player	uade	Protracker	0	131276	08befd84	e5ebed61	FREEWARE/FREE06/NOTJUST.MOD
162e876b334c6ede0b48f53805239a7e	1	130693	player	uade	Protracker compatible	0	129470	ea81f982	679d33cb	UGA/LYNNE2/FREQUENC.MOD
1654126cf197170acad665a5fc864cbb	1	246536	player	uade	Protracker compatible	0	143554	78dbca96	8fd30054	UGA/BLAHA/MIRFOX.MOD
16b8ac6d419a43341c193cc3b34a6d48	1	76920	player	uade	Protracker	0	49152	145b7f01	2a94ddd7	FREEWARE/FREE07/OUTRUN.MOD
16c224ce5dfe9f04b1e6b0cf41605343	1	38520	player	uade	Protracker compatible	0	33226	cc10609b	f1cb867b	FREEWARE/FREE03/DOTTY.MOD
16f878172ccdb450339247b66d4ae805	1	92272	player	uade	Startrekker (4ch)	0	190200	699de5f5	64d26d99	UGA/TJOA/16BEAT.MOD
174576b79972774ca2c8e870b95be8d4	1	30824	player	uade	Protracker compatible	0	77072	857b5a4b	848b3d68	UGA/LYNNE3/JUSTIN.MOD
174f5395957cbe60fcc7ac1b66808694	1	261245	player	uade	Protracker	0	88690	301bb6a0	900385bd	FREEWARE/FREE01/BLITZZ.MOD
17df8cade416762d8be19791fed936d1	1	223390	player+volume	uade	Protracker compatible	0	104954	f7ea297c	0c7a71b7	FREEWARE/FREE08/SILICON.MOD
18071f4bc8cdd440a6515a17ac06922e	1	119349	player+silence	uade	Noisetracker 1.x	0	122766	47fdf8ce	53090eb1	UGA/LYNNE5/SHORT.MOD
18427d4156f9a146778c5193b114a27f	1	145723	player	uade	Protracker compatible	0	90962	0a76c13b	6c303b80	UGA/LYNNE2/CREMONA.MOD
18bc668f5d8d77f324197cc0eb3097ce	1	349559	player	uade	Noisetracker 1.x	0	140890	1e5a7595	53465916	FREEWARE/FREE05/KINDOF.MOD
190d3e22be984ccc53f101fbaba1c880	1	161397	player	uade	Protracker	0	188966	28e04b98	19f48593	UGA/STOOP/MCMS.MOD
194fd5d89c4884a428bc2f81e5a6d682	1	551808	player	uade	Protracker compatible	0	107754	0f5504d1	8840e98b	FREEWARE/FREE03/ESCAPE.MOD
19787769fee4311a64897bb77b39a614	1	290000	player	uade	Protracker	0	253680	56949f76	c5239559	UGA/OTIS/REVOLUT.MOD
19a852eb7042005131ac40ecaa3a330d	1	237554	player	uade	Protracker	0	155502	c09a7cde	2e33260c	UGA/BOSSIER/BLACK.MOD
19e6ad9124af3aa811ec029f432f8a30	1	360251	player+silence	uade	Protracker	0	69486	96783171	dd8f6710	UGA/HERR/SHINEON.MOD
1a0b84f639f619cf304b8c93f970e4cc	1	178738	player	uade	Protracker	0	115364	d1c8fbdb	a6a9c732	UGA/ETTEN/JUST.MOD
1ac4bf56407d6828af6322be3a9aba62	1	146045	player	uade	Protracker	0	104580	e8174417	457b2010	FREEWARE/FREE10/TSD.MOD
1ae79f35b1961ff28f272e648215a807	1	184525	player	uade	Protracker	0	150002	76fa1ccd	9a1c1fbb	UGA/LIZARD/ALIEN.MOD
1bafad5d8322024fc73ae81029a5ce03	1	320121	player	uade	Protracker	0	89144	94636d8e	6c43d1c5	UGA/HERR/MYWAY.MOD
1c0ee7fdc0020c8ffb9e8ea0590d2993	1	157766	player+silence	uade	Protracker	0	120352	11033ba7	7b19644e	UGA/TIPPMANN/FLIPPED.MOD
1c75b70b5f8f0b41efbe8b62e6a2bbf2	1	207493	player	uade	Noisetracker 1.x	0	87390	568502c9	69ce396e	UGA/LYNNE3/INITIAL.MOD
1df8886d357ae69eef886756f7d83e62	1	259959	player	uade	Protracker compatible	0	117840	7322fdcd	2263f2cc	UGA/BARATTE/BIOMECH.MOD
1e7eb7226d45e684f5636fbee6a54aa1	1	433073	player+silence	uade	Protracker	0	439686	954fbac5	e8790d36	UGA/BOSSIER/MEMORIES.MOD
1ebfe9ce46aee057e8382fc2a29cf44e	1	253808	player+silence	uade	Protracker compatible	0	143604	127da937	750bebd7	UGA/BARATTE/DIGITAL.MOD
1f804a85a44b53f29f6819925785d7c0	1	122997	player	uade	Protracker compatible	0	61440	51457210	c6ecfe9f	UGA/BARATTE/PROPHET.MOD
1fe65507b966a8b6abc251101e7c619f	1	253121	player+silence	uade	Protracker compatible	0	186788	3f0919b3	9ecc3e76	UGA/BARATTE/STORM.MOD
1fed93b67f2d669724bdda7cbb83d16d	1	25077	player	uade	Protracker	0	49278	0c01f2d7	96f26ef5	UGA/LYNNE5/SHANG2.MOD
20aef348a46fdf11761d79a6f6029cd8	1	206388	player	uade	Protracker	0	90912	66f9055a	f753fbc2	UGA/TIPPMANN/SENSITIV.MOD
20b76da1de5d5e6371b9c4dd145685ff	1	199797	player	uade	Protracker compatible	0	141624	859efde7	4c11467c	FREEWARE/FREE09/THECHASE.MOD
211323d2694f105a470f89ee674cfdf8	1	108931	player	uade	Protracker	0	158502	041ee632	0818289a	FREEWARE/FREE01/ADDICT.MOD
213cc39f5b76c05347319f67dd472dbd	1	203092	player	uade	Protracker	0	188062	bc044edc	3f9569af	UGA/LIZARD/WALKABT.MOD
2170e3c383fecc8cf9e284e13b16a67a	1	222845	player	uade	Protracker	0	45648	4504b33e	1948616c	UGA/BELLEC/FUNNYRD.MOD
2194ce69d8e326ca72abe45e296ad4a5	1	87490	player	uade	Protracker	0	35796	dbb1743d	94f9ad39	UGA/ETTEN/PROVIS.MOD
21c7e4eae5dcf8eed4de00b50f2344df	1	159312	player+silence	uade	Protracker	0	178710	d22e1bf2	6a621b0b	FREEWARE/FREE08/REALJAZZ.MOD
21de851545cf0120e93170cd7c9f558b	1	230903	player	uade	Protracker	0	184942	04492d5b	27272972	FREEWARE/FREE06/NASSUMP.MOD
21f86e59d78f91ae2f6fb416e9ad8b45	1	88475	player	uade	Protracker compatible	0	97424	f0d95af7	cc25f685	FREEWARE/FREE05/LETSSWIN.MOD
224b1f2d22f1ed869939c590a69138a0	1	173465	player+silence	uade	Protracker	0	99804	b1b29a75	47e22c48	FREEWARE/FREE07/PEARLY.MOD
224b1f2d22f1ed869939c590a69138a0	1	173465	player+silence	uade	Protracker	0	99804	b1b29a75	47e22c48	UGA/LIND/PEARLY.MOD
224d1c74e8aa707c5554f034b56402c6	1	238197	player	uade	Protracker compatible	0	162048	b9b805ba	2cd253c9	FREEWARE/FREE07/PUMPUP.MOD
22d7167f917d54dbea6ee556bdc7ffe1	1	38520	player	uade	Protracker	0	10090	2ef87ef2	95e1adf5	FREEWARE/FREE08/SNT2.MOD
2341bd57988412ce3ff2eb15d1cb2bcb	1	153721	player	uade	Noisetracker 1.x	0	51098	fbe17e78	1bbfdd26	UGA/LYNNE4/LOWBUDGT.MOD
237bb31ba3d65727d7c220c6c92d7596	1	119179	player	uade	Noisetracker 1.x	0	44194	046f6923	a913bfc9	UGA/LYNNE2/GOD.MOD
23cc9d3a8155025ab46e688514c3fb1c	1	171464	player+silence	uade	Protracker	0	247022	317ddcb9	0fa523d6	FREEWARE/FREE08/RHETORIC.MOD
23d2fd298d4b260ac202572659e0abc4	1	226603	player	uade	Protracker	0	181882	143d2754	1754067b	FREEWARE/FREE08/SADNESS.MOD
23d8e10dcfa10a4bc4b5b03674cd5201	1	222845	player	uade	Protracker compatible	0	122142	11c5f168	e9024733	FREEWARE/FREE04/GREATMZK.MOD
23df70c3dd1c4673e90bcc1fe0511e5d	1	268921	player	uade	Protracker	0	65984	7ef83d40	17229370	FREEWARE/FREE03/FLETCH.MOD
2440b0ecbb7aa28d1dd163685e53d82b	1	18044	player	uade	Protracker	0	33852	bacae6b3	2a10cf61	FREEWARE/FREE06/NOSTALGA.MOD
2446b496ffae33bbb6aab512663503a7	1	269935	player+silence	uade	Protracker (vblank)	0	210160	d84c2474	b05eae54	FREEWARE/FREE07/ORCHSTRA.MOD
2467ee16aeaa38b30bbcd102d40644cb	1	183140	player+silence	uade	Protracker	0	309796	3b1d37ee	f03e7acf	UGA/SIDEWIND/MILLENNI.MOD
24fda96dd106080e6b3ec50899066369	1	238197	player	uade	Protracker	0	87448	c24d492c	f5e0fad7	UGA/ETTEN/SPACE.MOD
252abf1ac0ba1837fa9154c46e8a981c	1	163969	player	uade	Protracker	0	129850	95947762	a8ad39b4	FREEWARE/FREE01/BASSNTR.MOD
252e1233f26765523e8ee3882586bad3	1	199396	player+silence	uade	Startrekker (4ch)	0	207052	439110bb	d267b82c	FREEWARE/FREE03/FREAK.MOD
2583dabaefd3cbc129b4ba6f2fd5530d	1	213481	player	uade	Protracker	0	241244	1b4ed53d	848f490d	UGA/SIDEWIND/INTHEEYE.MOD
25d2ddebfe3d8cdac28994b3b358d6a8	1	243803	player	uade	Protracker	0	328994	e215ca3e	9d983315	UGA/SIDEWIND/UNIVERSA.MOD
275840977caad8455da219bae6bec8c1	1	234541	player+silence	uade	Protracker compatible	0	49190	88b9e7c0	a79e6062	UGA/LYNNE1/AWAKENIN.MOD
277dfa4728e44a06fa6a254528484217	1	218364	player	uade	Protracker	0	115428	f575ccba	d73bdfff	UGA/ETTEN/FIRE.MOD
281127af93fefea2972692354a0c5db5	1	153721	player	uade	Protracker compatible	0	91896	ea8ca8dd	16ab5092	UGA/BARATTE/CHROMA.MOD
28a74cab22219e90c6939cc9d2dbcb61	1	176769	player	uade	Protracker compatible	0	67840	cb361d06	bf367ef4	FREEWARE/FREE07/PLORDS7.MOD
28de5f49dece8ca30a7ac63731c8b7af	1	134531	player	uade	Protracker compatible	0	53428	e5b69c02	3b89939e	FREEWARE/FREE06/MOONLITE.MOD
29c1f1e1e53567cad4d721ffbcf5fc66	1	147974	player	uade	Protracker compatible	0	71828	bcc3daf6	56e2fe2f	UGA/LYNNE3/KINGSIZE.MOD
29fb51da0a6c08d83aa521329fcfd5cc	1	233093	player	uade	Protracker	0	76694	1108b25d	4a53cc61	FREEWARE/FREE03/DONTSAY.MOD
2a48a69795e35fd113aad2fee1ce08aa	1	61568	player	uade	Protracker compatible	0	36180	9d4fe213	281f9e39	FREEWARE/FREE04/FUNNY3.MOD
2b165f6b178b25b6813966d6dd295199	1	199797	player	uade	Protracker	0	123440	0948869c	f68ff3af	UGA/STOOP/CHINESEW.MOD
2b199d8cb4678ec59c7bef2ebfec57bc	1	167063	player	uade	Protracker compatible	0	119014	b157b167	06640d34	FREEWARE/FREE04/HIGHDENS.MOD
2b5f80e6be410973ba929b27f8fa3e97	1	105072	player	uade	Noisetracker 1.x	0	153516	060d38c6	0f27e87d	UGA/LYNNE4/LONEFUNK.MOD
2b857a0717e5438ae3154b78a53e0a44	1	79472	player	uade	Protracker compatible	0	90950	3e11cbdb	ca8d5bf1	FREEWARE/FREE03/ERANA.MOD
2bb84ff2e9af68c82c66d1a557e14e04	1	357115	player	uade	Protracker	0	135418	81083a30	e7ce2c46	FREEWARE/FREE07/RADHA.MOD
2bc27e406756b502696eb6ffbf34c55f	1	163205	player	uade	Protracker	0	103988	f7da851f	aba46291	UGA/LIND/DAYDREAM.MOD
2bc37b4e7a9082c397ed8388e251c808	1	169093	player	uade	Protracker	0	64010	9958cf45	fc3464d4	UGA/ETTEN/ENDSONG.MOD
2bd481babec2a0778fe67534c20a8a57	1	153721	player	uade	Protracker	0	67416	d1076dc0	3c33d81d	FREEWARE/FREE08/SAYSLIME.MOD
2c318a209cf1783df72bb597ac01bb73	1	223970	player	uade	Protracker	0	139526	4ca57768	37249493	FREEWARE/FREE02/CAPTVTED.MOD
2ea808159052b0922efc9f6fa9522677	1	181034	player+silence	uade	Protracker	0	96102	c0137382	8b558041	UGA/BOSSIER/SYMPHONY.MOD
2ebf4da0df1e69d75b3ff206b8f71361	1	230541	player	uade	Protracker	0	99856	17b72629	142d9d72	FREEWARE/FREE07/OZONE.MOD
2ee5cc35e81e4a23a605913438b610f6	1	322955	player	uade	Protracker compatible	0	143696	acd4d088	799496fc	UGA/LYNNE4/MISSION.MOD
2ef3c4044f18d88115f8aca70dc09cbc	1	230420	player	uade	Protracker compatible	0	91504	d251db83	541fc673	FREEWARE/FREE10/TRAINBT.MOD
2f8010159ac71b87db4538613ed72473	1	62834	player	uade	Protracker compatible	0	14598	03688160	ef3b9ccf	FREEWARE/FREE01/BEHIND.MOD
301ff851f9bed54cf4700652e8844433	1	252608	player+silence	uade	Protracker	0	198616	b1096044	cab5b6b7	UGA/STOOP/ADRENALI.MOD
305ccbc8b5022c8c705e2ec1414cb2ba	1	119842	player	uade	Protracker compatible	0	98324	426276d5	53648dab	UGA/BLAHA/INNER.MOD
3153c8b809dd0fdd2acde9534eff2c4e	1	282364	player	uade	Protracker compatible	0	140380	29c637fa	0173017b	UGA/LYNNE6/TUNAFISH.MOD
31ad12d7d60b30215f96d7442330ddd1	1	140599	player	uade	Protracker	0	74582	4ed617ef	0f994603	FREEWARE/FREE10/VISION.MOD
31c151d86b58b9fcec2cecdc62883664	1	127799	player	uade	Protracker	0	50974	0a82d84f	0ed0bb00	UGA/LYNNE1/AIRLINE1.MOD
31d6364a272ba3f31d19b7d2a83c431c	1	151547	player+silence	uade	Protracker	0	153316	fa3b8593	46f39b25	FREEWARE/FREE02/CELSTIAL.MOD
31db822ef3314c975d4baa3a8dbccb77	1	152976	player+volume	uade	Noisetracker 1.x	0	43386	59040ec5	11dcd476	FREEWARE/FREE03/ECHOING.MOD
32567ca9893c730adaa616c25e76df22	1	219489	player	uade	Protracker	0	99006	7d677653	7e4eaa19	DAYTIME.MOD
32567ca9893c730adaa616c25e76df22	1	219489	player	uade	Protracker	0	99006	7d677653	7e4eaa19	FREEWARE/FREE01/DAYTIME.MOD
32567ca9893c730adaa616c25e76df22	1	219489	player	uade	Protracker	0	99006	7d677653	7e4eaa19	FREEWARE/FREE02/DAYTIME.MOD
32831a5ea383693317342f839f57ffdb	1	142187	player	uade	Protracker compatible	0	102892	20675f25	cdf4f6f5	FREEWARE/FREE01/4225.MOD
333c76849e67fc11597f3cb5b90e660e	1	192141	player	uade	Protracker compatible	0	72152	eccc99a7	4ff8982d	FREEWARE/FREE02/CELTCSNG.MOD
335cf0de08662fb9fc98c8a425e98354	1	157639	player	uade	Protracker	0	337134	e6bb5a76	600d7e4a	FREEWARE/FREE02/DELIANCE.MOD
335cf0de08662fb9fc98c8a425e98354	1	157639	player	uade	Protracker	0	337134	e6bb5a76	600d7e4a	UGA/TIPPMANN/DELIANCE.MOD
341db6363045a569f768e35032cb2150	1	428932	player	uade	Protracker	0	192034	d0cfb559	47ad3779	UGA/STOOP/DIFFERNT.MOD
345e3d0fcb2fc7ce9ec42b8213a8dc2c	1	407707	player+silence	uade	Protracker	0	218388	dc8d5285	ca3c817c	UGA/LYNNE6/TRANZE7.MOD
345fac0a5e4380db5b5220519d3c4579	1	453246	player	uade	Protracker compatible	0	143136	74e3e6ff	68c554ae	FREEWARE/FREE05/MADNESS.MOD
346f41d79bfa1438bf4254f52f378a8c	1	112769	player	uade	Startrekker (4ch)	0	110152	bec5207b	611f0b55	UGA/SOLAR/SOULSHIT.MOD
35bd22bda41729ca0254be04ab6e7116	1	144136	player	uade	Protracker	0	68350	d056f3eb	6eaa4b0e	FREEWARE/FREE09/STAGGER.MOD
3625746951fd9470afc8b87647dfcd40	1	184445	player	uade	Protracker compatible	0	69638	68451033	833662c7	FREEWARE/FREE02/CLASSIC.MOD
372eb3fd7e9ff130d3f09ac0dfaf8d80	1	116642	player+silence	uade	Protracker compatible	0	253766	ec89f6dd	0b662f58	UGA/LYNNE1/BASKETBL.MOD
37d58a001f643cd6665041cf29471e79	1	215149	player	uade	Protracker compatible	0	78598	493b6ff5	4e01a35d	FREEWARE/FREE01/BEATYA.MOD
39b4d97c2a9aa88f9a5d6fe171134c00	1	259336	player	uade	Startrekker (4ch)	0	187752	09454ab2	8edf6da2	FREEWARE/FREE03/DINER.MOD
39ba863b1f820cea9e65df0327c5016d	1	276597	player	uade	Protracker	0	90848	f6739713	2666c07e	FREEWARE/FREE01/AGROMETR.MOD
3a01896f6be48ec3242c68cf9b17e147	1	471170	player	uade	Protracker	0	76896	fbe896fe	d09eb111	UGA/HERR/BALLAD.MOD
3a12d129d2e81af3efd05eb44abd5d5c	1	343230	player	uade	Protracker	0	226458	bb2adf6d	11349fdb	UGA/TIPPMANN/MAYDAY.MOD
3a3d5e4d33b72c7e702f779950be998e	1	263455	player	uade	Protracker compatible	0	141264	28d3237b	a56202a7	FREEWARE/FREE10/UPONME.MOD
3a3d5e4d33b72c7e702f779950be998e	2	207493	player
3a927ca7a923eb799af08afcf0f97f18	1	261155	player+silence	uade	Protracker	0	248740	7cb876c9	509c1522	UGA/TIPPMANN/IMPIOUS.MOD
3abc19bb3287e63378fa6efee6d945b4	1	245544	player+silence	uade	Protracker	0	230716	20da7be6	27681a2c	FREEWARE/FREE06/NIGHTL.MOD
3b9803f6de30b6fa3e3b130c052a14b8	1	313229	player	uade	Protracker	0	136322	f3913929	6352824c	FREEWARE/FREE06/MYSTIKAL.MOD
3b9803f6de30b6fa3e3b130c052a14b8	2	264520	player
3b9803f6de30b6fa3e3b130c052a14b8	3	313108	player
3baf6b844d924eb07d2f0669327e9f48	1	249731	player	uade	Startrekker (4ch)	0	83934	51b477a0	1ea937e5	FREEWARE/FREE06/MELODY.MOD
3bb975ede6f3be05ca044e378d83634a	1	253569	player	uade	Protracker	0	110300	c3ac29f0	d2645101	UGA/ETTEN/ACCUMU.MOD
3bfd722ddb1f70c36c6406af08fa3873	1	80758	player	uade	Noisetracker 1.x	0	31472	63e3e21e	944e583e	FREEWARE/FREE05/LONELY.MOD
3c0c2066c2ff0209832953ae95406382	1	122997	player	uade	Protracker	0	69432	12fd32db	f0f9be8d	UGA/LIND/NITESHDW.MOD
3c14605f85918cf212dbe9faabe1811b	1	133245	player	uade	Protracker	0	41852	92c1e996	5233c1c2	UGA/ETTEN/EASTERN.MOD
3c5d92f0e606c44f0dad5115ea58497d	1	308929	player	uade	Protracker compatible	0	102196	962f1527	6f56e36e	FREEWARE/FREE10/THEWORLD.MOD
3c602a77ea88f1fc4875df37c4ff3538	1	301043	player+silence	uade	Protracker	0	157286	218cb7af	71793a4d	UGA/BOSSIER/COCAINE.MOD
3cee945aafce395bd0e84f07f0b67747	1	149842	player+volume	uade	Protracker	0	158478	bc6be316	e9098418	FREEWARE/FREE01/BST.MOD
3d16e78bd0c86c94105dc2cf873da443	1	92272	player	uade	Soundtracker II (31 instr.)	0	105460	deee8085	b59498cc	UGA/LYNNE2/DEALIN.MOD
3d3639a62bef5e3ff2f89200227cc4e5	1	93779	player	uade	Protracker	0	137060	75ed73b1	095aa314	UGA/SIDEWIND/INNERPCE.MOD
3dda75bfb3f9e653db75995dbedfa9b6	1	244035	player+silence	uade	Protracker	0	355512	c41457e1	7e6c44f7	FREEWARE/FREE06/NEMESIS.MOD
3e757e6970f6021667506c45a49fb3eb	1	56585	player	uade	Protracker	0	36768	df9e298f	f2e4c4e1	UGA/OTIS/FOTONIA.MOD
3e971bcb27ee0b66c3b5c3f9beb23bea	1	124807	player+silence	uade	Protracker	0	150858	3afba140	327e7a28	UGA/LYNNE1/AIRLINE2.MOD
3f2719d41744e279005b9e293b66d63d	1	161397	player	uade	Protracker	0	49552	02413f96	d23e949a	UGA/ETTEN/SUMMER.MOD
3f3698024d408aa867032afa5a0b9335	1	92272	player	uade	Protracker	0	9294	58bb28db	3fb2d8be	UGA/LYNNE3/INTRO2.MOD
3f644e22840304861885ec11609673aa	1	156293	player	uade	Protracker	0	119268	633968d5	ffd94ad6	FREEWARE/FREE02/DEADLAND.MOD
3fd493e161fe15b14cd0c70e527c959c	1	261245	player	uade	Protracker compatible	0	154514	b179f4e2	be0d2be5	FREEWARE/FREE10/WORLDCH.MOD
414ce3630924ff1f7012657e6a50c1b2	1	185409	player	uade	Protracker	0	148234	7ec1abef	912968e5	UGA/LIZARD/DESERT.MOD
418dd8c86393dc6dc1128a2a66339313	1	8507	player+silence	uade	Protracker	0	30644	dfa84b49	6ccd40a0	UGA/LYNNE5/SHANG1.MOD
422abb334784266f7aaac152f6ea2bfe	1	220293	player	uade	Noisetracker 1.x	0	88936	ca405eae	22efaf84	FREEWARE/FREE09/SPECKOF.MOD
42311c5dab7040d782ef621d55cc1a47	1	143493	player	uade	Protracker compatible	0	104538	b213a75d	0d110ade	FREEWARE/FREE04/HIRAS.MOD
423b808b6c410bc806130170ce7aac19	1	272759	player	uade	Noisetracker 1.x	0	131274	97c4b261	d1fe3140	FREEWARE/FREE06/MEGAPART.MOD
42625539ca7e79a65fe0cbdaea644aac	1	212722	player+silence	uade	Protracker	0	106046	87d73270	338d6024	UGA/BOSSIER/BURNING.MOD
42c7311fd44dd66e4fcb4a3093b7c282	1	382002	player+silence	uade	Protracker	0	168858	3b990a4d	95371fb5	UGA/LYNNE1/BUD.MOD
42dcbf6cfa8887ff24f94ab7bb2a555e	1	395531	player+silence	uade	Protracker	0	212204	a7c0a95a	2d8710e5	UGA/LYNNE1/BOPFLOP.MOD
42efc73ae713c3837f56332f380270fd	1	169093	player	uade	Noisetracker 1.x	0	134956	203266a9	c8531ccb	UGA/LYNNE4/PLANETAR.MOD
44285b3b92437f73a20d1e973bf7a0c8	1	230541	player	uade	Protracker	0	78602	98b15495	2356c3c4	FREEWARE/FREE10/ZUCK.MOD
4442c8d0c068bc1ccb3a924d11ae6b3b	1	245893	player	uade	Protracker compatible	0	149656	8b916164	97d94afc	FREEWARE/FREE09/THEME.MOD
44616653ad6b9f4f32134289616314ec	1	161397	player	uade	Protracker	0	170658	8d2f0554	025b3b15	UGA/STOOP/WATERFRT.MOD
44a9cd40f6e2282b5c19becd05ddb604	1	268921	player	uade	Protracker	0	66940	7499a89d	266f8b1f	FREEWARE/FREE01/BRIGHT.MOD
4515fd6608e8420ca622e6d34140496c	1	115321	player	uade	Protracker	0	98244	1c941c2c	5acd884e	UGA/LIND/MAINSTRM.MOD
4538eb48d1556773604b7613290e6309	1	233202	player+silence	uade	Protracker compatible	0	141284	a5c185cd	c5d3c8e5	FREEWARE/FREE08/SADSONG.MOD
460a73f28ab8a4e93413cacadf1b091f	1	207011	player	uade	Protracker compatible	0	139242	cd23c911	071b04b5	FREEWARE/FREE10/WORLD.MOD
46a483c549f1fc5b1fcf9f29d3e3c6c4	1	190553	player	uade	Protracker	0	104060	857b3af6	c3ffc38c	UGA/ETTEN/WINDWARR.MOD
46ca502c474f905357aba54fa2f1fd9a	1	112447	player	uade	Noisetracker 1.x	0	85918	ca195cda	484e31b6	UGA/LYNNE2/ERECTION.MOD
47570e77b84683c35b2dbeaed9f9e587	1	117149	player	uade	Protracker	0	98546	57d785d6	d46fe544	UGA/LYNNE6/ZURPH.MOD
4789fa01683facb69714886f322cef15	1	230541	player	uade	Protracker compatible	0	177166	92153000	a69b842d	FREEWARE/FREE02/CONTROL.MOD
47c31ac6f729ca09ad53a1ad31471858	1	121113	player+silence	uade	Protracker	0	52022	265cb6b0	0382bcd7	UGA/LYNNE4/OLDENGL.MOD
47e4c1c34b541f86ba23822cf5d40a3a	1	138208	player	uade	Protracker	0	51656	a2e4c65f	b819c107	UGA/LYNNE1/AIRLINE3.MOD
4812d5e514541e7ee2b76fe8d9559b49	1	51340	player	uade	Noisetracker 1.x	0	23010	01594edd	1aefe2e3	UGA/BLAHA/WOD.MOD
4850df81b4d0a90638ec0c106c1825ea	1	318957	player+silence	uade	Startrekker (4ch)	0	138908	24abae09	e43276ed	UGA/SOLAR/SLR17.MOD
4869806d80a5eec14d5caf16c7325614	1	381562	player+silence	uade	Protracker	0	158548	617bd4ba	f88de6fa	UGA/LIZARD/LIZARDTH.MOD
49468e539cfe99e1d77b3d15f3d84394	1	315017	player	uade	Protracker	0	69022	47306095	ba6c2f37	UGA/LYNNE2/GODZILLA.MOD
49954554fa6ec1414e80ef2130868e62	1	188605	player+silence	uade	Protracker compatible	0	162918	ad0f3c16	c17a2024	UGA/LYNNE4/MAKE.MOD
49aa26bb48671e012ec311917da283ca	1	377310	player	uade	Protracker compatible	0	194244	dcc86a77	4ede5b40	FREEWARE/FREE02/DEPRESS.MOD
4aa9f410888a5a58130c5f7dbd7c3809	1	192220	player+silence	uade	Noisetracker 1.x	0	85892	8da35962	2fae4e7a	UGA/LYNNE5/PORTS2.MOD
4abcd03a7f4297a3f174c53ead2499c0	1	160549	player+silence	uade	Protracker compatible	0	76604	3b9592c2	7ad3b9e5	FREEWARE/FREE05/LIKEBIRD.MOD
4ac0f1d0892221820d2e67760b5d3067	1	216314	player	uade	Protracker	0	196582	3c3e95d0	ab7b8de3	UGA/TJOA/EXPECT.MOD
4ac948b55e2014eb2ca4d2e7f4b46d8f	1	270790	player	uade	Protracker (vblank)	0	160520	39071bed	a040ab83	UGA/BARATTE/AVOICE.MOD
4ad48e55f41b9bdff5eebb5e23ea1a1b	1	103425	player	uade	Protracker	0	44362	7b2e0024	bd2da564	UGA/LYNNE3/KVCOMBAT.MOD
4b12dded6720fab73895712c6e164e5f	1	345558	player+silence	uade	Protracker	0	282744	95dc3474	3e8935b0	UGA/OTIS/FRANEKER.MOD
4b2fd18935cb36dc5a712c884fca9300	1	227844	player+silence	uade	Protracker compatible	0	183724	2eaa4936	34666531	FREEWARE/FREE03/EXPERIM.MOD
4bdcbfbf8e025fd725ff8e20815d5919	1	192141	player	uade	Protracker compatible	0	78322	45a5a3e5	77bd2dc1	FREEWARE/FREE08/ROMANCE.MOD
4cbc7d4300369718287d149a3845bc04	1	116586	player	uade	Protracker	0	71036	d207ff84	40df8e2c	FREEWARE/FREE03/FLYTE.MOD
4cc85eafad31751cbb7279cd6e207d48	1	148583	player+silence	uade	Protracker compatible	0	75514	02abe4a5	e55a9b10	UGA/BARATTE/CRYSTAL.MOD
4cd97ff433bdb860548145c45fd10bdd	1	153196	player+silence	uade	Noisetracker 1.x	0	155574	904c44de	7c445a9f	UGA/LYNNE6/TIEDUP.MOD
4d1e7b04cf3a0cf18071d8b4efbe48f1	1	199355	player	uade	Protracker	0	92676	5f8382a6	74660a74	UGA/SOLAR/SOLAR2A.MOD
4d5e3410f8da9bffd0f8603b2df12ca9	1	240866	player+volume	uade	Protracker	0	234024	7cf9c366	df381a5c	UGA/LYNNE2/GETFUNK.MOD
4db7dcf25fec85948bde398ae7851fbc	1	299645	player	uade	Protracker	0	114552	87c364c8	eae1a86d	FREEWARE/FREE02/DATATRAN.MOD
4dd08a742bc37874414aaa79962579f6	1	460378	player+silence	uade	Protracker	0	368110	0e43657e	df8159fe	UGA/SIDEWIND/DESTINY.MOD
4ee75edce734e176f7273fbea4c67bf4	1	152435	player	uade	Protracker compatible	0	123950	6f07f9bb	5ed26108	FREEWARE/FREE02/DEEPMIND.MOD
4f683674a53515f2bf159636551af79e	1	291326	player	uade	Protracker compatible	0	127918	fd83f99e	502802d9	UGA/BARATTE/RYTHM.MOD
4f99f20fc970a7ea4fd3a5239b791fa8	1	334690	player	uade	Protracker compatible	0	132918	de13be03	7434f001	UGA/BARATTE/STARRAY.MOD
4fea1424287dd9e4aed5f35e4a8980b0	1	169093	player	uade	Protracker	0	157148	be2c4858	37c46c5b	UGA/TIPPMANN/RUMOURS.MOD
4feca5115d3592c0f5a2d449592360fa	1	53872	player	uade	Protracker compatible	0	41989	16ebdb9a	b7a1e149	PLAYERS/CDBOX/BONGO.MOD
501571261e5ed2fd7f2d556fbf93596a	1	264931	player+silence	uade	Protracker compatible	0	196324	75a2bc09	fdd31923	FREEWARE/FREE05/LOSTLOVE.MOD
501ed1f438b2f1ff6086ffa7257fbda9	1	41072	player	uade	Protracker	0	32326	10dddbf1	0ba57fc7	UGA/LYNNE2/DEPYP.MOD
502737d755c93911f752459ebc821ed1	1	211451	player	uade	Protracker	0	379956	c2001f29	04362677	FREEWARE/FREE03/EARECTIO.MOD
5028d270ed876b13d9e19c80efe8e4aa	1	61568	player	uade	Protracker compatible	0	10578	c463b199	841df3de	FREEWARE/FREE03/FIREW.MOD
502ea495a4dcecc9740be2d40699a861	1	156132	player	uade	Protracker	0	114164	c5379c2b	9c04cb26	FREEWARE/FREE08/SHADES.MOD
503553aa9120e8f6ad46190769fc6024	1	138369	player	uade	Noisetracker 1.x	0	64174	f7d82d54	c38667f4	UGA/LYNNE5/SEXUAL.MOD
503f19258207ac797bb3aba8b09a5df0	1	263953	player+silence	uade	Noisetracker 1.x	0	173670	db4e9c8e	748d43f4	FREEWARE/FREE01/AMELIO.MOD
508199173ca8d62bb960eac820c61935	1	41072	player	uade	Protracker compatible	0	40156	eed0b5cb	4354bf23	FREEWARE/FREE05/LOCK.MOD
50b917023de2684fc60908705ffcf3e8	1	112929	player	uade	Protracker compatible	0	40702	26d9cede	a6c6edc8	FREEWARE/FREE07/POPCORN.MOD
51f07f87fd0ef9a4d0a95fa60a11eceb	1	98803	player	uade	Protracker	0	163854	287d8ba0	67452614	UGA/LYNNE2/DROME15.MOD
52392d33267745b9926b47ac202aaaa2	1	280134	player	uade	Protracker	0	114732	c92b7c78	608b8cef	UGA/OTIS/TRANCE.MOD
524281f1193548b1a0ba21500d23f67b	1	77387	player+silence	uade	Protracker compatible	0	32592	8f2abd86	6319a873	FREEWARE/FREE06/MICHELLE.MOD
526aedfd277c1cb9cc75fef38d085fe9	1	263553	player+volume	uade	Protracker compatible	0	141580	9c728fe6	9748d6db	UGA/HERR/SETTING.MOD
52ae48b8f5111b3c8ae42aa8d9580eff	1	234856	player+silence	uade	Noisetracker 1.x	0	187188	acc9f1f0	1e8e7d84	FREEWARE/FREE01/ATOMIC.MOD
530458b54646ee5ee95c313865b70e02	1	665743	player	uade	Protracker	0	593476	da4de677	849f8e82	UGA/BOSSIER/ALTERED.MOD
539b1c7b6c0b7dfa6f7811f1cc4161d1	1	199797	player	uade	Protracker	0	148334	6916114e	0c39a0c1	DUNEINTR.MOD
539be07f425bdfbcd9d56af19fbf5a1e	1	294682	player	uade	Protracker compatible	0	132870	36cc516d	f5ba96bc	FREEWARE/FREE10/VECTRA.MOD
539df2bf5298fc694205fe670f4e019e	1	208697	player+silence	uade	Protracker compatible	0	101100	eb09ae49	a464eaf9	UGA/LYNNE4/NIAGARA.MOD
53de1c30062e8255fa8ac0c9cc8f31ba	1	302649	player+silence	uade	Protracker	0	80428	757d3a73	469aa2f6	FREEWARE/FREE10/UNDRIVEN.MOD
540e060624f42d75e13ed3f2128b330e	1	84262	player+silence	uade	Protracker	0	81234	7b428500	613ca18a	FREEWARE/FREE09/TANGOLOV.MOD
5541681c17fe81659034091f27e2cfa3	1	107645	player	uade	Protracker compatible	0	87334	0a634db3	517bf24f	UGA/BLAHA/HLO.MOD
556290e0166cef731fc5e4c5a68db45d	1	215872	player	uade	Protracker	0	88422	aa45ec47	f8f659c2	UGA/ETTEN/CONCL.MOD
56980ad4ccae65eff8c4f155de07e654	1	223809	player	uade	Protracker compatible	0	67590	ffc41f80	643116f8	UGA/LYNNE6/SNOWBLND.MOD
56994f5e3328e96f0e5545bf718ddf2e	1	79701	player+silence	uade	Protracker	0	97704	825e5d5c	dbfb6ecd	UGA/LYNNE2/GAMEOVER.MOD
56e0e2d3f84d511c34a4b59f475a57fc	1	159005	player	uade	Protracker	0	150502	86be88cd	95eb5519	UGA/LYNNE1/2CHANNEL.MOD
5706d84e32c50ed9cabec61afa7be8a6	1	117872	player	uade	Protracker compatible	0	87490	73505613	1c6931dc	FREEWARE/FREE02/COOL.MOD
57661984c0f93c09cef493b17f28e166	1	398204	player+silence	uade	Protracker compatible	0	34574	aaa8a67f	a270ff38	UGA/BARATTE/DARK1.MOD
587d886cde71375a5497bb73eaa8752d	1	468618	player	uade	Noisetracker 1.x	0	111082	b257d38b	a2f3651e	UGA/BLAHA/SHOOTEM.MOD
588f4ffa2a0bed20e8a04d089d5fb23d	1	111483	player	uade	Protracker	0	156632	a8bbbaf1	c5ff0a79	FREEWARE/FREE09/SOFAR.MOD
58967f69c10eaf5772210942d7aed83a	1	121088	player	uade	Protracker compatible	0	74038	041f50d0	fb76c7d9	UGA/LYNNE1/BILLY.MOD
58967f69c10eaf5772210942d7aed83a	1	121088	player	uade	Protracker compatible	0	74038	041f50d0	fb76c7d9	UGA/LYNNE3/HEAVY.MOD
59eaa6e2af97d17f1dec14d183d6fc67	1	236288	player	uade	Protracker compatible	0	138330	43fc8556	4be6172d	UGA/BLAHA/PABO2.MOD
5a0f89133e7b31f08db23262615e5caa	1	480132	player	uade	Protracker	0	270846	f7886e33	fdd59acd	UGA/SIDEWIND/ADVENT.MOD
5a319f7451b323a8302a7e728e76b067	1	216405	player+silence	uade	Noisetracker 1.x	0	82654	d81fe0d1	d77a7a73	FREEWARE/FREE03/DOMINAT.MOD
5a6f6bda45d8f854d91bf8adbb67f668	1	216519	player+silence	uade	Protracker	0	134144	8d4de2c3	d09969f6	UGA/SOLAR/SOLAR3.MOD
5a7dbcd11c5b52a49301a4c6b43b8a85	1	217741	player	uade	Protracker compatible	0	150874	7b28b4f3	ee12f424	FREEWARE/FREE07/OCTOBER.MOD
5a99addffdfdd43b76a1096472195a6d	1	256141	player	uade	Protracker	0	226798	34cef054	7851d5a8	UGA/LYNNE6/SPORTS.MOD
5a9ca337a23898590fe2a7c4e99ab2ca	1	87168	player	uade	Protracker	0	133218	05ed9e1f	2e36c138	FREEWARE/FREE10/TRIBSYS.MOD
5b533f3e5134f892c0bc76c291a5d038	1	188283	player	uade	Protracker	0	84750	91171f4e	5c5ed9eb	FREEWARE/FREE05/LIMIT.MOD
5b533f3e5134f892c0bc76c291a5d038	2	188283	player
5b648a63732c19f99688f8b6e8445c4d	1	192141	player	uade	Protracker compatible	0	187446	8bad8f24	fab08aa9	FREEWARE/FREE05/LONDONFL.MOD
5b81b8fe79040fb4c857e2125c365292	1	339874	player	uade	Protracker	0	504662	7bead0bd	e4cc491e	UGA/OTIS/THUNDER.MOD
5bee6ec11681b291053cd58db880c9dc	1	122997	player	uade	Protracker	0	76200	a5ff560c	5439f579	UGA/SOLAR/SLOWMOT.MOD
5c0900590518ef27de7c56f6b86efed7	1	331629	player+silence	uade	Protracker	0	175022	846172d7	a541c2da	UGA/STOOP/BARBRIAN.MOD
5c337580b1485a3744dbdce7752659ae	1	50054	player	uade	Protracker	0	15048	e2a5ea3a	d8871138	UGA/ETTEN/ZYLONYTE.MOD
5cca976e3f1dcbb73d677493c0fe85b8	1	189227	player	uade	Protracker	0	290548	ae301c7d	5d69f9c4	UGA/SIDEWIND/TECHNO.MOD
5cf82dc5a2fe95c08a97e400943a85b9	1	107645	player	uade	Startrekker (4ch)	0	73076	db531c7e	e29bebc1	FREEWARE/FREE10/TIMETO.MOD
5d8465d4242ef42b09c4da1009b74060	1	372477	player+volume	uade	Protracker	0	137618	bbd443a9	6d9b0c11	UGA/LYNNE6/SPACEDEL.MOD
5d9c582c55e0624c515ae5c35376b929	1	263777	player+silence	uade	Protracker	0	298598	2e368203	43603e5b	UGA/BELLEC/RUSSIAN.MOD
5dd16802e49d1778ff85e2cc76996502	1	115321	player	uade	Protracker	0	96526	4769361d	c005a200	FREEWARE/FREE05/KEFNET.MOD
5f7afae4d4ce9c6b7c8793bb555c538a	1	158041	player	uade	Protracker compatible	0	128604	0fe4ac27	9f784dac	UGA/LYNNE4/LISBON.MOD
5fcbed8bd1cbf01ae45301623ea76a3d	1	292550	player+silence	uade	Protracker	0	130950	e6722dfb	78ea2a97	PLAYERS/PP/TEKNO.MOD
5fcbed8bd1cbf01ae45301623ea76a3d	1	292550	player+silence	uade	Protracker	0	130950	e6722dfb	78ea2a97	UGA/BELLEC/TEKNO.MOD
601adfb94f407f7e6f07c1027eede694	1	272759	player	uade	Protracker	0	97472	2ab43675	da4da630	FREEWARE/FREE02/CRAZYCOM.MOD
602b443783f0816f4fe3f98639166773	1	284293	player	uade	Protracker compatible	0	110116	b3032851	72558eec	FREEWARE/FREE09/TELLUS.MOD
60895bf1c949fb6f6c3703a8b1e5901c	1	148255	player+silence	uade	Protracker	0	92310	6c345abf	58f236f6	UGA/OTIS/BOMATIC.MOD
60cab904f701b179a1e1a15bfa8bd695	1	138369	player	uade	Protracker compatible	0	147050	6001c2ea	1cd4708f	FREEWARE/FREE03/FANTAST2.MOD
60ee09bea6c13b3597341b4b0f06616b	1	61568	player	uade	Soundtracker II (31 instr.)	0	44452	497b3e4b	5b2c1b6b	FREEWARE/FREE03/FIFTH.MOD
61ad04628ac62bdffeaca44e4ef7cf53	1	316705	player	uade	Protracker compatible	0	120136	073c093a	9104926e	UGA/BARATTE/BEGIN.MOD
62cfb20f178ffd04a55df5c4ae318d0e	1	138369	player	uade	Protracker	0	111410	a97fe4e7	3291e5e2	UGA/SOLAR/SOLARSNG.MOD
62e30ab2569af51de3eaf3aeef230dd1	1	172931	player	uade	Protracker compatible	0	81150	9db14ca8	59998167	FREEWARE/FREE02/CLEARNIG.MOD
632961cb8d993ee32b52a3459bc91051	1	199194	player	uade	Protracker	0	151912	0d3ecd7f	80ddc009	UGA/TIPPMANN/DANCING.MOD
6346aa91943ebf83eb452c82ad9282c4	1	387969	player+volume	uade	Protracker	0	171128	00b7ff67	3009d703	FREEWARE/FREE10/WONDER.MOD
63f089856d3beef09faeb594ede33987	1	203936	player+silence	uade	Startrekker (4ch)	0	211650	ed57dcae	5508a8c3	FREEWARE/FREE01/BATTLE.MOD
63f22d3a587a43bcb0b1678e02ae7edc	1	127678	player	uade	Protracker compatible	0	76406	6cf5ccbb	5d67e029	FREEWARE/FREE07/NOW.MOD
63f22d3a587a43bcb0b1678e02ae7edc	1	127678	player	uade	Protracker compatible	0	76406	6cf5ccbb	5d67e029	FREEWARE/FREE08/SNOWRUN.MOD
64d3092aa793b3caa1f0ebd8e91037d9	1	126835	player	uade	Protracker compatible	0	43160	3baa487d	ae4cfd24	FREEWARE/FREE05/JUMPINGJ.MOD
64d8d438bfcbbf89cb16c00d22b623c8	1	122997	player	uade	Protracker compatible	0	74842	c8359eba	5678af6c	UGA/LYNNE2/EARLYLGT.MOD
65c27d5c5bf3742da61d065f1adafaa9	1	230995	player+silence	uade	Soundtracker II (31 instr.)	0	93688	7863a1fe	b58f5aad	FREEWARE/FREE08/SHAMROCK.MOD
66adce4ae4d607a2cd0500e1f4174877	1	130693	player	uade	Startrekker (4ch)	0	30152	361f0ab2	965cb181	UGA/BOSSIER/AIRPORT.MOD
66db5c81aa965f091dbbdf3552191901	1	258774	player	uade	Protracker compatible	0	169428	36c0ab3d	26613a0a	FREEWARE/FREE03/EXPR.MOD
66e5e7366affdb1ada5ac841c488a35c	1	298821	player	uade	Protracker	0	208518	65d183bb	fca92823	UGA/LYNNE6/ZIRKONTH.MOD
6710d395f9aab24c4eba67035fc5a16b	1	189107	player	uade	Protracker	0	117130	ff337475	a6f102d0	UGA/SOLAR/SPACEHSE.MOD
672554464dce7d013db6ccd44ec08157	1	53872	player	uade	Protracker	0	92554	576ae59f	1d56e2da	UGA/SOLAR/PHOUSE.MOD
68111620268beb27e4f14f25fd66d07f	1	245893	player	uade	Protracker compatible	0	121124	1333f660	79da1784	UGA/BARATTE/WASHBURN.MOD
6859cd3cb1d7b315cfd51a320cf6fe84	1	613888	player+silence	uade	Protracker compatible	0	160980	492bbe8a	8a872523	UGA/LYNNE1/COSMOS.MOD
68effe668738e77f727dde6461c0237b	1	329143	player+silence	uade	Protracker	0	178168	6f5a2e45	f198ef1e	UGA/LIZARD/WHACKBNK.MOD
692528bbd1cce18c50fa061a9b3d164a	1	189408	player	uade	Protracker	0	66626	6d24869c	13c65723	UGA/LYNNE2/COUNTER.MOD
693180893a239bfe0f97d2fb2ff2017c	1	219007	player	uade	Protracker compatible	0	58772	4ceaacc3	b4f6127f	UGA/LYNNE1/BABYBACK.MOD
693bf7109b1210bd2366b90da293fb7a	1	98622	player	uade	Protracker	0	105812	43c26600	81e32cbe	UGA/LIND/WELCOME.MOD
6975bd208c51bb3d21bfcbb03c345830	1	232015	player+silence	uade	Protracker	0	232150	07ac95ef	52680604	UGA/LIND/DREAMING.MOD
69984f46432841843841ab2bbfbefaa3	1	153721	player	uade	Protracker compatible	0	47686	46211fae	3c98166b	UGA/LYNNE3/LAIDBCK3.MOD
69a25edfd0f34742119ddd05d42f855f	1	159204	player+silence	uade	Noisetracker 1.x	0	146880	ab2f544c	7d587ea5	UGA/LYNNE2/ECSTACY.MOD
69b0663165e93d1fd609e6b33b05b343	1	261245	player	uade	Protracker compatible	0	144508	d4e7264e	a2a20455	UGA/BARATTE/FORGOT.MOD
69c24855717fa5f9b36dac3e149ccbff	1	153721	player	uade	Protracker	0	179036	40463458	8f0c5f9a	UGA/STOOP/HYPERS.MOD
6a8b5ff2e89816b0c4f4fe7314805f3d	1	230541	player	uade	Protracker compatible	0	99856	5e81187c	fbdf66a6	UGA/LYNNE4/OZONE.MOD
6b3cfd80861547a3548a9c831c00b543	1	107645	player	uade	Noisetracker 1.x	0	91134	348f0ee8	84fdd56a	FREEWARE/FREE04/GALACT.MOD
6b964524ad02aa5b1433787814c51725	1	116406	player	uade	Protracker compatible	0	60322	77040711	897f5c59	FREEWARE/FREE10/TOMTE.MOD
6ba31e032f316cccda4cd32eb729da9e	1	307524	player+silence	uade	Protracker	0	208778	e685a5cf	c4e54108	UGA/OTIS/VIDARS.MOD
6bfb124e173874557ed48b8c59ef0261	1	373891	player+silence	uade	Protracker	0	262472	3ada9239	e4146e7d	UGA/TIPPMANN/ROMANTIC.MOD
6cf0f14909321dbf98038f6b6a3075ba	1	395656	player	uade	Protracker	0	166208	7ea8896a	a1ce5074	FREEWARE/FREE07/PSYCHE.MOD
6e0a9968f7ca8fb9591f6aaba7fbaaa9	1	211331	player	uade	Protracker	0	138268	71da7f74	78382ef1	UGA/LYNNE5/SHANGI3.MOD
6e2509b61296cae55c16292abc174b06	1	294258	player+silence	uade	Protracker	0	176392	7803e0b1	20d75680	UGA/LIND/POWERHSE.MOD
6e855112f1ea25f5f347561b48db7606	1	274212	player+volume	uade	Protracker compatible	0	125146	2df66363	ab93f06b	UGA/BARATTE/DREAM.MOD
6ee1d8509e8871f188cdf968a56c1e49	1	122997	player	uade	Protracker	0	46780	a69fa122	6fd9938a	FREEWARE/FREE02/COMMAND.MOD
6eefcdb8176d92fd9ea3bee7df546a85	1	188283	player	uade	Protracker compatible	0	43400	bfd6e379	50defde5	UGA/LYNNE4/LAIDBCK5.MOD
6f0aaf1dce344709b7becb8d26788ab3	1	98682	player	uade	Protracker compatible	0	61958	de8cc483	1c9491ac	UGA/LYNNE6/TOOHEVVY.MOD
6f1bc371088295128062f3f9bd79830e	1	92272	player	uade	Protracker	0	55040	c8dfa982	d7d4c710	FREEWARE/FREE08/SNT1.MOD
6fdc9f9fef3ce5a2641c170d580ddfd3	1	291387	player	uade	Protracker	0	75532	2f2afeaa	7007b547	UGA/LYNNE3/KV5.MOD
7007fe5b03a1a0549cb5b2d86194bdb8	1	281621	player	uade	Protracker	0	414372	57a0fe11	cf2194e8	UGA/BELLEC/BABYMOV.MOD
700fc3fef333092a7c1f10b1a13c1c6e	1	210045	player	uade	Protracker compatible	0	299770	e9ad7970	250cd4d4	UGA/LYNNE5/SFINX.MOD
701890979477bad9a15d3de9fb04a422	1	273402	player	uade	Protracker	0	258184	3ed6f273	5db82c7f	FREEWARE/FREE07/ODYSSEY6.MOD
703083ce681ae45adf0cf02806e557a1	1	107645	player	uade	Protracker compatible	0	8466	335bcf1c	4d7079a2	FREEWARE/FREE05/MAAADDD.MOD
70584e3b8e708277da812043a272461e	1	242055	player	uade	Protracker compatible	0	93978	0a14c2d0	9a2010ed	UGA/BLAHA/RYTHM.MOD
70656caae1de1be1a71730b217b0e4fa	1	126835	player	uade	Protracker compatible	0	122620	d2bd20e5	4f190ce8	UGA/LYNNE1/BABYTALK.MOD
70998caad558b62f3afc8cbc0d7699e9	1	99325	player	uade	Protracker compatible	0	131368	ee6787d9	916e3259	FREEWARE/FREE01/BREEZE.MOD
70b753716f6147d9182449b7acbe5128	1	23168	player	uade	Protracker compatible	0	39628	4a916220	34b93143	UGA/LYNNE2/DISCO.MOD
70c420d872b06204b6346b9aafc7a69d	1	483970	player	uade	Protracker compatible	0	335092	761e3a06	f9b42fdc	FREEWARE/FREE08/SLIDE.MOD
70d731a0e00a68bfcd9edab286e9b6d2	1	355764	silence	uade	Protracker	0	283550	7e976267	8a56d509	FREEWARE/FREE10/THEWAR.MOD
70db99de9ab02f0a38edde7a5a2eac09	1	172663	player+silence	uade	Protracker compatible	0	103162	521ec43d	a5ddc924	UGA/BLAHA/SUNDAY.MOD
71d82c412bb9e878c723c6f7233e1540	1	248644	player+silence	uade	Protracker	0	144698	157c63a4	519ce111	UGA/LYNNE3/KV3.MOD
720359ab1384c45c162c21a5b43f7931	1	252563	player+silence	uade	Protracker	0	418872	0c4e9383	200fe72d	UGA/SIDEWIND/BEYOND.MOD
722f2fd67dc8f835e8c3d32c0b3f58de	1	261245	player	uade	Protracker	0	178784	604229e2	fca1eba5	UGA/STOOP/YESSIR.MOD
723e493ceed19652bc73729e83938514	1	184445	player	uade	Protracker compatible	0	88006	d347f793	3cf95d3d	UGA/LYNNE1/BARRACUD.MOD
7297670c21ea033efd873f81380d0f4f	1	184445	player	uade	Protracker compatible	0	75476	c66a2eab	0107310f	UGA/BARATTE/DISCOMAN.MOD
72c5277ccf03ab3c06eceedc64273e29	1	230541	player	uade	Protracker	0	304352	c703cbee	857491f8	FREEWARE/FREE02/CHANEL09.MOD
72dfc0edf1ff81f88ff209e89d7c6daf	1	69224	player	uade	Protracker	0	37752	976586ea	7c072fd6	UGA/ETTEN/PASSAGE.MOD
732f0d0dec5c2d6d9b79450d77fe365d	1	94844	player	uade	Protracker	0	12384	c8806cd1	229da70b	UGA/LYNNE3/INTRO7.MOD
734e14ed83ff8b2190b1d1d41b039b68	1	222845	player	uade	Protracker	0	130006	47597cd8	b8525a47	ELYSIUM.MOD
734e14ed83ff8b2190b1d1d41b039b68	1	222845	player	uade	Protracker	0	130006	47597cd8	b8525a47	FREEWARE/FREE01/ELYSIUM.MOD
734e14ed83ff8b2190b1d1d41b039b68	1	222845	player	uade	Protracker	0	130006	47597cd8	b8525a47	MM/ELYSIUM.MOD
73ae606c840e00224a1ae33c68c78a44	1	250997	player	uade	Protracker	0	99304	20d68440	59657c99	FREEWARE/FREE03/ENDLESS.MOD
742d0f3f43f8622f377649f37972c0f7	1	144136	player	uade	Protracker	0	134368	4f4e68c0	052ccc8e	FREEWARE/FREE03/DREAMSC.MOD
74a72b8d4dd7d7fed811b1a6037b5264	1	188283	player	uade	Protracker	0	122892	6c83941f	2f79dcbe	UGA/OTIS/MYWAY.MOD
74c7d694dad67e7fc80f006af9fa150f	1	172207	player	uade	Protracker	0	67590	7d932a39	b7c73053	UGA/LYNNE2/DUET.MOD
75679f2d3799efc79a2cf49554a4434b	1	161397	player	uade	Protracker compatible	0	46616	6148fae3	92ae8120	UGA/LYNNE3/LAIDBCK2.MOD
761fad5c5e96138faa63ec2f047876e7	1	448166	player+silence	uade	Protracker	0	198742	b179d347	14dcb302	FREEWARE/FREE10/VARIA.MOD
77d171df7f0bdb33a339db33dbb07175	1	130693	player	uade	Protracker compatible	0	179412	8fc430ab	37124330	FREEWARE/FREE02/DEEPWTER.MOD
78037bc59710b7006851461a373aa80d	1	114277	player+silence	uade	Noisetracker 1.x	0	107998	57b6b9c1	7cb6d6b0	FREEWARE/FREE04/HUBALUBA.MOD
784590818d7018385a6a3ae9e3d8a37d	1	388342	player+silence	uade	Protracker	0	221724	9b238fdb	9fb6bc45	FREEWARE/FREE05/ITSMY.MOD
78d4b7f872b2663bd95b3defd2538bdd	1	138369	player	uade	Protracker compatible	0	345942	eeee5b27	77cb2eca	FREEWARE/FREE06/MEXICANO.MOD
79ae766e84ac8432b1ea47a80854f4b9	1	245893	player	uade	Protracker	0	156054	04f65780	fae98dcb	UGA/BOSSIER/VISIONS.MOD
79b7326c23eb483464b73cc3407799e1	1	143895	player	uade	Protracker	0	139328	4bf3a5bc	f5f65084	UGA/LYNNE5/ROSINA.MOD
7a18a150ee785ed00c4ed71275b43a6f	1	352372	player+silence	uade	Protracker	0	193070	e93527fd	cc198a5b	FREEWARE/FREE03/DRAGONS.MOD
7a50fab657c65b48dd8592f47e1711b8	1	108931	player	uade	Startrekker (4ch)	0	169938	1beaa7b9	eeeefc24	UGA/TJOA/ALPAPRO.MOD
7ad2c4ec7f6ffe2dd3261d5552604660	1	188283	player	uade	Protracker compatible	0	69140	99125051	ef4652f5	UGA/LYNNE1/BILLY22.MOD
7aef51a58c653a800537fdf75fdb458e	1	14206	player	uade	Protracker	0	19486	79341383	798af656	UGA/LYNNE3/JINGLE1.MOD
7af2e3640eca1751fe09277fd8d22d0d	1	210237	player+silence	uade	Protracker compatible	0	179274	4aeb64e8	3c65da2a	FREEWARE/FREE03/EGSIS.MOD
7b0202c9f636e72db04570696bfc1abb	1	92272	player	uade	Protracker compatible	0	55210	1ff8284c	89e168d3	FREEWARE/FREE09/SWIRLING.MOD
7b1e2e2932841e32bb7503a918ccd917	1	635077	player+silence	uade	Protracker compatible	0	119956	750a7a21	926a5271	UGA/LYNNE2/GHASTOBL.MOD
7b442f27856e561d44f6a3214d95eddb	1	282746	player	uade	Protracker	0	125620	21fc4522	0405c5da	FREEWARE/FREE04/HASTA.MOD
7bb70628708b9acb34790bba25c72f06	1	250862	player+silence	uade	Protracker	0	246452	304d16db	d8b476f5	UGA/LYNNE6/SYMPOS.MOD
7bea36a8924f6da24f224c369ee61621	1	38520	player	uade	Protracker	0	26014	e3d0580a	b6ba9e64	UGA/ETTEN/INTRO.MOD
7bfc311de6fb0203ffdc8575cb355936	1	84616	player	uade	Protracker	0	162808	cf1ed773	fff70221	UGA/LIZARD/BLIND.MOD
7c033528ccdde2982f993c3fc0149a50	1	284919	player+silence	uade	Protracker	0	93428	e87c75cf	68e535cc	UGA/HERR/GOTYA.MOD
7c6d9e820fcb13a0bb0278dd425fda1a	1	486542	player	uade	Protracker compatible	0	114308	c1d83dc4	be4b1765	FREEWARE/FREE08/ROB.MOD
7e60f6aac17aef2541a9f88e27351f16	1	224526	player+silence	uade	Protracker	0	141750	df5f299d	ef140eed	FREEWARE/FREE05/IGMETALL.MOD
7e974a380609e47dc825a7040b4a4fa5	1	367966	player	uade	Soundtracker II (31 instr.)	0	129732	5eda6560	6dfcc880	FREEWARE/FREE06/MEMORY.MOD
7e99c9fb8c9387ecc3e07bdad9b3ebd2	1	313141	player+volume	uade	Protracker compatible	0	130382	122ba1e2	7a91b4b7	FREEWARE/FREE02/CREAM.MOD
7ea4d7c1dd1c7fe234bf05dd0b6da956	1	146045	player	uade	Noisetracker 1.x	0	54462	216284e2	6d44518e	PLAYERS/MP/DEMO.MOD
7f50724a6da2ee133c8e1c712b57e140	1	252346	player+silence	uade	Protracker compatible	0	196608	184c7849	22aeed9c	UGA/BARATTE/EYES.MOD
7f5218b8ef438339f53c3543e71f2c40	1	128221	player	uade	Noisetracker 1.x	0	79292	aa9db435	3dc1e7a8	UGA/LYNNE2/DIGTHIS.MOD
7fabdbeb2fc8320305119a11f3bfa0a1	1	222845	player	uade	Protracker compatible	0	167888	f5e58be5	6121d693	FREEWARE/FREE09/THEDARK.MOD
7fd2a3dfe018817dbc4bc4a3b8c8ad9c	1	199797	player	uade	Protracker compatible	0	144030	61a53d0d	3889dc4f	FREEWARE/FREE04/GUMMI.MOD
7fe69ea4e33493796b2267bb005fce26	1	265968	player+silence	uade	Protracker compatible	0	98750	070e7f78	9573f86d	FREEWARE/FREE07/POORMOUT.MOD
80a92c78ed03a696e18c2812a2961466	1	270308	player	uade	Protracker	0	130150	1d038088	edd203f0	FREEWARE/FREE01/APOCAL.MOD
8137255dcc6857c5ac43116b50596ca6	1	179321	player	uade	Protracker compatible	0	101738	f777cbbb	7572f948	UGA/BLAHA/KEEPN.MOD
819d24739e977095cd7e974e7a8df05d	1	73082	player	uade	Noisetracker 1.x	0	57128	d94be46b	71566739	UGA/SOLAR/PIANO.MOD
81e378dec1cfe9d0eda61737db89f2f5	1	305131	player	uade	Protracker compatible	0	129420	972c8cbe	79b98db1	UGA/LYNNE1/CLEAR.MOD
820cd2c1486f4f7870de7e3e711eea5e	1	210374	player+silence	uade	Protracker	0	370804	8b8658db	61365642	UGA/SIDEWIND/TRIBE.MOD
82391c272506ec3543ce611bacfc4472	1	219489	player	uade	Protracker	0	99006	c2a7b400	ab29dde9	PLAYERS/MPCOX/DAYTIME.MOD
82fa17e62faeb19b217503a39176a07d	1	324760	player+silence	uade	Protracker compatible	0	160982	6a0e09ba	e9631182	FREEWARE/FREE05/LASTSUN.MOD
8329ed4a49fdb30defbf8071dbbd00fe	1	156735	player	uade	Protracker compatible	0	144288	ab149fa5	341e06c4	FREEWARE/FREE10/VERSTRK.MOD
83c4183f24e18586008d6e195229953c	1	183098	player	uade	Protracker	0	242908	c51c31f4	350dbac2	UGA/LIND/FALLING.MOD
83d986c4a5279e3d94332f950f660089	1	213532	silence	uade	Startrekker (4ch)	0	177002	dc226a0b	e27b10e8	UGA/SOLAR/NEW1.MOD
848ce34f302bfef82b2c06ee18de5e87	1	314354	player	uade	Protracker compatible	0	60508	2e74e532	cad0c04a	FREEWARE/FREE10/WHITE2.MOD
853b5916c4a65fd123ad83ab296c4f80	1	122378	player+silence	uade	Soundtracker II (15 instr.)	0	187780	5eb48727	478e6041	UGA/LYNNE3/HOUSE.MOD
856dc97ff60af6dd1e395731fae7584d	1	221559	player	uade	Protracker	0	89000	674b2c68	325e9c68	UGA/OTIS/SUNNORY.MOD
8586d00f14c7d64f62b8d1282e0748a0	1	122997	player	uade	Protracker compatible	0	90288	03a79834	edfa77b0	FREEWARE/FREE06/MYLOVER.MOD
8613b81c1fdd17390d740bd56c53053b	1	114256	player	uade	Protracker	0	122990	d4051a80	367dd894	UGA/TIPPMANN/BURNING.MOD
86807df690f0be8f6cd3b09f41946339	1	124202	player	uade	Protracker	0	272322	7e115111	b6c4b512	UGA/LYNNE6/YAUNTLNG.MOD
86eba4190c26331d8fbf837949056eea	1	355616	player+silence	uade	Protracker	0	84158	359d07fd	d1268fb9	FREEWARE/FREE04/HYSTERIA.MOD
8759dc57319412e38c780007fdc49347	1	326511	player	uade	Protracker	0	345878	ecba6227	688bb6fb	UGA/TIPPMANN/POLYTHE.MOD
87696dc5d97eee5e6758c1f6b7f56c02	1	356572	player	uade	Protracker	0	258408	22a710c3	1b6908a2	FREEWARE/FREE09/SPACETEK.MOD
877219abffb6ebfd6a9140278e465759	1	430278	player	uade	Protracker compatible	0	163570	44a29add	787d21e3	FREEWARE/FREE05/IMAGINAR.MOD
8809e105bc1c03f910a4c8026e5cb676	1	261245	player	uade	Startrekker (4ch)	0	138322	2511c112	7e9872b1	UGA/SOLAR/NEW3.MOD
8963477e9ecad43e922bc81978de672a	1	138369	player	uade	Protracker compatible	0	70562	4b81035d	a091aa9c	UGA/LYNNE4/NEWTUNE.MOD
89be91dfa5846a80974d7c441c1fb05f	1	306055	player	uade	Protracker	0	149050	b36b7ac3	2e2ed841	UGA/LYNNE1/BEATNART.MOD
89c6c55cc82f3faa26e825b5f01261c5	1	394952	player	uade	Protracker	0	285068	80add92d	75ec466f	UGA/TIPPMANN/NIGHTEX.MOD
8a029ac498d453beb929db9a73c3c6b4	1	459436	player+silence	uade	Protracker	0	375630	6e623164	84f03ed1	UGA/SIDEWIND/BEATWAVE.MOD
8a5de562dcdb946be847af498286fb6d	1	253569	player	uade	Protracker	0	19050	27593f55	073a69cf	UGA/LYNNE3/INTRO4.MOD
8a94176e6941932f84dca668a8390cfe	1	116948	player	uade	Protracker compatible	0	82322	5fcbd621	9c7f2552	FREEWARE/FREE08/SEAOFMEM.MOD
8ad29522efeac6526f93a809456733b5	1	242055	player	uade	Protracker compatible	0	106026	e4ee9063	456aae5c	FREEWARE/FREE02/CHICAGO.MOD
8b6eba4e1a3efb464ec5f2e19f2d826c	1	159226	player	uade	Protracker compatible	0	78320	ef692288	40e2b73c	FREEWARE/FREE04/GOMYBOOT.MOD
8b791817d23248f7c0eb6aea5e4df322	1	91308	player	uade	Protracker	0	119264	d4ac91e2	cd27ccab	FREEWARE/FREE09/T2.MOD
8c384254439c9fa9034571026b54166d	1	260866	player+volume	uade	Protracker	0	362846	32d6b1af	61783c10	FREEWARE/FREE06/NATIVE.MOD
8c3b414236273faab6ad05e0fddc2a1c	1	107645	player	uade	Protracker	0	145256	735af6d3	7baf5b7d	UGA/LYNNE2/EXOTIC1.MOD
8da40bd12e0c65d6063fea7dbf171008	1	224107	player+silence	uade	Protracker	0	205788	227c5ba8	381a3a0b	UGA/LIND/EMPTY.MOD
8df1cb09bec0685b76f1a180e0d4c1b6	1	261245	player	uade	Protracker	0	83092	eb924b76	9564050d	UGA/ETTEN/SILENT.MOD
8e01772aef919b851b34efb64a103227	1	366950	player+volume	uade	Protracker	0	443888	74f4d860	d5a1fba2	UGA/SIDEWIND/ISLAND.MOD
8e25140a8d8125dbff306319ac40125f	1	188283	player	uade	Protracker compatible	0	155568	814a20ee	5c6564d8	UGA/BLAHA/KOTO.MOD
8f17c0ac16056df538896443a5c36558	1	214638	player+silence	uade	Protracker	0	191488	8f5ba8a4	37c3d0cb	FREEWARE/FREE08/RESONANC.MOD
8f6a8dc75fbc6750c1d06b4b5f8f0120	1	186253	player	uade	Protracker	0	107664	4154a58c	2ec1e93f	UGA/ETTEN/SPECIAL.MOD
8fece570c454e298a8c84aaa89c192e3	1	178195	player	uade	Noisetracker 1.x	0	99150	4b41648c	9d4dda1f	FREEWARE/FREE09/THEGAME.MOD
900c349ac756bd9ddcba292e4adc551e	1	381410	player+silence	uade	Protracker compatible	0	110240	dfdb28bb	7c2046f7	FREEWARE/FREE03/DEVILS.MOD
900c68318d31317d576136458dbbe9fa	1	373492	player	uade	Protracker	0	207478	74df09e9	519bf1c6	FREEWARE/FREE02/CORTOUCH.MOD
9058b2ca5361269767d4726de280f905	1	196026	player+silence	uade	Protracker	0	217074	c872365d	e23918bb	UGA/TIPPMANN/HOPEFUL2.MOD
90704348823a314bca3dc7e8fa32cd49	1	28574	player	uade	Protracker compatible	0	110816	52ef9440	3ef83622	FREEWARE/FREE06/MENTAL2.MOD
908116ba630c35dde3b5ab78935594e1	1	269128	player+volume	uade	Protracker	0	224754	7d69b859	0f76ea32	UGA/SIDEWIND/ESMERAL.MOD
90daa8fcac84c4de086c75ead9b7969e	1	173959	player+silence	uade	Protracker	0	156356	731c494e	bfb8a2d0	UGA/LYNNE1/ALIENATM.MOD
91dd4c396c94f6e8f1dced6f82ddcaff	1	204941	player	uade	Protracker	0	49032	dbc74adc	0ca73657	UGA/LYNNE5/SHANGI2.MOD
92af01f1499710ed7eb46c50cb3ebd5b	1	184445	player	uade	Protracker	0	111614	0a51878f	36be5fc5	UGA/LYNNE5/SIDEWALK.MOD
936093f81f9a3cf27533fdc126e73ff0	1	119460	player	uade	Protracker	0	415026	bbcb9b31	01900430	FREEWARE/FREE05/JAMMIN.MOD
93f84bb29b764c0e80b0c960a2dc4918	1	296048	player	uade	Protracker	0	137356	8bf2184e	7a4671c8	FREEWARE/FREE07/PHANTASM.MOD
951d39de03d97465e4a3e79942b63217	1	63477	player	uade	Protracker compatible	0	23588	eea7ddef	2222b025	UGA/BARATTE/STEPS.MOD
95b59a367dd8d5b4403c4d66e8edd2d9	1	451661	player+silence	uade	Protracker	0	376376	00a3faab	876c14cb	UGA/TIPPMANN/CBAR.MOD
95da58becb50a81562554969c2c91c31	1	205242	player	uade	Protracker	0	97160	46cf3028	7847b4c2	UGA/OTIS/BLOWFLY.MOD
97401f0cc50122b8dceab35e475f84e1	1	122997	player	uade	Protracker compatible	0	39068	006bbb92	136564f7	UGA/LYNNE3/ILLUMIN.MOD
975b1cffc6b74291c7da1a7afa559cf0	1	61568	player	uade	Protracker compatible	0	37624	2f8ff197	c0d0de9e	FREEWARE/FREE04/FUNNY4.MOD
97aa16eef6f31a247d09ae42c6d4297d	1	340530	player+silence	uade	Protracker	0	118218	60801f30	c25e3106	UGA/LYNNE4/MONSIEUR.MOD
97f14fb97d7bd048486747fa93417fff	1	263875	player+volume	uade	Protracker compatible	0	113574	ff99a837	8f1fb4f2	FREEWARE/FREE10/TRUEFAIT.MOD
989a333fcbb36cb808c68e47cd7906ec	1	137163	player	uade	Noisetracker 1.x	0	119900	7e979d0a	02a555a0	UGA/LYNNE6/WASTE.MOD
99bde4c9c39cd74c11c2ac6b18811407	1	271730	player+silence	uade	Protracker compatible	0	57980	7735936c	151ef701	UGA/BLAHA/LOOP.MOD
9a27b91f49095187c5255659d6f011f2	1	199797	player	uade	Protracker	0	119678	e5efdd19	b5e2dcfb	UGA/SIDEWIND/OOKSTHME.MOD
9a4acfd8b8676fa4f3f029b6fde2dad9	1	355710	player+silence	uade	Protracker	0	198330	aafda9c3	cf89272e	FREEWARE/FREE01/BLINY.MOD
9a9ca514a8f1f6369cbd1f387baceb74	1	34962	player+silence	uade	Protracker	0	44774	b426cbdb	f4189089	UGA/LYNNE2/FVOVER.MOD
9b3601099a5473b386398cd37db600a9	1	275923	player+silence	uade	Protracker compatible	0	131940	b4d5099f	09e12bc5	UGA/LYNNE2/GONE.MOD
9bd56782a0d81304b982970d55d291b1	1	107645	player	uade	Noisetracker 1.x	0	8466	5ab69807	1550a132	FREEWARE/FREE03/DSAMPLE.MOD
9c397fd3a5979153f743f822cf1aa177	1	435965	player	uade	Noisetracker 1.x	0	187762	1da120e9	081fd144	FREEWARE/FREE03/FRACTURE.MOD
9cdf40b260eecca2cbc0f79b5bc877b5	1	475835	player+silence	uade	Protracker compatible	0	65092	31b6c59d	dbbaded4	FREEWARE/FREE04/GOLDAGES.MOD
9d065c9193ff14f0de84bc54474f583e	1	300911	player	uade	Protracker	0	87076	58d14822	8a956eae	UGA/HERR/FUNKFOX.MOD
9d6f81f49272430abca441d7ff7bcc6f	1	241465	player+silence	uade	Protracker compatible	0	108946	3e22334b	50a93f99	FREEWARE/FREE10/TRIAL.MOD
9da3f6f35dd38f6abdbdfd58c1e86499	1	138369	player	uade	Protracker compatible	0	345942	00f2b72c	09efc1ba	UGA/TJOA/MEXICANO.MOD
9e347ad5d84704cf2a3742ea6c4b390d	1	233555	player	uade	Protracker	0	201008	c548fcd2	511d017c	FREEWARE/FREE05/IMMORTAL.MOD
9e91b006ef0c4e9492ddc267687a4a37	1	176769	player	uade	Protracker	0	139306	48bee078	1b72dfd7	UGA/BOSSIER/CLICK.MOD
9e9aa04cff3b87fd4317260ec0b32ce3	1	280455	player	uade	Protracker	0	93056	5baa697d	ee423652	FREEWARE/FREE06/MORTALT.MOD
9f7eed968df1cfe7eb9b1becc91d4a33	1	159488	player	uade	Protracker compatible	0	201292	116e4ab6	6750d5df	FREEWARE/FREE05/JUSTASLO.MOD
9fb8dbd918b291d71ae62e8e69fd64bc	1	46216	player	uade	Noisetracker 1.x	0	43588	2bb4265d	bc80b457	FREEWARE/FREE04/FUNNY2.MOD
a0a0f66da1377386121484746825f66a	1	162783	player	uade	Noisetracker 1.x	0	100328	a73d9f12	91d1e831	UGA/LYNNE1/111.MOD
a174817c02bd6fd964d34eec8ffc5e5b	1	900966	player	uade	Protracker	0	141456	bfde09be	3ec48614	UGA/LYNNE4/NOWWHAT2.MOD
a181a120c75ee8bf0a9460414cc0a622	1	153721	player	uade	Noisetracker 1.x	0	69444	19bd5ac7	51c05fa7	UGA/BLAHA/TITLE.MOD
a195092c5dfed1270d568f8a3be3007d	1	105338	player+silence	uade	Protracker compatible	0	110892	65818655	b1edc8c5	FREEWARE/FREE03/DREAMIT3.MOD
a1ae41a8d5d26276712bdf9cf24e1fb7	1	241091	player	uade	Protracker	0	139452	b07496d0	1bee71f7	FREEWARE/FREE07/ODYSSEY5.MOD
a2df6871eda300c6215d156753ff8278	1	311159	player	uade	Protracker compatible	0	118276	5775d29b	c7c8b23b	UGA/BARATTE/BEAMS.MOD
a335f6f4784e03a80b29db10e989598a	1	63477	player	uade	Protracker compatible	0	271498	b043f714	9b8aca1e	FREEWARE/FREE05/MAGIC.MOD
a3500599dea2ccc854acdb6ede8f9d57	1	161397	player	uade	Protracker compatible	0	137060	92fb99ec	98fb8666	UGA/BARATTE/TRIBES.MOD
a36c061f86dc57e6e65c083597cfefa2	1	149119	player	uade	Protracker	0	73252	b30ed855	f77f1e5d	UGA/ETTEN/RYTRO.MOD
a37513269de07c91bf17fcd2f791ca4a	1	148597	player	uade	Protracker	0	61650	25f05554	10b0359f	UGA/OTIS/SUNRISE.MOD
a3de7027e09284941c6406da4fb4dc9f	1	215390	player	uade	Startrekker (4ch)	0	250544	0545e1cc	5e227cfd	UGA/TJOA/TOXIC.MOD
a3fdcba301cd5c78605d203d82c9b90e	1	184445	player	uade	Soundtracker II (31 instr.)	0	106240	e9d3f874	8a0aec99	FREEWARE/FREE09/SPACEJ.MOD
a4441ba94cda373eb30d5d36c460cd7b	1	229034	player	uade	Protracker	0	19854	b280dcb6	8cbedf55	UGA/TIPPMANN/MARTY1.MOD
a4bb415b40014390d8ab59df7c4a9895	1	330369	player	uade	Protracker	0	112158	57b43f2b	1e0768f2	UGA/SIDEWIND/CRYSTAL.MOD
a58e766a9b4259e63b4570e62508a7cb	1	242055	player	uade	Protracker compatible	0	118890	31fb0ffa	469ec698	UGA/LYNNE4/MIRACLE.MOD
a596de5251323efeb83decdfe29b038e	1	172569	player	uade	Protracker	0	162900	c058ff08	071a2f60	UGA/LYNNE2/GHAZA.MOD
a5a2f2c03b471aa1e151719956053dbe	1	192141	player	uade	Protracker compatible	0	190698	19e8c9ee	65a87fa7	FREEWARE/FREE04/GUITAR.MOD
a5af32fbd7dd70aa5aac85134b655100	1	169093	player	uade	Protracker	0	49720	f15108a0	88936e78	UGA/ETTEN/MISCULAR.MOD
a5f71dbc24c9926b60406f509fd05d03	1	122997	player	uade	Protracker compatible	0	39068	82524624	a2196d18	UGA/LYNNE4/LOADER.MOD
a6337f2f6adb76daf796cb65fca42fd6	1	272921	player+silence	uade	Startrekker (4ch)	0	124076	0586302c	aebfc638	UGA/SOLAR/NEW2.MOD
a651806724308ea5038e6410217b7330	1	637350	player	uade	Protracker (vblank)	0	224256	1a71adc5	7420c24b	FREEWARE/FREE05/KLISJE.MOD
a6ba0bf18c1be5d760ea38e41b53647a	1	94222	player	uade	Protracker compatible	0	86876	921bb667	31cedb05	FREEWARE/FREE09/SOUNDMAC.MOD
a6c121727f42bf46129458a60239f9bf	1	135797	player	uade	Protracker compatible	0	33164	a4d0edaa	7f5e388e	FREEWARE/FREE01/C64.MOD
a76c244ff2d0b004e2458a7481913897	1	143493	player	uade	Protracker compatible	0	39408	b8417c1e	d6a7ce67	UGA/LYNNE3/LAIDBCK1.MOD
a7c6c7f08982321d9be70cd395ebcc88	1	148619	player+silence	uade	Protracker	0	340940	5cd9947c	8ce3b63b	UGA/LIND/OVERDRV.MOD
a839fa5246708182f6cc50624a737b58	1	271193	player+volume	uade	Protracker	0	290216	11d026f3	08cc7f8e	UGA/SIDEWIND/SPANISH.MOD
a85afcc9f9f5ccec8f484f7bbe84daab	1	142721	player+silence	uade	Protracker	0	169618	e0596588	1768cfbb	UGA/TIPPMANN/CONVINCE.MOD
a862192486637b8db2c894d62b6d7e11	1	227828	player	uade	Protracker	0	176586	3ccc1cf2	06cee361	UGA/LIZARD/VARANEN.MOD
a8b5abc010559a83e382fef76c9a4f5c	1	93271	player+silence	uade	Startrekker (4ch)	0	135736	f0c97222	e7046ae1	UGA/SOLAR/SOLAR2B.MOD
a9cc798ecd3a36c084a763f6aa31c9ca	1	391637	player	uade	Protracker	0	196276	9f06e7a6	b1ae4e0f	UGA/LYNNE4/OBLIVION.MOD
a9e84e9556d020804c9a7bc4179c78f5	1	76920	player	uade	Noisetracker 1.x	0	34276	a1135495	6a783368	FREEWARE/FREE01/BBC.MOD
aa76063c24d5d8db1f6a7de0e7d86db3	1	123057	player	uade	Protracker compatible	0	93338	03bcd140	03bc44bd	UGA/LYNNE4/MOREPILL.MOD
aab203e8fe314c222cd95802156efeec	1	230541	player	uade	Protracker	0	160554	b4180cde	ec7cd2cf	UGA/STOOP/EMP.MOD
aad439be7f52cde3d779ae9aa76aa13b	1	186515	player	uade	Noisetracker 1.x	0	99170	f8133fd3	61eb2f0e	UGA/LYNNE2/DOCTOR.MOD
aad622b60b0dcf780b82f8ff330fc78c	1	76920	player	uade	Noisetracker 1.x	0	51314	af919a1c	46752613	FREEWARE/FREE01/BIGNONIA.MOD
aaf27fd08c9fab90255aaac53cc97d0f	1	236376	player+silence	uade	Protracker	0	233314	82fb434a	02471df9	FREEWARE/FREE05/MASTERTH.MOD
ab59420bc54bd744f66fd2c1c97966c5	1	207169	player+silence	uade	Protracker	0	226220	fe5138ca	dca121c7	FREEWARE/FREE02/CONDOMCO.MOD
ab9c37ee8cb51d4a1e4c9c1c9abd0640	1	146045	player	uade	Noisetracker 1.x	0	55862	5aed8ccc	71e26dd3	FREEWARE/FREE09/TENNIS.MOD
abace83a3755de86a35568376e3ec93f	1	138369	player	uade	Protracker compatible	0	59062	49995e19	fc09a78b	UGA/LYNNE3/HITSQUAD.MOD
abf0c5947ee7ed19e1ffa10d7aa1a9c6	1	66572	player	uade	Protracker	0	98810	9afdd961	270d98cb	UGA/BELLEC/HARD.MOD
ac16cc5b3b4a32431345052fbcbd7d3f	1	259075	player	uade	Protracker	0	104666	c43ce2b4	fb6e87bc	UGA/LYNNE1/100YARD.MOD
ac947726e9bf4d9b811f2678fae800c7	1	7220	player+silence	uade	Protracker	0	42736	29856a93	47691f18	UGA/LYNNE5/SHANG3.MOD
adda3db2a32405693bc6e43e56f40523	1	194291	player	uade	Noisetracker 1.x	0	91530	242893ab	57c64de7	UGA/LYNNE4/MYDAY.MOD
ae85a9751a86ba3a5eccc12a9c513bba	1	161397	player	uade	Protracker compatible	0	66074	81d46276	f843939b	UGA/LYNNE4/LANIGHT.MOD
afb8dd08154ba63279a2f1c5510ce5ce	1	99968	player	uade	Protracker compatible	0	83954	96fb4fac	54b2d0ea	FREEWARE/FREE05/LANDOF.MOD
afe7debd19ffb1a4feb5a294aee7820d	1	161216	player	uade	Noisetracker 1.x	0	116744	a36c9a10	e4470ae1	UGA/LYNNE4/LONERANG.MOD
aff15197826f0ed5ec56b46a6f297e19	1	231867	player	uade	Protracker	0	344332	ae990ece	60f29196	FREEWARE/FREE01/CALIBRA.MOD
b05c2259106c75d9badcece6ad0a7854	1	144218	player+silence	uade	Protracker	0	154340	b1317846	d11d6a9e	UGA/OTIS/ETERNITY.MOD
b11feedb4456a325448e72bd22ce8866	1	153078	player	uade	Protracker	0	140568	9ba21e3d	6b7f86c3	FREEWARE/FREE06/MIDNIGHT.MOD
b11feedb4456a325448e72bd22ce8866	2	115321	player
b11feedb4456a325448e72bd22ce8866	3	115321	player
b11feedb4456a325448e72bd22ce8866	4	115321	player
b11feedb4456a325448e72bd22ce8866	5	111483	player
b12ad3fcd81f97311d5823fc53c395a4	1	27006	player	uade	Protracker	0	33054	785bf90c	1dc7715c	UGA/LYNNE5/REBEL.MOD
b226770200c223b0cc055ac7c32ba36f	1	181686	player+silence	uade	Noisetracker 1.x	0	107440	5b062ade	2445cbc3	UGA/BLAHA/DISTOR.MOD
b36184574fe2cbccd31640035de65142	1	193548	player	uade	Protracker	0	395470	33e100b5	ff90b0d4	UGA/SIDEWIND/JASMINE.MOD
b402301ba0b2ba02c312e4cc63d9eba2	1	162048	player+silence	uade	Protracker	0	177174	5dd45115	0bfc9c58	UGA/ETTEN/FUNNY.MOD
b409631f56bbc9939008a381e6251281	1	263154	player	uade	Protracker	0	121634	e61453a3	b0f2392b	UGA/SOLAR/SOLAR1.MOD
b42ec66d454533d9a6cae17012e5311f	1	107645	player	uade	Noisetracker 1.x	0	113738	d999c809	6d533ab0	UGA/LYNNE3/HARRY.MOD
b508bdc8f9ce9a3f8a7c03964bd890e8	1	314736	player	uade	Protracker compatible	0	129266	f4f87b8e	b5874949	FREEWARE/FREE06/NIGHTFAL.MOD
b5413d3bf7a4736656a3a9df1f4597ab	1	191346	player+silence	uade	Protracker	0	118996	8f470ac5	569221a2	FREEWARE/FREE03/FANTASY.MOD
b550afb03e8e81950cd136f34d04fea6	1	138369	player	uade	Protracker compatible	0	199818	1ab92475	826b35f7	UGA/LYNNE1/ACIIIIID.MOD
b5875607eaadcf0fa88f341b1e60bcf1	1	211331	player	uade	Protracker	0	431078	d665e032	842c04df	UGA/BELLEC/DISPARIT.MOD
b58ba8fd3e29a6377a5fb97c267980df	1	606375	player+volume	uade	Protracker	0	140922	54a67bc9	1a16177f	UGA/LYNNE4/NOWWHAT1.MOD
b5d0f0d2067433d633fe0489f86fc9d8	1	370678	player	uade	Protracker compatible	0	186182	64b09649	e7799d64	FREEWARE/FREE02/DENSE.MOD
b6759c56a78025c932a14e7c2aebfb36	1	286845	player	uade	Protracker	0	145320	a00f4058	1f369307	FREEWARE/FREE07/ODYSSEY4.MOD
b6830b502ab406bcca32c1abbb8f4fd7	1	283858	player+silence	uade	Protracker	0	122924	8a93d363	7d0198bd	FREEWARE/FREE05/INEEDU.MOD
b7674c11235cc9597fedc473aabf9c22	1	15472	player	uade	Protracker compatible	0	7478	ee174836	1bc6d16d	UGA/LYNNE3/INTROM4.MOD
b81b96bb51c718415dfbb58014c961a2	1	130693	player	uade	Protracker compatible	0	71054	e2f9fac0	b670837f	FREEWARE/FREE02/COMPLICT.MOD
b842c55448ae68f143fa7bd82a7bf8b6	1	394344	player+silence	uade	Protracker	0	330000	a52c7f10	e71ad82f	FREEWARE/FREE04/HAUNTED.MOD
b8633e0537d46eec2b5953e79b3112bd	1	142187	player	uade	Protracker compatible	0	192544	08150e63	c2d27cab	FREEWARE/FREE10/THESEEDS.MOD
b880e6a8b95481e247dd75c4d80e706b	1	439263	player+silence	uade	Protracker	0	118230	c2a264da	4baac983	FREEWARE/FREE10/THESMO.MOD
b88a7b8fe91bc89128c6dc5681a763f2	1	120315	player+silence	uade	Noisetracker 1.x	0	102280	bb271d7d	ce423ed9	FREEWARE/FREE04/FREEDOM.MOD
b8aba66c2d112cda7c96218e6258cff2	1	186830	player+silence	uade	Protracker compatible	0	132060	49a829c7	83047d55	FREEWARE/FREE10/TRAVLLER.MOD
b8e86ee9f1d08cc10e7a0324040264cd	1	221632	player+silence	uade	Protracker	0	232618	132dc901	722cfaa8	UGA/LYNNE4/MACABRA.MOD
b9d0e4db3ceec5fb5a0e118b77076faa	1	276125	player+silence	uade	Protracker	0	116726	ce3fb068	b651b4b2	UGA/HERR/SEAOFTEA.MOD
b9d0f873580ec7878608329864e90e11	1	356773	player	uade	Protracker	0	47122	179494d5	13dbe788	UGA/LYNNE3/KV1.MOD
b9f114ac0053f6a7ad995befa2e90f87	1	161397	player	uade	Protracker compatible	0	80204	98ee23c1	8f17400f	FREEWARE/FREE05/MASSACRE.MOD
ba45ff3e9f85fdabdefbd48294684c66	1	69224	player	uade	Protracker	0	42222	bc0f2bf5	ded7e6cf	UGA/ETTEN/FORGOT.MOD
ba50e64deca1cbd90c1e73a37491329c	1	112226	player	uade	Protracker	0	404484	29172b09	8f21d209	FREEWARE/FREE07/PERFECT.MOD
ba7d114d2f0fa06bda965f6d7da8d452	1	142642	player+silence	uade	Protracker compatible	0	64028	a076ae7c	fcd53059	FREEWARE/FREE09/TECHNO.MOD
ba7f1b974a231f4b34e81d9ce92bc7a7	1	296508	player+silence	uade	Protracker	0	97878	841b398b	50338dcc	UGA/HERR/NEWGEN.MOD
baeda11089abfb1c07b5605e2ee60bfe	1	236589	player	uade	Protracker compatible	0	113058	864cdc97	fd32f5e0	UGA/BARATTE/HIDDEN.MOD
bbb7cd569da161ad022421fdfd9f28f3	1	99968	player	uade	Protracker	0	55552	ff810254	37ab19bd	UGA/TIPPMANN/NOABILIT.MOD
bbe4d1a5fadc08471a69e0c25c3338cc	1	118274	player	uade	Protracker	0	19536	f5ecd58d	7c78a3b4	UGA/TIPPMANN/MARTY2.MOD
bcde3723582b019b78c693090d23aabb	1	268921	player	uade	Protracker compatible	0	107518	0f084012	f2ef13b5	FREEWARE/FREE09/STORIES.MOD
be395eb4d26df799883b3336e1d7563a	1	82366	player	uade	Protracker	0	9968	99afe77b	ef380de2	FREEWARE/FREE06/MENTAL.MOD
be4369a851d88336c8a0080296ffa144	1	140155	player+silence	uade	Protracker	0	161464	aca68931	17f88f4b	UGA/LYNNE5/SEXMACH.MOD
bf8bd014ba5f2588ee07420a6686199e	1	71816	player	uade	Protracker compatible	0	31252	78665720	1a229a9a	FREEWARE/FREE04/GYROSCOP.MOD
bf9b2b482a169f4b103410a2db431c18	1	162482	player	uade	Protracker	0	72710	4a5c2457	b0177cea	UGA/LIZARD/GAMETUN4.MOD
bfcbe9d2af8f59db981eb6ced7a7b32b	1	177959	player+silence	uade	Protracker	0	73874	260dcc91	c9b4995c	UGA/SIDEWIND/LETTHEMU.MOD
c05e882dbf3d18b55058aac6ae4f8eb8	1	76920	player	uade	Protracker compatible	0	56786	56a4fa01	a9f5bb3f	FREEWARE/FREE04/FUNNY1.MOD
c098fa05e8a544e1226849c2938f7be8	1	247681	player	uade	Protracker	0	152648	b02e9d80	8c33dd38	UGA/ETTEN/ACROBOT.MOD
c15ce09281527254509353a9e3c73565	1	161397	player	uade	Protracker	0	80752	cdb9ce5d	e65910ab	UGA/SIDEWIND/LONENESS.MOD
c1bde40d3be3b920afb57e839e43c4f4	1	115321	player	uade	Protracker	0	29574	5159b5a9	9df2a067	UGA/ETTEN/STICKY.MOD
c2187b0ecb4101f8c15ae90fb1dca62f	1	271730	player+silence	uade	Protracker compatible	0	57980	1b7829be	3d5a971e	FREEWARE/FREE05/LOOP.MOD
c21febbd4856d09b7fa6150b3858bbbf	1	136520	player	uade	Protracker compatible	0	213800	92ce9f12	94e608a6	FREEWARE/FREE03/DREAM.MOD
c2343aac44ddc0f4d4b51f9f14a5bc7f	1	298742	player+silence	uade	Protracker	0	255440	ce368539	04f461bc	UGA/LIND/ENCHANTE.MOD
c27ba04e4ef4537752ad4e554b37fde3	1	138369	player	uade	Protracker	0	71134	7809c1c5	05a0e084	UGA/ETTEN/SHORTCUT.MOD
c2be64a662ba168615f70562476ed5ee	1	138369	player	uade	Protracker compatible	0	84210	d411e5ab	4ace15ec	FREEWARE/FREE08/SALUTE.MOD
c2cf94f841863dc16ce10f3fabf7c91b	1	255317	player	uade	Noisetracker 1.x	0	143030	767d7518	731ac76d	UGA/LYNNE1/12THWARR.MOD
c2e29aa5771c688e60ad35b546a042fa	1	157522	player+silence	uade	Protracker	0	59388	61763295	a306b3bb	UGA/BOSSIER/ELISE.MOD
c31546474e104b2c22dd6fc4d70420a5	1	221298	player	uade	Protracker	0	181290	bc99c4cc	c21f8da9	FREEWARE/FREE08/SEAOF.MOD
c3867f4c7cfc7c77cd1d7748e79428d5	1	130693	player	uade	Protracker	0	79998	8d7e16d5	398ff10c	UGA/LIZARD/GAMETUN5.MOD
c3b80e12faef0f2694c52829c0480707	1	160131	player	uade	Soundtracker II (31 instr.)	0	87726	97889526	aed59be4	FREEWARE/FREE04/GAMEOVER.MOD
c3dc9acb4dbdbfa503501c700b15086c	1	61568	player	uade	Protracker	0	28630	0d2c5e8b	120bd45f	UGA/ETTEN/NICE.MOD
c440290c591dcbca6800cd39e3f27378	1	257407	player	uade	Protracker compatible	0	217334	d70b2bdd	333e235b	FREEWARE/FREE04/FUNERAL.MOD
c565e6b88c820c5aeb145688e03ac816	1	119179	player	uade	Noisetracker 1.x	0	82690	67181039	64351467	UGA/BLAHA/NIGHTWRK.MOD
c59bdd8d35edf4ca9e524dd52e0a6217	1	439361	player	uade	Protracker compatible	0	199870	f6f85188	b1f87243	FREEWARE/FREE07/OVERLOAD.MOD
c6314780cdf2076fb7c82b2bf0e94fa9	1	205081	player+volume	uade	Noisetracker 1.x	0	110792	3c3457d4	e2f206e7	UGA/LYNNE6/TECHNORK.MOD
c6698895ea4d1f0fd9910335b0c8ee9a	1	83190	player	uade	Protracker	0	26722	42292917	7de4b944	FREEWARE/FREE05/MAMUSHKA.MOD
c67bfe3b63630709839f730a6df61273	1	245893	player	uade	Protracker compatible	0	117036	bbb3ece7	0185c510	UGA/BARATTE/MIND.MOD
c795b8abe215656d273334f1ac4406a9	1	138369	player	uade	Protracker	0	195436	8a68d0d1	9439a48b	FREEWARE/FREE09/THERESVI.MOD
c7ccdd41ece8b92d3125ce0eccfd2c95	1	249368	silence	uade	Noisetracker 1.x	0	125440	c108b86e	f039b48d	FREEWARE/FREE08/RAINY.MOD
c7dda5159ad8113a905ef8d83cb770aa	1	257005	player	uade	Protracker	0	290780	ad14ec30	eb2f1e57	FREEWARE/FREE01/ACESHIGH.MOD
c90ce8bd1813420a41fe5c880430fb0f	1	126835	player	uade	Noisetracker 1.x	0	47872	9979c722	cd2d0a8c	FREEWARE/FREE04/FYXTERIA.MOD
c90ce8bd1813420a41fe5c880430fb0f	1	126835	player	uade	Noisetracker 1.x	0	47872	9979c722	cd2d0a8c	UGA/BLAHA/FYXTERIA.MOD
ca2ce42bc61fbbc6368c886874d012b2	1	411671	player+volume	uade	Protracker	0	79026	0769a7b5	f8f01a1d	UGA/LYNNE3/KVI6.MOD
cb54476f97872e007e769c9d02d0e832	1	273467	player+volume	uade	Protracker	0	102008	515d1854	53e48994	UGA/OTIS/DISTANCE.MOD
cb8d7c33de3df622aa1451ec894224c9	1	213832	player+silence	uade	Protracker	0	277762	835ecc6b	dfc0fb9e	UGA/SIDEWIND/RAINY.MOD
cba82d44efef8e66e7565f7974145a3b	1	156138	player+silence	uade	Protracker	0	203650	eeb2d785	33456de5	FREEWARE/FREE10/XPHERE.MOD
cc1b03751863da8d2e8e1b63cd174c4a	1	118217	player+volume	uade	Protracker	0	54178	ad083666	0f04039a	UGA/LYNNE6/THEWHALE.MOD
cd09871479682646193740773c720a50	1	61568	player	uade	Protracker compatible	0	167054	26720842	13f9c7ee	FREEWARE/FREE01/ALPHA.MOD
cd0e62d855a22906449ebea880a1bc91	1	119349	player+silence	uade	Soundtracker II (15 instr.)	0	122282	1772b21e	a841604c	UGA/LYNNE3/HOUSECUT.MOD
cdeac260e18e6a4477faf84362471d4c	1	161397	player	uade	Protracker	0	55552	27a8b1f5	24a148f0	FREEWARE/FREE01/BALL.MOD
ced69b32ca3970178b66d607d98be582	1	170045	player+silence	uade	Protracker	0	99618	467e8d4a	0c2ed9d0	FREEWARE/FREE09/SUNRISE.MOD
cf24929872e312e324022bd3d67deaa5	1	301996	player	uade	Protracker	0	191248	20e14917	0ca4b52c	UGA/TIPPMANN/NINELIFE.MOD
cf58510409c119d98033175895960afb	1	247009	player+silence	uade	Protracker compatible	0	112802	a5863ba8	a1ff8257	BEYOND.MOD
cf58510409c119d98033175895960afb	1	247009	player+silence	uade	Protracker compatible	0	112802	a5863ba8	a1ff8257	FREEWARE/FREE01/BEYOND.MOD
cf9a5bcb9add80d60fe630982a249732	1	40780	player+volume	uade	Protracker	0	50226	a9e3e2f0	172f5903	UGA/LYNNE2/GNOME.MOD
cf9f5e408c1f0a6624f73f71cb033553	1	280385	player+silence	uade	Protracker	0	69998	46d3865b	bce3361b	UGA/LYNNE3/HITSQD2.MOD
d03f0b6e25974ad64eb30412954c804f	1	336639	player	uade	Protracker	0	113038	116ef3a3	e9d7d936	FREEWARE/FREE08/SHIPS.MOD
d05ad763c14d47fdee6eb5adabe479ce	1	239805	player	uade	Protracker compatible	0	115824	01e1bcd3	ff8d61f2	UGA/LYNNE6/SWING.MOD
d079d5fbd5a9fd1ea910a6e899258f5e	1	61267	player	uade	Protracker	0	50458	0c4460e1	3a116da3	UGA/LYNNE2/ELPIANO.MOD
d1e391d07b083928347d9ab10bcf52d3	1	86525	player	uade	Protracker	0	31490	4b0a300c	a853fc93	FREEWARE/FREE02/CHEESEB.MOD
d3096626e4539615a8ae2e6a0bff830e	1	275555	player+silence	uade	Protracker	0	145000	1f10056d	48c6960a	UGA/OTIS/XTC.MOD
d33499cc3885d38c339a87b3a43e9766	1	173092	player	uade	Noisetracker 1.x	0	111686	c9b7a3b1	39606363	UGA/LYNNE1/BOMB.MOD
d35728efbde67c6448ba6ffad4b52b00	1	161397	player	uade	Soundtracker II (31 instr.)	0	150766	8679322e	768657bc	FREEWARE/FREE09/SPACE.MOD
d3c25f4db1026f7f0670adede4555beb	1	116044	player	uade	Protracker compatible	0	111766	d6b5117b	b6f12e36	FREEWARE/FREE07/OUTOF.MOD
d3e43cce3b7ee1c0e55bbff6f9927c7a	1	192164	player+silence	uade	Protracker	0	192810	1cb4c9e5	07526d1a	UGA/LIND/TURNING.MOD
d3ec48d9248463b92dba2671c2430e65	1	109919	player+silence	uade	Protracker compatible	0	59496	897b8028	6b96bdc5	UGA/BLAHA/NICEJOKE.MOD
d3ef3303fb1869badea0752b4b1ca285	1	394952	player	uade	Protracker	0	398566	bd1be74b	0fa0c688	UGA/BELLEC/CRZYBABY.MOD
d466ef21da64b9a996de3f4ac0a19284	1	103733	player+volume	uade	Protracker	0	68692	9b600c8f	8bf12e15	FREEWARE/FREE06/MIDNIGHS.MOD
d496cf7f9d488324a409ab5654565f8a	1	196037	player+silence	uade	Protracker compatible	0	142538	f070e557	3f7228dc	UGA/BLAHA/HEAO.MOD
d554971e3bf9b5a1cb1d4093ac12c3c4	1	74529	player	uade	Protracker	0	42390	dcabc421	7c674d97	FREEWARE/FREE07/ORFINISH.MOD
d561da7706006f9acde3cf84c8b54954	1	138369	player	uade	Protracker compatible	0	76490	5c593f0a	b0861153	FREEWARE/FREE07/PIANOII.MOD
d590cd5844c5f897dd6399dbb51e3cbd	1	130693	player	uade	Protracker compatible	0	160320	dc14d9f5	f93f9f11	FREEWARE/FREE01/AJPARKER.MOD
d593f6d92d9f888c53b2deaa9131614a	1	368770	player	uade	Protracker	0	121164	aaa38d71	76825732	UGA/LYNNE2/FLETCH.MOD
d5bbd37fe4d7511fddb24ba7d5814de9	1	281198	player+silence	uade	Protracker	0	146958	c27b61ca	925afad4	UGA/OTIS/NORACISM.MOD
d5cf74782a32215c906c309bd1126959	1	179543	player+silence	uade	Protracker	0	140706	5b8a7860	b3200980	FREEWARE/FREE02/DEKKA.MOD
d615a1e2272905589496d15db0ef37c1	1	553094	player	uade	Noisetracker 1.x	0	177624	99913feb	777f6d24	FREEWARE/FREE09/STREAMFL.MOD
d6443e74deec3e255353a400f6720c10	1	403332	player	uade	Protracker	0	169810	f8900aa4	3abb3e90	FREEWARE/FREE08/SLAVEYAR.MOD
d71fe872908a5be411acf815da592dd3	1	200644	player+volume	uade	Protracker	0	392626	7122e3d2	e789c66d	FREEWARE/FREE09/STYLEBL.MOD
d749d8838b52f7336e54f13978db30d8	1	301269	player+volume	uade	Protracker	0	87274	1c15435b	a9c2ce02	UGA/HERR/THIRDAGE.MOD
d81f5e2bb3d2b3bf8147b9b31f01a2e5	1	147100	player+silence	uade	Protracker	0	121894	32223519	1464148f	FREEWARE/FREE06/NITESKR.MOD
d9164dadb3f034d410bc46c5388fa13e	1	141001	player	uade	Protracker compatible	0	120768	c9cfab41	bc356da8	FREEWARE/FREE05/LASTWALK.MOD
d94da74d8c06a2a65fa9929299e3c8a7	1	122997	player	uade	Noisetracker 1.x	0	43200	46828cd6	b921c48d	FREEWARE/FREE06/MINIMIKE.MOD
da5ed7b6126483363b7467dc21087348	1	215149	player	uade	Protracker compatible	0	71526	9a662c68	a2d448f5	FREEWARE/FREE10/VOYAGER.MOD
dad57bf89526f75174d5b0e80978e026	1	141771	player+silence	uade	Protracker compatible	0	67274	ba22deeb	f67df254	FREEWARE/FREE01/AIR.MOD
daf0a884a544db3fb420e681d0d76234	1	151350	player	uade	Protracker	0	175074	df5a25c6	38758c19	FREEWARE/FREE03/FLOWER.MOD
dbccd5371f8ea31fec30d377f2d2aa79	1	148597	player	uade	Protracker	0	187718	65db634a	694da79e	FREEWARE/FREE08/SLIDER.MOD
dbe33830461f69a48256ddcfee3e4189	1	161397	player	uade	Protracker	0	75158	3e73c529	63d0dcfd	FREEWARE/FREE08/SHADOWS.MOD
dc302ebc9e0f7ca255d45ab860ec5121	1	157579	player	uade	Noisetracker 1.x	0	91034	a5182ea0	17d782e0	UGA/LYNNE5/SMOKE.MOD
dca56820177d54acf6979d5d52176993	1	214325	player	uade	Protracker compatible	0	114112	961d921b	1b16fa00	FREEWARE/FREE04/FREAKED.MOD
dcfebfe30af0428657751ff797aaabaa	1	322693	player	uade	Soundtracker II (31 instr.)	0	129102	83c59730	4220853f	UGA/STOOP/FORBIDDN.MOD
ddf26c2b74f4309453776940708c8202	1	272585	player+silence	uade	Protracker	0	163320	571f9354	b337ecaa	UGA/TIPPMANN/BORN.MOD
de0e485050d780b1865868e2ca5bb328	1	199978	player	uade	Protracker	0	122734	34e0cccb	75c0bb51	FREEWARE/FREE04/HALLOF.MOD
def3337df9f20ef2c821cf8b3ef67960	1	218194	player+silence	uade	Protracker	0	222158	3407c290	d7590cd7	FREEWARE/FREE04/HARAKIRI.MOD
df0c096ee2cae7f121e536a9207fce6e	1	122997	player	uade	Protracker	0	69432	41f78234	68d0b5ee	FREEWARE/FREE06/NITESHDW.MOD
df387d9e6436e12bb92cff5f8ca7eea6	1	291969	player	uade	Protracker	0	103978	0d030c12	a5453dce	UGA/ETTEN/SECOND.MOD
df7c9d42d3c9116bfa8c8240c7e72eb6	1	211331	player	uade	Noisetracker 1.x	0	110588	fd7458a2	84acf4ba	UGA/LYNNE1/APLACE.MOD
df8f5591c1f9be58d1eeab3ed76a918f	1	205358	player+silence	uade	Protracker compatible	0	84558	4378bfb0	8a214b1e	UGA/BARATTE/RIDE.MOD
df94f91f7d2224f1354f56a6a00de276	1	153424	player+volume	uade	Protracker	0	125382	b8ad9052	a72ced12	UGA/LYNNE6/SUSHI.MOD
e13f4c5e100ada4b1fe02e6a3f397958	1	169093	player	uade	Protracker compatible	0	144204	3d530546	e80a6d3f	FREEWARE/FREE07/ONEWAY.MOD
e20aaa380e727974f50ff94cc59b5d67	1	153602	player+silence	uade	Protracker	0	82608	c10439b2	44c9665f	FREEWARE/FREE03/EXODUS.MOD
e297022e75d0f3ba3b0707d7f94ddd3a	1	235565	player	uade	Protracker compatible	0	127102	86af862a	88d8938d	FREEWARE/FREE09/SOFTSYNT.MOD
e30dde7744ed2350061baf63aaae20c3	1	344134	player	uade	Protracker compatible	0	127640	b4b3f06d	f76581e6	FREEWARE/FREE07/PLANETS.MOD
e318aeff3a1ee40501c98e015dff9cd1	1	120183	player	uade	Protracker compatible	0	98484	1c76e4be	d4384e2c	FREEWARE/FREE01/ANEWGUY.MOD
e3731b1c96f7f197d7a42c5674166592	1	119179	player	uade	Protracker compatible	0	42720	0ee439ac	1f2de61e	UGA/LYNNE4/LAIDBCK4.MOD
e3ae7f321141fe3e61472da61ed04c52	1	259919	player	uade	Soundtracker II (31 instr.)	0	102162	06cf7f0d	6d35a392	FREEWARE/FREE04/HELICO.MOD
e47caa2c3efe618da0f34280f5dd93af	1	436427	player	uade	Protracker	0	161660	b594ef87	4c9a7327	FREEWARE/FREE07/OBSTACLE.MOD
e4ef419471141b4aad57db507ffc4972	1	251216	player+silence	uade	Startrekker (4ch)	0	215486	08e8d296	11fe637d	UGA/SOLAR/GETUP.MOD
e5233ca72d658629d6f5f32885be41bc	1	287974	player+silence	uade	Protracker	0	187620	44fc9bb5	c4de9be2	UGA/BELLEC/LASTAGE.MOD
e540c2f85c275b4239797247b4ab51ed	1	201726	player	uade	Protracker compatible	0	200556	e6f5bec6	2ca763ba	FREEWARE/FREE02/COLD.MOD
e5f699eceb97a49097e789089ffd2faf	1	289417	player	uade	Protracker compatible	0	166504	04d9c0d4	6fe820fa	UGA/BARATTE/BACKSTR.MOD
e618ef426a22ee49db60c18bf2b01fcc	1	283348	player+silence	uade	Protracker	0	136558	14f78bee	45c237e0	UGA/LYNNE2/FABIOUS.MOD
e68da0e4a2f2f50d6ae3d8a5ab5e57a1	1	248414	player+silence	uade	Protracker	0	137064	23f79df9	dfafc785	PLAYERS/MOD2MIDI/GUITAROU.MOD
e6a34cc0d3a02e0fe6da2eec06e2393d	1	241935	player	uade	Protracker	0	164002	bdaf1f22	dfaf9544	FREEWARE/FREE09/STEALTHE.MOD
e6da553946e037642a8a780d1d35486d	1	294960	player+silence	uade	Protracker	0	125358	872068c5	b6f6a929	UGA/BOSSIER/COUNTDOW.MOD
e745ba32d41c2aefe4a0024e3905e694	1	51320	player	uade	Protracker compatible	0	157562	cf216684	ce472b11	FREEWARE/FREE08/SATURN.MOD
e758e35585b1113b0bffb03d47d484ee	1	78829	player	uade	Protracker compatible	0	70206	1d1bce29	7f5afd07	UGA/LYNNE3/JUST.MOD
e7845446767e473a7b44b54fbc6d5ff1	1	122997	player	uade	Protracker	0	127690	00a8b9c2	3251263c	FREEWARE/FREE10/WET.MOD
e7a6790d9c3081de1dd7733c871569f3	1	122997	player	uade	Protracker	0	79858	989fcd62	6be63f83	UGA/BOSSIER/WIND.MOD
e87c022535bd28b8d82a05ed49e3b1a0	1	405562	player	uade	Protracker	0	116818	fc98d2a6	88aeb3b5	UGA/LYNNE1/ABBIE.MOD
e8e4218be1dbb3ec6dceef9583086204	1	146045	player	uade	Noisetracker 1.x	0	94848	f055c435	3fbcad83	FREEWARE/FREE01/ALIEN.MOD
e93da5a68b128afade7333962f9f9954	1	112777	player+silence	uade	Protracker	0	117778	b14f02dc	726314fe	FREEWARE/FREE04/HUSHFIT.MOD
e9467dc3f66315875685290155fc5893	1	330716	player+volume	uade	Protracker compatible	0	88146	a30ed7e1	6ced0ddd	FREEWARE/FREE01/BETWEEN.MOD
e94778164d9854130bc6c5dc6ec54331	1	149542	player+silence	uade	Protracker	0	59388	c9b06610	9b86f480	UGA/BOSSIER/LULLABY.MOD
e9794b9114663f51c674078d2bd12acc	1	153741	player	uade	Protracker	0	58402	b0fbfb29	b42e4f53	UGA/ETTEN/UNKNWNAC.MOD
e9878fe693b91493870d6b9bfee6dee5	1	199797	player	uade	Protracker	0	148334	b2e78d2f	7ca6dc0e	FREEWARE/FREE01/DUNEINTR.MOD
e9d6c42fc8d3ccb79ed573cca11395c9	1	99968	player	uade	Protracker compatible	0	103516	753207f5	33f47683	UGA/LYNNE4/LEGRIND.MOD
ea7c3a42143bedf3a1c0cc48a8d4596d	1	247693	player+volume	uade	Protracker compatible	0	88446	0c7af0d3	7a796bbb	FREEWARE/FREE03/FORMALFU.MOD
eb0b481c5626d47bee4198015fe00f03	1	166521	player	uade	Protracker	0	102860	8ac5d40a	f38efb5e	FREEWARE/FREE09/SOLITAIR.MOD
ebd6791eb7598c0f1c401e39d0e2c926	1	69224	player	uade	Protracker	0	68814	97c31dfb	648c681b	UGA/ETTEN/216BC.MOD
ebf46894491b741a6e9b644b238f78f9	1	71655	player+silence	uade	Protracker	0	50000	368d923b	552a5682	UGA/LYNNE1/BLOOD.MOD
ec06f7058beaf576e179cc224749faa9	1	90085	player	ft2play	Fasttracker (M.K.)	4	39347	ea5c7ef4	561d8f25	FREEWARE/FREE01/UMGAH.MOD
ec06f7058beaf576e179cc224749faa9	1	90085	player	ft2play	Fasttracker (M.K.)	4	39347	ea5c7ef4	561d8f25	UMGAH.MOD
ec4f202a7fac685424042cd01d6214ff	1	246826	player+silence	uade	Protracker	0	158614	81745453	d759e483	UGA/OTIS/DANCEFEV.MOD
ec698631a20744a77376c6477bfc4d41	1	285157	player	uade	Startrekker (4ch)	0	139086	30e7ec0f	ab9825c9	FREEWARE/FREE09/STRTLIFE.MOD
eccd9a206093eaad0926edc15662107b	1	174840	player	uade	Protracker compatible	0	213608	6e060582	34cda699	UGA/LYNNE1/COOKING.MOD
ecdc1ddb21ce7698e05e4c18d230545a	1	169500	player+silence	uade	Protracker	0	193120	57805c5e	45139a8d	UGA/LIND/SERIOUS.MOD
ed1eca68af0e646e3eca989725920b40	1	245893	player	uade	Protracker	0	94596	ea97d827	5c268364	FREEWARE/FREE09/THELONEL.MOD
edc93d4112f297b6777365ea7a6d2bdb	1	169093	player	uade	Protracker	0	161352	8fdef0a2	c51f7437	FREEWARE/FREE02/DAWN.MOD
edef325fc4c887513ff415cbf1138de2	1	433580	player+silence	uade	Protracker	0	418514	26963295	6bea2eba	UGA/SIDEWIND/THEBODY.MOD
ee1259bb5acf5f62ae96192cc398be84	1	241191	player	uade	Protracker	0	264536	f6f4ab6e	96a89273	UGA/TIPPMANN/AMBIENT.MOD
ee1fe045b3c170a10bba6604e3dcad0a	1	203635	player	uade	Protracker	0	180446	fc08ee1c	920bfd35	UGA/LYNNE4/MADHOUSE.MOD
eeb53251dfcee0dfa67670dfc7d8e61b	1	237760	player+silence	uade	Protracker compatible	0	118116	6662f891	69a77db6	FREEWARE/FREE01/BLUE.MOD
eed3162550be4224d9d12400cae1bde2	1	107297	player+silence	uade	Protracker compatible	0	92208	7467a459	2e1869f8	UGA/LYNNE4/NOONE.DOC
ef1593227bcc44346aa82649f3610d24	1	35968	player	uade	Protracker compatible	0	15786	63a709fd	2bc0f47e	UGA/BARATTE/EASY.MOD
ef332c1f1d65815824a592e1343d6235	1	143297	player+silence	uade	Protracker compatible	0	80240	e5737d7d	0484f84b	UGA/LYNNE5/RAA.MOD
ef595fc9a6bae2e6da3d190825b96130	1	130693	player	uade	Startrekker (4ch)	0	68404	17a5fe2f	ad374507	UGA/SOLAR/LAMER.MOD
efb18c411c89e3ed38acb563ad4f4aee	1	229577	player	uade	Protracker compatible	0	115260	10b6257d	0efb225a	FREEWARE/FREE10/THUNDER3.MOD
efcaf1f1a6e50f771ca21d703e700dec	1	192141	player	uade	Soundtracker II (31 instr.)	0	60806	f87b0e08	621a5caf	FREEWARE/FREE07/POPUP.MOD
efeed8c305fb68f978de864a120e622f	1	27167	player	uade	Protracker	0	49278	9a82e3f4	386c068b	UGA/LYNNE5/SHANGHC2.MOD
f0628698c5209d5e2b1ebf7d3423602c	1	173766	player+silence	uade	Protracker compatible	0	34688	0ab2c055	8e79e483	UGA/LYNNE2/EMPTY.MOD
f062c6db145b9a203f1870341d737179	1	345721	player	uade	Protracker compatible	0	120318	7792028d	11197482	UGA/BARATTE/ARTIC.MOD
f0cd18378651e43c1599d366f058981e	1	134531	player	uade	Protracker	0	62810	8897400d	6f89c70c	FREEWARE/FREE10/WELCOME.MOD
f0e12c2c130758af7fb56ad9ed2c6e4d	1	84074	player	uade	Protracker	0	129828	ef2acb4c	8ed6b828	FREEWARE/FREE06/NEGROOVE.MOD
f0fa82db698f788ae477e41c3e169bc8	1	329321	player+silence	uade	Protracker compatible	0	88726	ef56dac5	b9b5da44	FREEWARE/FREE08/REVENGE2.MOD
f16d3b2407ad0af99efe29534c1cd5db	1	284414	player	uade	Protracker compatible	0	118072	a6e72b55	994f742e	FREEWARE/FREE01/AKING.MOD
f1b887b3f607e02cd6825c319191b9aa	1	120123	player	uade	Protracker	0	136660	77db1344	a240b9b9	FREEWARE/FREE07/ODYSSEY3.MOD
f2228ab16c14b12a89713a93c311a0cb	1	400610	player+silence	uade	Protracker	0	93046	a09b977b	3c008b32	UGA/HERR/MURDER.MOD
f22ab775dc4c94a1146a732855c8c1a0	1	238197	player	uade	Protracker	0	91020	03c53c76	89ef20cb	UGA/TIPPMANN/ORIENTAL.MOD
f2735700f2b18db8e5f41bca5ac4077d	1	208270	player+silence	uade	Protracker	0	198006	edf89550	6ee64230	UGA/TIPPMANN/DREAMING.MOD
f31d73e03771cbe8e7e04dbf4af15183	1	55781	player	uade	Protracker	0	89782	cdebcc86	68293944	UGA/SIDEWIND/SIMPL.MOD
f3a3306e7286045f452e0dc135ffc0ff	1	222804	player+silence	uade	Protracker compatible	0	122616	4731f460	d41195a3	UGA/BARATTE/BEHIND.MOD
f3b946cb5ad22bb4a7cb2824970b6fcd	1	265244	player+silence	uade	Protracker compatible	0	187336	c562a2da	1577ec41	UGA/LYNNE6/SOLARD.MOD
f4434666d1b063536f4b210a0966cce7	1	57433	player+silence	uade	Protracker compatible	0	48516	d671cd1b	be9fe46f	UGA/LYNNE2/GAZZA.MOD
f460c682299bc66cee0d4cbf517ddc24	1	245893	player	uade	Protracker	0	73720	55138730	3e08ff72	FREEWARE/FREE09/STULTIF.MOD
f502f2a9f30e7d6c6ef8f9276508c393	1	146045	player	uade	Protracker compatible	0	77810	f7353ee3	668185c0	UGA/BARATTE/JOURNEY.MOD
f52ab4404c0652715c5c7670e1d8ce01	1	96130	player	uade	Protracker	0	323384	12fb6648	8a168b9f	UGA/TIPPMANN/NOFATE.MOD
f53a2ad4c1fa0b1b54b7113f3c8a53dc	1	328629	player+silence	uade	Protracker compatible	0	188416	8896f9d5	2c2fe107	FREEWARE/FREE02/DAISY.MOD
f54e22ad05c4dd238ecfca42fb27464c	1	315984	player+silence	uade	Protracker	0	102702	0122da9a	f9b40019	UGA/BOSSIER/MEGASONG.MOD
f56af8328400c9b123bcfefe527ce3a4	1	202585	player+silence	uade	Protracker	0	252652	5c9f6264	c29d9d99	UGA/TIPPMANN/CENTERED.MOD
f661d36ef7ce8c395e4a75a7c7e533f3	1	143533	player	uade	Protracker compatible	0	73054	89655c56	5e8f196d	FREEWARE/FREE06/MMIMUSIC.MOD
f714a433b58a4d731e6ce09aa424dee6	1	116586	player	uade	Protracker compatible	0	150800	9b18b768	c7674469	UGA/LYNNE6/THEDJ.MOD
f8327e7211b2992baf09c1a207f39112	1	330369	player	uade	Protracker	0	82018	0a313c3e	69da3405	UGA/STOOP/MER.MOD
f8708b50fdfc04534a0ad830b88f17c0	1	435985	player	uade	Protracker	0	325290	d9c05248	fc15b131	FREEWARE/FREE01/2UNLIMIT.MOD
f8c7be07e5be4b0b17c8683671dc469b	1	46216	player	uade	Noisetracker 1.x	0	34132	93f6838c	9ccc3d51	FREEWARE/FREE04/FUNNY5.MOD
f8dcb40527fbcde686f8649c50dda793	1	199797	player	uade	Protracker	0	137784	b132614e	67933c8a	UGA/TIPPMANN/MYDREAM.MOD
f995dd555b30c86a27b41a8832584e88	1	92714	player	uade	Protracker	0	67534	598fd2da	2848a64c	UGA/LYNNE3/KV4.MOD
f9a44cd508a7f4e8b2d780819ea3cc10	1	299645	player	uade	Protracker compatible	0	140650	b6a8b63f	cfb88a59	FREEWARE/FREE07/POSEIDON.MOD
fa893f4f29dc6f668e3757c2e4271e78	1	89720	player	uade	Protracker	0	53412	1aceb3d2	1cec40ea	UGA/LYNNE5/SHANGI1.MOD
faef1adc6cfa80cb1f8c706d42849450	1	102520	player	uade	Protracker compatible	0	106936	cdccca5a	629bb69c	FREEWARE/FREE04/GOWITHME.MOD
faf05f26747507eee485fc4d51b99c98	1	103425	player	uade	Protracker	0	44362	f2519c78	cc096939	UGA/LYNNE3/KV2.MOD
fb6f92042857aa4ed131429f251e8ea2	1	122997	player	uade	Protracker	0	133376	052d3a9a	aef5f18a	UGA/STOOP/DOIT.MOD
fbb51bce586b304bf9691922b2b0d80a	1	80758	player	uade	Protracker compatible	0	100470	9b4d49b6	7ff2272f	PLAYERS/SBSTUDIO/BEAT.MOD
fbb51bce586b304bf9691922b2b0d80a	1	80758	player	uade	Protracker compatible	0	100470	9b4d49b6	7ff2272f	UGA/BARATTE/BEAT.MOD
fbd23a8f6d7dedbf2bdc51d7c271ee95	1	31467	player	uade	Protracker compatible	0	49200	ccbb83c9	4078bdeb	UGA/BLAHA/OLDBEST.MOD
fc1e0771fa1e3693f1dd6b60284a03f3	1	156931	player+silence	uade	Noisetracker 1.x	0	102434	a66d3ca0	c12e267f	UGA/BLAHA/MAXWELL.MOD
fc374836175005594b4bceeeb343a6ac	1	198040	player+silence	uade	Protracker	0	222640	d4ad2cba	83745c1c	UGA/TIPPMANN/HOPEFUL1.MOD
fc3d17e630ae8816dff25d6398ccee3f	1	230541	player	uade	Protracker	0	89780	d48962ab	0b56555f	FREEWARE/FREE09/SONG1.MOD
fc96fce5c44f7336f7dee018dcd17edd	1	120806	player	uade	Protracker	0	78934	1a400208	e5680da8	UGA/LYNNE1/3CNL.MOD
fdfe03c6e7765c8f5e208019e9052876	1	212697	player	uade	Protracker	0	147932	20bff6b2	36e8b7c2	UGA/LIZARD/ELIMIN.MOD
fe093c6b49f57617b80c9529848c8040	1	139822	player+silence	uade	Protracker compatible	0	128630	499e07d8	c67998f9	FREEWARE/FREE02/DAYBYDAY.MOD
feff4f1b16ac61de905a22f2e5159d79	1	289839	player	uade	Soundtracker II (31 instr.)	0	103464	dc8c33b3	afb45ba7	UGA/HERR/PERFIDY.MOD
ff039dd696786cd06f1a50c98c05806a	1	146045	player	uade	Protracker compatible	0	85834	74a81a7b	6636d30a	FREEWARE/FREE04/HARLEY.MOD
ffdab7cfa3053bc2698e918c9f4db913	1	483588	player	uade	Protracker	0	369130	bc7a3c87	6d34138b	UGA/SIDEWIND/TALESII.MOD
