0000578463ef1f36e4bf42506c418ded	1	256141	player	uade	Protracker	0	74406	4ec7251d	63270def	MUSIC/MODULES/G/GOLDEN.MOD
0012b94a7eecf4b1056d11cb13fba259	1	166521	player	uade	Protracker	0	94370	6594e8a0	dd96e4a7	MUSIC/MODULES/F/FASTERON.MOD
002858698163a6afad5e97fd98eea2bc	1	149633	player+volume	uade	Noisetracker 1.x	0	163394	b6883ccc	85e70892	MUSIC/MODULES/F/FLASHCON.MOD
006021cd65334396d27419f26fc9b438	0	205426	player+silence	uade	NoiseTracker	0	112416	42310a30	5def18a3	MUSIC/MODULES/E/ECHO.MOD
00e83979e0fdfc2e4ce908aaad721117	1	69224	player	uade	Protracker compatible	0	100542	0f54ece2	28db6f28	MUSIC/MODULES/C/COCACOLA.MOD
01c31d8c707541481526785f4a40c25d	1	214345	player	uade	Protracker compatible	0	140154	39e5aa82	047e4efe	MUSIC/MODULES/F/FLASHDAN.MOD
01fab14fac7dff8fed79898cf034265f	1	115321	player	uade	Protracker	0	75462	68ce143e	6b702980	MUSIC/MODULES/F/FEELIT.MOD
049b92211454200739a6201a84a142de	1	365333	player	uade	Protracker compatible	0	66362	f816f107	f33e404f	MUSIC/MODULES/V/VIVAREV.MOD
04d97822bee6d4ddda68ce99d47ed5a7	1	84616	player	uade	Protracker	0	79996	849d65bf	5fa45400	MUSIC/MODULES/B/BLUEMOOD.MOD
06b530dfe2a479f440bb5376114c7029	1	138730	player	uade	Protracker	0	53690	9e0976c1	1ba8c328	MUSIC/MODULES/R/RJRAM3.MOD
0730d8b37813b859bc50ea0be5247c76	1	107645	player	uade	Noisetracker 1.x	0	24188	3ae44f5c	5d4d26f8	MUSIC/MODULES/C/CHIPGENE.MOD
077749b1699e0ad56830e2b43cf6be1f	1	234359	player	uade	Noisetracker 1.x	0	159444	b38eaf85	d9b8eb9e	MUSIC/MODULES/T/TCB.MOD
077749b1699e0ad56830e2b43cf6be1f	1	234359	player	uade	Noisetracker 1.x	0	159444	b38eaf85	d9b8eb9e	UTILITY/IBMPC/WHACKER/UNPACK.EXE/TCB.MOD
07f6c9c3bf8964c35537f2bd55085146	1	169093	player	uade	Protracker compatible	0	161372	0a4c06da	0c7d1955	MUSIC/MODULES/D/DAWN.MOD
081563193a67698c4064f9c7b701d1fb	1	99968	player	uade	Soundtracker II (31 instr.)	0	121596	8491293c	207fbac4	MUSIC/MODULES/I/INLOVE.MOD
084b703a933c1fded923649eff398657	1	251920	player+silence	uade	Protracker	0	161638	a45f9b05	430adbd0	MUSIC/MODULES/T/TAKETIME.MOD
08f52fcbeef41ce37e65eaca8ae6af8a	1	143493	player	uade	Protracker	0	101248	c172d4c3	611c64f0	MUSIC/MODULES/P/PLASTIC.MOD
09b1ac667186a0a14ddd087f9a7254e3	1	436095	player+silence	uade	Noisetracker 1.x	0	134806	81b36d39	92360b7e	MUSIC/MODULES/I/IMAGINE.MOD
09d2d8c93857f4a94a4a59208ab98628	1	130693	player	uade	Protracker compatible	0	40164	40ec7ebe	7ba87112	MUSIC/MODULES/B/BLADERUN.MOD
09d83b2407180c2c44abab767288fa21	1	107645	player	uade	Noisetracker 1.x	0	52664	b3f073c8	39485c99	MUSIC/MODULES/M/MUZAC.MOD
09dd80b2a3d90a8fc744602d1c17d9c4	1	192141	player	uade	Protracker compatible	0	56958	5351f303	15f12779	UTILITY/IBMPC/MODPLAY/V48.MOD
09df390f396e55bfddb92f4bc2068741	1	115321	player	uade	Noisetracker 1.x	0	97224	7c9d5562	229d3189	MUSIC/MODULES/R/ROLLOUT.MOD
0a37c84c8f2486c867a6c87fb3883377	1	291969	player	uade	Protracker compatible	0	86260	1b420b5c	7b95e8a1	MUSIC/MODULES/C/CASTLE.MOD
0a37c84c8f2486c867a6c87fb3883377	2	80758	player
0a4e1ad99b2b8bbeb4fde1e1542d394b	1	82165	player	uade	Noisetracker 1.x	0	47648	d60da1b0	bc017341	MUSIC/MODULES/Z/ZLASK.MOD
0a775f063fa6a54ebb5ef860a803caa9	1	119179	player	uade	Noisetracker 1.x	0	99948	19f883d3	525b721f	MUSIC/MODULES/L/LIFESTY1.MOD
0b2cd5de3cc14da17f7d1bf28b18f6ca	1	386215	player+silence	uade	Protracker compatible	0	139222	7aa53225	ba99c10a	MUSIC/MODULES/T/TRUST.MOD
0bbf1609947835b05eca166081260481	1	138369	player	uade	Noisetracker 1.x	0	55476	510b6141	6902971a	MUSIC/MODULES/R/ROCKING1.MOD
0be91ffe83cf7ddf95f22e079266bd78	1	230541	player	uade	Protracker compatible	0	70388	105b38f9	215de516	MUSIC/MODULES/I/INTHEAIR.MOD
0bf9e6c5e1b4a452e5fb9846d09d1a48	1	230541	player	uade	Protracker compatible	0	149846	8a2825cd	13add0a1	MUSIC/MODULES/T/THUNDERF.MOD
0c2527f902963b920070812abed72a83	1	252283	player	uade	Noisetracker 1.x	0	124390	166c5188	2bb34e93	MUSIC/MODULES/C/CANYONFL.MOD
0c2c146122b96c8a3cb8e835fc9378fe	1	78829	player	uade	Protracker compatible	0	59882	9d47a42e	40cd77ba	MUSIC/MODULES/T/TIGER.MOD
0c76a681025580fa97db07699f181639	1	294665	player+silence	uade	Noisetracker 1.x	0	99590	cb4fc5b9	2a8fbf9d	MUSIC/MODULES/C/CREATION.MOD
0d48f53e1a9b9f8d941ec73af9427870	1	206207	player	uade	Protracker	0	43958	cdfe051b	8c4d87d4	MUSIC/MODULES/T/THINGCG.MOD
0d783f772c771de3e123c33f5980cbc0	1	353086	player+volume	uade	Soundtracker II (31 instr.)	0	107676	ee438d2e	b6a3a92c	MUSIC/MODULES/A/AT-LAST.MOD
0dbe68202a4f8c7d8dd9f3572432a299	1	286657	player+silence	uade	Protracker	0	81786	1272a22d	d6170e15	MUSIC/MODULES/H/HARDROCK.MOD
0dd6bc5659f5770ef3e10dd4560dca08	1	227688	player	uade	Protracker compatible	0	223626	c3e58290	bd391b4d	MUSIC/MODULES/P/PLEASURE.MOD
0e43f95ba15924ea44a0a74b788e68e6	1	159809	player	uade	Protracker compatible	0	72322	c5f1bf2a	569c8b92	MUSIC/MODULES/S/SOMEBODY.MOD
0e46af4cf093eb3d51d908bc73c94c5a	1	245893	player	uade	Protracker	0	65940	be848a74	7f4647d6	MUSIC/MODULES/E/EXP.MOD
0f32d9822a36bee9bf01fe8e4caed4ee	1	111681	player+silence	uade	Protracker compatible	0	171228	8456819f	e310df0e	MUSIC/MODULES/D/DREAMING.MOD
0f429b76036964785a6aa72b30cb6986	1	82044	player	uade	Protracker compatible	0	105838	25b6c433	0c011e57	MUSIC/MODULES/C/CALM.MOD
10239d27865466b86b75cc9146375d3e	1	188283	player	uade	Protracker compatible	0	208298	38b36dc6	c84673f7	MUSIC/MODULES/X/XTASE.MOD
1079ae9be3b762aebf28d5508321037f	1	62051	player	uade	Protracker compatible	0	36370	32191482	78dbf002	MUSIC/MODULES/L/LETSNOW.MOD
11a79ff1cf538a1e6ac247b236b6c30d	1	76920	player	uade	Protracker compatible	0	77168	da1fbf0d	7e1776c2	MUSIC/MODULES/S/SADHISTO.MOD
11c2815d2c2891f447a42622df273724	1	146045	player	uade	Protracker compatible	0	85834	76ef62a5	bd108d3e	MUSIC/MODULES/H/HARLEYMU.MOD
11db3e675f75ea86c309ae729fe9c78d	1	172931	player	uade	Protracker compatible	0	43284	317603d8	350720e5	MUSIC/MODULES/Z/ZEPELINE.MOD
11df5f57404646275441b30972e45757	1	311621	player	uade	Protracker compatible	0	151702	ca3e9507	51af0046	MUSIC/MODULES/B/BRIDGE.MOD
123fab45f98afcd08ea62b6d25e7dbca	0	0	nosound	libopenmpt	Game Music Creator	4	6244	e46aa0e3	a17c54bc	SAMPLES/INSTMNTS/B/BODSMOOG.SND
127886bdd9661436ede6a1edf6273562	1	160573	player	uade	Noisetracker 1.x	0	145458	b37e1f41	5f698690	MUSIC/MODULES/X/XTERCSTU.MOD
12cffbd29e53ef8d2838a0522ee9dd7e	1	416132	player	uade	Protracker	0	121390	ae415e18	2796651c	MUSIC/MODULES/A/APOCALYP.MOD
1311f651fa0f4df4152369706cb8a046	1	235411	player+volume	uade	Noisetracker 1.x	0	222058	4a76122e	83e9e6c7	MUSIC/MODULES/R/RVLUTION.MOD
1346d694acc08dbdcd35fba0d4e7aa3c	1	315017	player	uade	Protracker	0	69022	43ce6675	cbd54b6e	MUSIC/MODULES/G/GODZILLA.MOD
13501f4d05c5e22712102b34af5b8b71	1	64442	player	uade	Protracker compatible	0	44120	cabc74df	35e70bf8	MUSIC/MODULES/S/STORM.MOD
13a839a40f7a00512a5bd1b4e82edb7d	1	176875	player+silence	uade	Protracker compatible	0	147818	995de645	03b7a0e3	MUSIC/MODULES/R/RAGGTIME.MOD
147024e256406ba4b313fd7204c638cf	1	128121	player	uade	Noisetracker 1.x	0	97664	618063e0	c4defec1	MUSIC/MODULES/H/HALLOW.MOD
14d309f30663a101a21d848192e785d4	1	99968	player	uade	Noisetracker 1.x	0	50860	fb5764bd	158db364	MUSIC/MODULES/P/PARTINGS.MOD
14e6f149c9e1386cd4a890377c119bd0	1	146045	player	uade	Protracker compatible	0	53138	a459864d	755d57ad	MUSIC/MODULES/C/CHOICE.MOD
15b11fd78516da87edd5fb4d03dadb47	1	180607	player	uade	Protracker compatible	0	86500	f64dc791	271b9908	MUSIC/MODULES/K/KILROY3.MOD
15cc0d540b25eb15b79c20a23c258c6c	1	246536	player	uade	Protracker	0	149170	db3a3f85	fcc24f79	MUSIC/MODULES/T/THATSALL.MOD
15fa93b88a8c644e4d224de0e322ec7b	1	249731	player	uade	Protracker compatible	0	110610	00a64008	d0db174b	MUSIC/MODULES/D/DEMONOLO.MOD
1600947b0edc497bb8790df9785a58ee	1	176769	player	uade	Protracker	0	131276	08befd84	e5ebed61	MUSIC/MODULES/N/NOTJUST.MOD
16705db6ba2932f224335b79e4a5f4ec	1	199797	player	uade	Noisetracker 1.x	0	85282	5f91c61a	66d690fa	MUSIC/MODULES/I/INDREV42.MOD
167998b4c955f351b63b05971ec7ab37	1	296048	player	uade	Protracker compatible	0	137356	fbb69842	e1d0263c	MUSIC/MODULES/P/PHANTASM.MOD
16af9bc9ed6cebcc6e818f511d64dea0	1	57730	player	uade	Protracker compatible	0	48054	a308502a	6da38948	MUSIC/MODULES/M/METROCRO.MOD
16dae1a2a2c09c2d0903274abb0578d1	1	70852	player	uade	Protracker compatible	0	54404	b2a6866e	ca5f7b81	MUSIC/MODULES/R/RAINBOWI.MOD
177650e7abf953f28454b9295813d061	1	180089	player+volume	uade	Protracker compatible	0	123204	03d25a7a	48378fe0	MUSIC/MODULES/H/HLRUNNER.MOD
17dd120ef98678ef69051aac2020a1d9	1	203635	player	uade	Soundtracker II (31 instr.)	0	79750	1858171e	4acbf2c2	MUSIC/MODULES/A/APROACH.MOD
17f82b155eb4bfff782d4760aa545a76	1	197245	player	uade	Protracker compatible	0	27396	a74a2b38	c08c0915	MUSIC/MODULES/M/MUSIX5.MOD
186df4c84ffd91b2efbddd62912cf543	1	120756	player+silence	uade	Noisetracker 1.x	0	109896	f6e42d7d	73e154d9	MUSIC/MODULES/U/UNKNOWN.MOD
197c51fd9f68e3e1a8b7b7989631d94c	1	291969	player	uade	Noisetracker 1.x	0	62800	49333484	47bed255	MUSIC/MODULES/S/SLEEPWAL.MOD
19b857b0b0d20bcfeed9d97fbdae036f	1	215149	player	uade	Noisetracker 1.x	0	120868	deb63f5d	f98d1f29	MUSIC/MODULES/V/VANGUARD.MOD
19f1f3e385f3ed76c1c3214b9ef3b8ec	1	252778	player+silence	uade	Protracker compatible	0	170610	966f1c7c	762238ca	MUSIC/MODULES/G/GALAXYII.MOD
1a8d6e13b5bd6902bb9c1f3be40f8d24	1	230541	player	uade	Noisetracker 1.x	0	58772	bb849016	5bfb6349	MUSIC/MODULES/A/AXK8.MOD
1a9942f32cfc1d9f79807cc089f7f875	1	146045	player	uade	Protracker compatible	0	39498	6fe0533c	d7ebfa5f	MUSIC/MODULES/P/PARADOX1.MOD
1ad6cebcd89cdd87aa7c84f65f2a2597	1	296129	player	uade	Protracker compatible	0	96956	9ae49a90	79c7f66a	MUSIC/MODULES/S/SLAPPYAN.MOD
1b5ca19bd5ac72e206921a3da6880fba	1	122997	player	uade	Noisetracker 1.x	0	71282	ea746c1b	840a383f	MUSIC/MODULES/P/POPCORN3.MOD
1be7c2fa4576ac866a81472f710a2b55	1	169001	player+silence	uade	Protracker compatible	0	64214	862f264a	cc19fe8d	MUSIC/MODULES/C/CBLUES.MOD
1bfc2eba2c562741b8b0973de0bb83d5	1	199258	player+silence	uade	Noisetracker 1.x	0	162014	5a496eb3	557bce74	MUSIC/MODULES/B/BLACKMOR.MOD
1c52faf3426fb96d8f933781504661c7	1	207493	player	uade	Noisetracker 1.x	0	73724	9ce036b0	1f7ba192	MUSIC/MODULES/V/VIRGIN.MOD
1caeeab46d68b107de27779db9441130	1	35968	player	uade	Protracker compatible	0	21898	2cce95d7	d78640a7	MUSIC/MODULES/M/MOREOVER.MOD
1cda6e9f2539e3fe16a2def1d2e719ec	1	249410	player	uade	Protracker compatible	0	102288	6f931a31	c576257a	MUSIC/MODULES/I/IMPONERT.MOD
1d570f06fa8d925001d4b09cd646108c	1	276597	player	uade	Protracker compatible	0	110696	e710e766	fe393344	MUSIC/MODULES/A/ARVIDS.MOD
1d8f972c2727515965d22c15d30af248	1	230541	player	uade	Protracker	0	121310	7874a6de	859a15ba	MUSIC/MODULES/S/SHOUTITO.MOD
1e2e49ae176756d97d7a66cd104a4530	1	138369	player	uade	Protracker compatible	0	40892	e94df7df	a20ad79d	MUSIC/MODULES/B/BLIRG.MOD
1e48925796f48bccebbb67e3defa3b03	1	379018	player	uade	Noisetracker 1.x	0	109922	879f9c25	b4ffccf2	MUSIC/MODULES/T/THUNDERS.MOD
1f293761615de9e1cd1eb606d2adefc7	1	254132	player	uade	Noisetracker 1.x	0	93602	91c60d60	429abdc3	MUSIC/MODULES/T/TKGI.MOD
1f3a7417f4f7468594f83fa71348f49a	1	222845	player	uade	Protracker compatible	0	94734	b5cea569	c81f355d	MUSIC/MODULES/M/MASQRADE.MOD
200660ae9b14c4919e641bace28124c8	1	38520	player	uade	Protracker	0	19132	dcca92b1	1b4106b4	MUSIC/MODULES/L/LOVEHARD.MOD
201e533c96e02134f986beca6c91777c	1	143803	player+silence	uade	Protracker	0	76054	a62a8001	abc1b6e1	MUSIC/MODULES/V/VERTIGO.MOD
2021f07bb59a260463aadc907954a7fb	1	251036	player+silence	uade	Startrekker (4ch)	0	48916	57d385b4	b5c14de3	MUSIC/MODULES/T/THEMEDRE.MOD
205bd53e6e195582cd617cb7e740a433	1	313731	player	uade	Protracker	0	124740	c5d5505d	daf1cb55	MUSIC/MODULES/O/OBSCURES.MOD
209f73625c04c076140bbfd57a7cb86f	1	182536	player	uade	Protracker compatible	0	68230	f153d3ab	22543887	MUSIC/MODULES/G/GOFURIT1.MOD
2174ff2a6ebaa6d0faa2b3707039ef67	1	384122	player	uade	Protracker	0	128920	e3a9453f	8af9a2a3	MUSIC/MODULES/E/EXORCIZE.MOD
21e82d7bd1c5774171e106a13b64a3f4	1	208056	player	uade	Protracker	0	68882	8b8b2236	3c029beb	MUSIC/MODULES/M/MANDLFRC.MOD
220237509cade92bdefa2fb39618cfc6	1	179043	player+silence	uade	Protracker compatible	0	137148	9b89fede	12f67d20	MUSIC/MODULES/X/XENOPHOB.MOD
2280caffbe36d467270b3b6aec1cb742	1	146045	player	uade	Protracker compatible	0	31084	bbe7e231	b07dd9eb	MUSIC/MODULES/T/TKGC.MOD
239adb4923f5885111cb98c62cea7a4e	1	69224	player	uade	Protracker compatible	0	75688	f1083a6b	6cfa640b	MUSIC/MODULES/T/TRAVELLI.MOD
23d0df54a24efe48a160a7bbbf2f86bd	1	121088	player	uade	Noisetracker 1.x	0	44536	b7320f6c	32e5ecff	MUSIC/MODULES/B/BLUE.MOD
241a6308d19f9ed544046f5afb3da425	1	255498	player	uade	Protracker compatible	0	105104	f670e40b	ff1d5d03	MUSIC/MODULES/J/JAMBOREE.MOD
2422fec18e492abbd36d4f22c3b54094	1	61568	player	uade	Soundtracker II (31 instr.)	0	52246	3d5c5f41	4757eae7	MUSIC/MODULES/I/INACTION.MOD
242b73118a8a91b743e6da533072d537	1	143199	player+silence	uade	Protracker compatible	0	80240	6111c8fb	a36344c9	MUSIC/MODULES/R/RAA.MOD
24de8ad359b910a0d1794bf4d18c6f7a	1	308607	player	uade	Protracker	0	91526	c41adedd	9d917261	MUSIC/MODULES/M/MICROWOR.MOD
2677e9614ee68910a3dd3370efa0f2b7	1	215149	player	uade	Soundtracker II (31 instr.)	0	99400	a8337dff	4ca4e260	MUSIC/MODULES/R/ROBOTRON.MOD
26a6d51e9c8d8d4118bbd0493509b1a5	1	315017	player	uade	Soundtracker II (31 instr.)	0	78216	d0f5f07a	dd50ba29	MUSIC/MODULES/D/DESERT.MOD
26b39e866c5e2f158092768cf2a23b76	1	199797	player	uade	Noisetracker 1.x	0	174280	23b4f9e2	d00a75be	MUSIC/MODULES/M/MATEYY.MOD
26b3d0a25fca5f1b6eed14ac0bf5a7bd	1	61568	player	uade	Protracker compatible	0	45430	eb2ea87d	a5419e56	MUSIC/MODULES/B/BALL2.MOD
2828c846ffa40622447898aacf759131	1	341903	player	uade	Startrekker (4ch)	0	142142	76ce0f2e	918c49b0	MUSIC/MODULES/L/LANDSCAP.MOD
284ce6c29ed059764d5044b2b46605f2	1	153403	player+silence	uade	Protracker compatible	0	90822	6d5b49cf	a868627d	MUSIC/MODULES/K/KILROY6.MOD
2860e9b8b3d1b175ec59d1e56ba6c045	1	210205	player+silence	uade	Noisetracker 1.x	0	93588	86aef072	71de0ba2	MUSIC/MODULES/A/ARCANE.MOD
296ec958bd5826508600ef5a618a4d56	1	192061	player	uade	Noisetracker 1.x	0	122478	8e264778	5bac4126	MUSIC/MODULES/M/MISSION.MOD
29e0b73eb45170e2f59f177d764972ea	1	88475	player	uade	Protracker compatible	0	97424	9e186b3b	524075e9	MUSIC/MODULES/L/LETSWING.MOD
29fb51da0a6c08d83aa521329fcfd5cc	1	233093	player	uade	Protracker	0	76694	1108b25d	4a53cc61	MUSIC/MODULES/G/GOODBYE.MOD
2a06f3c90a42503831a45ea9bd458087	1	381410	player+silence	uade	Protracker compatible	0	110240	a487f988	95aff036	MUSIC/MODULES/D/DEVILS.MOD
2a4bbdf0d7f00584f4ae940fd7ec3c7a	1	400699	player	uade	Protracker compatible	0	93106	7c65c725	de9d366d	MUSIC/MODULES/P/PUSH.MOD
2b2d6491bc518d59f3c241f3cb00a55e	1	174631	player+silence	uade	Protracker compatible	0	154710	56bb99b2	550ed844	MUSIC/MODULES/L/LASER1.MOD
2b696204a8e527a465cfbbee70479d84	1	138369	player	uade	Protracker compatible	0	73320	e9921f73	cfaee6bf	MUSIC/MODULES/I/INDUSTRY.MOD
2ba319b7cfda513cc0bd0ef393b03306	1	38520	player	uade	Protracker	0	64468	8394de8c	54fc8b32	MUSIC/MODULES/T/THEEND.MOD
2c7ed0bac8fd5d29302b63b42f84ca53	1	61568	player	uade	Protracker compatible	0	27862	13a30c0a	ddd1ef26	MUSIC/MODULES/B/BOOTER.MOD
2d69f526519ff0993e502d3d0c434cb8	1	116586	player	uade	Protracker	0	71036	a9aaf953	95230827	MUSIC/MODULES/F/FLYTE.MOD
2db3ce6cce4823120ce8d2de21c3ac4f	1	107645	player	uade	Protracker compatible	0	58106	93b1e6ad	0322ee6a	MUSIC/MODULES/U/UA1T.MOD
2ddea1883cf096d99ad7c12e1d3fe8df	1	222845	player	uade	Noisetracker 1.x	0	180818	c1a5bb1e	5fade1a8	MUSIC/MODULES/N/NEWKISS.MOD
2de3d886f3c4afd899d938047ae71123	1	127478	player	uade	Protracker compatible	0	182188	88e88452	c8c3f260	MUSIC/MODULES/I/ICEBABY.MOD
2e6d0057d3473d752424db68e82e1fa6	1	563288	player+silence	uade	Noisetracker 1.x	0	87998	de241dd3	681bcdc6	MUSIC/MODULES/D/DOLLE.MOD
2ebf4da0df1e69d75b3ff206b8f71361	1	230541	player	uade	Protracker	0	99856	17b72629	142d9d72	MUSIC/MODULES/O/OZONEWIL.MOD
2eccd13d2c182f9201c7fb816c278654	1	234238	player	uade	Soundtracker II (31 instr.)	0	135768	8901476a	0476925a	MUSIC/MODULES/F/FIREWORK.MOD
2eddcbc763015690ac2194a33301a05a	1	242055	player	uade	Protracker	0	97756	172f42b1	1b1df0b3	MUSIC/MODULES/S/SECURE3.MOD
2ef3c4044f18d88115f8aca70dc09cbc	1	230420	player	uade	Protracker compatible	0	91504	d251db83	541fc673	MUSIC/MODULES/T/TRAINB.MOD
2fd2d55358c4c9769cf57094e12bf3c9	1	128121	player	uade	Noisetracker 1.x	0	90860	dd41835e	d29757aa	MUSIC/MODULES/R/ROCKY.MOD
30961e5b4fbba69bcba626918513c41e	1	200645	player+silence	uade	Protracker	0	119746	b5298318	0e3e994e	MUSIC/MODULES/M/MANDELDU.MOD
30a07bce70cc198904a56b77c0791be4	1	202208	player	uade	Protracker	0	60746	63f19e5c	7c8caf0c	MUSIC/MODULES/H/HEAVEN2.MOD
30bb6d2fc8f3ea5ba0daffda7f72398d	1	192141	player	uade	Startrekker (4ch)	0	194316	06b49a01	7a09ae4d	MUSIC/MODULES/D/DCXMAS.MOD
30c2d4976386c356fbcf7c252087b432	1	116586	player	uade	Protracker compatible	0	31734	2fd19ed8	102e2eb0	MUSIC/MODULES/M/MID.MOD
30f7ac4557ea5753c4beb7becf5ff75d	1	545398	player	uade	Noisetracker 1.x	0	39954	b94927f8	5e63486d	MUSIC/MODULES/T/TUBULAR.MOD
31699427a8dd9e8a55b38a0755dc2b5f	1	246717	player+silence	uade	Noisetracker 1.x	0	80792	aab849af	653b8dc8	MUSIC/MODULES/A/ALPHVLLE.MOD
31d3212a6d30c2f2a2bdd34f54329446	1	85360	player	uade	Protracker	0	101406	8c80f2b4	dae5936f	MUSIC/MODULES/B/BITBEAT.MOD
32238fc4f1e4e359cf4f09c229820c9a	1	92272	player	uade	Protracker	0	110702	1ec13c71	49815d91	MUSIC/MODULES/X/X.MOD
324eadd50831c5545ea0bc4cae59e6db	1	197507	player+silence	uade	Noisetracker 1.x	0	60580	5dabc903	f05fe3fc	MUSIC/MODULES/D/DEADLOCK.MOD
32512180f478aa8837ff0c9a1df24ca8	1	203635	player	uade	Protracker compatible	0	162944	02900fc0	61c1f323	MUSIC/MODULES/S/SOFTROCK.MOD
32c86a64c44732a792873d2e1075e23d	1	344129	player+silence	uade	Startrekker (4ch)	0	171738	d71a073d	85648022	MUSIC/MODULES/M/MAMA.MOD
32fc65e8698eee2116b4137a87c9c8bb	1	183018	player	uade	Soundtracker II (31 instr.)	0	93786	0ec97592	5af39127	MUSIC/MODULES/G/GIANASIS.MOD
3329d11adf93451de494423f2e337ec7	1	161397	player	uade	Protracker	0	66074	a56d65c6	a7e041c8	MUSIC/MODULES/L/LA.MOD
332b6803761c387ae4b393735671cbd8	1	145723	player	uade	Protracker	0	88918	eb134953	9a4f8103	MUSIC/MODULES/C/CREMONA.MOD
33d711a28bfa599512fe9d82d2dc0686	1	396781	player	uade	Protracker	0	191754	4bba7dd6	2b374cbe	MUSIC/MODULES/S/SHINING.MOD
33e8b9ee1e260bce204e2edb2763f7b5	1	141631	player+silence	uade	Protracker compatible	0	50908	01695b7f	e58931da	MUSIC/MODULES/H/HOWDEEP.MOD
344c887648dc9e4befc9fa27345e903d	1	176060	player+silence	uade	Protracker compatible	0	62732	3f7bdba1	e24d2eea	MUSIC/MODULES/C/CANON.MOD
347483fd13d0cb30037ff499f5a758d0	1	225397	player	uade	Noisetracker 1.x	0	88284	55c9de2e	cc356837	MUSIC/MODULES/P/PLANETAR.MOD
348e5f194c765529ea4c72e6f7318d6f	1	46216	player	uade	Noisetracker 1.x	0	62790	38a70aee	5d20e147	MUSIC/MODULES/J/JAMES.MOD
349326e84ad73fdf83548449ff945a8a	1	23168	player	uade	Protracker compatible	0	104106	f60de502	c3e470aa	SAMPLES/EFFECTS/BASICSSN.SND
34b3029b5fad9bb4d91e84b5a3d4d609	1	121088	player	uade	Soundtracker II (31 instr.)	0	59846	b051d4ed	bd0c77e8	MUSIC/MODULES/U/UPFRONT.MOD
34b62f7fa46f0240b617e4f2c54a35b7	1	118334	player+silence	uade	Protracker compatible	0	69322	43843a69	baf701c8	MUSIC/MODULES/N/NUMAN2.MOD
36268695ccc9973bd7843536cce2de73	1	171806	player	uade	Noisetracker 1.x	0	77196	f60f9a62	f13242da	MUSIC/MODULES/M/MAGICWAN.MOD
36760780c07ebbd3f46676884fd2b969	1	216033	player	uade	Protracker compatible	0	166666	8a4476b5	fdda787f	MUSIC/MODULES/V/VENTURES.MOD
367666457b538959efab409d5cd837f4	1	261245	player	uade	Noisetracker 1.x	0	80006	f16db7a3	0353cd81	MUSIC/MODULES/A/AMEGASI.MOD
36888cc042f6459b277ea159d0820775	1	46216	player	uade	Protracker	0	25874	a14950b4	4b5d8724	MUSIC/MODULES/S/STAHND.MOD
3826dd70677258bb8f1fd9ae7ea9c76b	1	108770	player	uade	Noisetracker 1.x	0	107382	e5a7c381	b962afe1	MUSIC/MODULES/P/PARANOID.MOD
38e36f6faabc78e1fdf0dec357d4cb4c	1	122997	player	uade	Protracker compatible	0	40178	b2f24b27	e2135f29	MUSIC/MODULES/N/NICE1990.MOD
39c97ad1052c5893c82d1cfb3d6c16ed	1	76920	player	uade	Protracker compatible	0	24832	08111d05	d2093cf1	MUSIC/MODULES/L/LCHINA.MOD
39dcfc089244c25472ef1ee15937173e	1	115321	player	uade	Noisetracker 1.x	0	157056	71553683	7e6a8a73	MUSIC/MODULES/W/WEAPON.MOD
39e6a1b18b3ba50e5ae05ff48de088cc	1	163969	player	uade	Protracker compatible	0	146166	414f8dde	5ee00338	MUSIC/MODULES/L/LONGSLI.MOD
3a4e8e4254d25d330dbbbcad35810378	1	44910	player	uade	Protracker	0	32322	db299261	7a404f90	MUSIC/MODULES/B/BAGPIPE.MOD
3a953f2fc0e3a56b7d459c4f6b29a40d	1	89881	player	uade	Protracker	0	64544	4af10f1b	d07c7b81	MUSIC/MODULES/B/BUBBLEGU.MOD
3aeb18c372a8c2019200ce3dd0612e8e	1	174478	player	uade	Noisetracker 1.x	0	227222	3e72715b	d471a7fe	MUSIC/MODULES/V/VYPEOUT.MOD
3b1472fb81a8bc7895bba78c818a39df	1	194693	player	uade	Protracker	0	82110	7c93a1fd	5647424c	MUSIC/MODULES/R/RIFFRAFF.MOD
3b4a64304af638be39305fb2b0312483	1	208216	player	uade	Protracker	0	99148	a58c7283	8c67e83f	MUSIC/MODULES/J/JFY.MOD
3b6bbc74cf0a7ff67e94f43b0bd685ae	1	226966	player+silence	uade	Noisetracker 1.x	0	87032	7868636d	98fafd58	MUSIC/MODULES/L/LUCKY.MOD
3b999122dfabbd329bd2021a2e06c760	1	192141	player	uade	Protracker compatible	0	71180	8ea3d929	b78ae40c	MUSIC/MODULES/T/TUN2.MOD
3bc2ca26081bf6ed5904e017596bf514	1	192141	player	uade	Protracker compatible	0	56958	3fec70ce	fb38db68	MUSIC/MODULES/V/V48.MOD
3bd2ab509825b0db385c5a167c546720	1	410830	player+silence	uade	Protracker	0	163542	2c3024aa	77e6d07d	MUSIC/MODULES/M/MANDA.MOD
3bf74664881954f2a156f69a7fd2ba5c	1	62834	player	uade	Protracker	0	131348	967b49a8	074894e5	MUSIC/MODULES/G/GETFUNKY.MOD
3c06780b691a344147ab8032ac6753d1	1	207493	player	uade	Protracker	0	269512	06fd7c17	8161b182	MUSIC/MODULES/C/CRIMEZOH.MOD
3c073e2e7135b2aef0190ac6f04e6eef	1	82044	player	uade	Protracker compatible	0	48410	c8910821	3584d5a3	MUSIC/MODULES/A/AUDOSKAP.MOD
3c3b5351940a46c039a172e1f6b6bd89	1	161397	player	uade	Noisetracker 1.x	0	67008	cb556b62	7f79337c	MUSIC/MODULES/F/FLETCH.MOD
3c3e4421d3533d64bd3d2721cf912246	1	48125	player	uade	Protracker compatible	0	53064	884e6512	f2c7c3f8	MUSIC/MODULES/I/INTRO_TU.MOD
3c70f44a5f899a572b267d1bf6208e37	1	283992	player	uade	Protracker	0	134278	62c1d5f3	92a86a34	MUSIC/MODULES/S/SAURON.MOD
3c8b81ce59264057dc030f17accb7177	1	158845	player	uade	Protracker compatible	0	120558	8238cad4	91d2bd52	MUSIC/MODULES/S/SPECIAL.MOD
3e921cb0eac2cab8555b53ce9c5fb55b	1	201083	player	uade	Soundtracker II (31 instr.)	0	62390	21acc345	aac57edc	MUSIC/MODULES/F/FUSION.MOD
3ee479a26e7e577f824281cf1a836312	1	293396	player+silence	uade	Protracker compatible	0	94396	40db2b8e	7f5ed551	MUSIC/MODULES/D/DNADREAM.MOD
3eee2c64a7b0a8e5532125db7f84df7f	1	315258	player	uade	Protracker compatible	0	128020	431f4d1b	c7a4ad63	MUSIC/MODULES/H/HALLUCIN.MOD
3f0fd4a175ff57a932f783feb929530e	1	192141	player	uade	Protracker compatible	0	56558	4577724a	e53302ae	MUSIC/MODULES/W/WERWERU.MOD
3fc9605be9dd91c0021626492ad707b1	1	407290	player	uade	Protracker	0	193820	c9b8acc3	0d150056	UTILITY/AMIGA/PROTRACKER/MODULES/MOD.THE MOEBIUS.PP
404ea37a508557d551bb2a30e1aa48d9	1	99325	player	uade	Protracker compatible	0	131368	f58d983b	f76a2191	MUSIC/MODULES/B/BEYOND.MOD
40b28df9906f21ee755428f25c3d58a4	1	240769	player	uade	Protracker	0	69226	9d1b21ab	8e03acbb	MUSIC/MODULES/S/SOCOLD.MOD
40f24fec7fe5f28e40f2318c4dabc8e5	1	434877	player+silence	uade	Protracker compatible	0	178440	b682b6e3	5d95b526	MUSIC/MODULES/L/LOSTINTI.MOD
423951c6677138f47bcfbebec1c1e926	1	275461	player+silence	uade	Protracker	0	163738	d2103f5e	4e631db3	MUSIC/MODULES/S/SCRAMBLE.MOD
42561c6f10b1178142b23a593f1a9317	1	161397	player	uade	Noisetracker 1.x	0	252760	cbff7bf9	e12dcdae	MUSIC/MODULES/S/SPELL.MOD
42579f33b259cbbf66d82f44f099e274	1	169093	player	uade	Noisetracker 1.x	0	28728	c939b8a6	ede8f56b	MUSIC/MODULES/E/EWOK.MOD
42a8c609be3f801e3299908e316d2ef6	1	276597	player	uade	Protracker compatible	0	54644	9a224b4e	9a4f64df	MUSIC/MODULES/M/MINIBLST.MOD
42ab67ac3071cc5c444c485714e4369f	1	115321	player	uade	Noisetracker 1.x	0	78846	63c7e95d	29fec7be	MUSIC/MODULES/E/ENEMIES.MOD
42b7a5854b0e21c02f0bca63614b8e4a	1	284918	player+silence	uade	Noisetracker 1.x	0	93428	06a5ec98	afd9082a	MUSIC/MODULES/G/GOTYA.MOD
42c8155f4f61d7866fd826006dbbe69a	1	207493	player	uade	Protracker compatible	0	105148	bf285315	fe2d70c6	MUSIC/MODULES/L/LIMBO.MOD
4303ef10bf4a0fe0077a3fe36e688872	1	222845	player	uade	Protracker compatible	0	167888	3d82d40c	47e56c11	MUSIC/MODULES/T/THEDARK.MOD
432d3ff72e6bc32ffd3b4f47b8e4e8c2	1	112568	player	uade	Protracker compatible	0	38176	3ab4121b	75b4e8fb	MUSIC/MODULES/J/JCGE.MOD
433191653a20a04a0cf7a49b4bb2fbcc	1	173605	player+volume	ft2play	Fasttracker (M.K.)	4	42404	eebea06f	d658ef03	MUSIC/MODULES/B/BABY.MOD
44afba94c6324863903a815cf8a09944	1	167787	player+silence	uade	Protracker	0	98604	f69cee1d	591fdb28	MUSIC/MODULES/T/THRASHZO.MOD
44cace85f4b31146add958fb02dbd93c	1	134531	player	uade	Protracker compatible	0	68682	4ec33946	1ea9fe40	MUSIC/MODULES/P/PARTY.MOD
451f2abfb03d7de40ae3b7df3c61a44d	1	246838	player	uade	Noisetracker 1.x	0	78188	ff35ee33	882ddfe0	MUSIC/MODULES/L/LOWALTIT.MOD
45e338e265cb5a9f3a4face784e1c5a5	1	205463	player+silence	uade	Noisetracker 1.x	0	68958	2e3aeb7b	751bb8de	MUSIC/MODULES/S/SHOWSOME.MOD
460f34f280237ff087d0cd1fca6ebe8b	1	238197	player	uade	Protracker compatible	0	115904	5f89434e	0c33a57b	MUSIC/MODULES/N/NUCONTRO.MOD
4753e70c37c6229adcc641da666012f3	1	196663	player+silence	uade	Protracker compatible	0	174088	6898aa4f	100cadc3	MUSIC/MODULES/U/UNDERTHE.MOD
4780b3daac07191f179480ebf6b898b4	1	138369	player	uade	Protracker compatible	0	36650	cbe1c219	8a844e4c	MUSIC/MODULES/B/BLINKYS.MOD
481182b3ff15f38acec75e01cd4ee3dc	1	228130	player	uade	Protracker	0	164518	ec865115	1bc4370c	MUSIC/MODULES/A/ABRAXASP.MOD
4861a961c62d5e46914cbd972547da26	1	290020	player+silence	uade	Protracker compatible	0	134150	aed0f665	29e7e83c	MUSIC/MODULES/T/TECHNOLI.MOD
49574e3fde5964fa6995588b261f6eea	1	51320	player	uade	Protracker	0	33532	9633e7bc	9c834696	MUSIC/MODULES/B/BASS.MOD
4959272632085a665a0cdcd53782e2fa	1	161397	player	uade	Protracker compatible	0	41148	c2c911d5	f09c3863	MUSIC/MODULES/G/GOLDRUNR.MOD
49724487ecae13428199870f0cec3f3c	1	127678	player	uade	Protracker compatible	0	76406	ce3013b3	68295392	MUSIC/MODULES/G/GOLDMINE.MOD
4994ebba308165428300d749aaa12a4d	1	36852	player	uade	Protracker compatible	0	41240	e2b508db	4c236859	MUSIC/MODULES/H/HARDDRIV.MOD
49af25a201481118e71ce343ab61d51d	1	99968	player	uade	Noisetracker 1.x	0	76754	a76d385a	d9dfff68	MUSIC/MODULES/R/REPTILUM.MOD
49cb934a65c37416f32c3bca924ff4e7	1	327194	player	uade	Noisetracker 1.x	0	233264	400b221a	992c2814	MUSIC/MODULES/S/STRAZZAN.MOD
49cfd6be87936d8ede059b64397fe308	1	205236	player+silence	uade	Protracker compatible	0	199926	e62e1392	9e927426	MUSIC/MODULES/T/TONIGHT.MOD
4a27ee04714205c984f2753cf3a85dff	1	170379	player	uade	Protracker	0	62342	2ecf48d3	4383f0d5	MUSIC/MODULES/R/RBTX1.MOD
4a47e4f17d04516b347842f630d72626	1	238197	player	uade	Protracker compatible	0	131668	1f37be41	81cb6c40	MUSIC/MODULES/M/MINOAN.MOD
4a871f28e06e7c756adfad8235bf4452	1	176769	player	uade	Protracker compatible	0	58960	00109222	c39f1d88	MUSIC/MODULES/R/ROKNPEBL.MOD
4b0190b92f743bc09a19f9f8bdc72d30	1	153721	player	uade	Noisetracker 1.x	0	115420	caf9602b	a1e2e283	MUSIC/MODULES/O/OKKIE.MOD
4c3ad3ce230dfa18d52b29e94a1ccd78	1	92020	player+silence	uade	Protracker compatible	0	82178	9355bcea	4c73a760	MUSIC/MODULES/H/HIGHWAY.MOD
4c4a100801f239ea9a0b5367fca65b75	1	305381	player+silence	uade	Protracker compatible	0	96488	8785a72c	5ce5a7cc	MUSIC/MODULES/R/RAPPSTAN.MOD
4c69bd28d481113ee47fcde17d414aca	1	253569	player	uade	Noisetracker 1.x	0	29132	2d0b2923	c7be136e	MUSIC/MODULES/A/A.MOD
4c84bb2e7e4059399c3b92dc3759f5c2	1	199797	player	uade	Protracker	0	48648	5067edee	118d43c4	MUSIC/MODULES/P/PAT1.MOD
4c917cfaa2a08a991ac7778f257bd3a6	1	414866	player	uade	Protracker compatible	0	214670	4e23b822	bf6cc57c	MUSIC/MODULES/M/MCHAMMER.MOD
4ca053941e5bf3e6fe7e4fb78080e1dd	1	307021	player+silence	uade	Protracker	0	99700	8967b94b	36d07adf	MUSIC/MODULES/R/REALIZE.MOD
4ce7387cf12b44ab01c23ef32274eb85	1	182006	player+silence	uade	Noisetracker 1.x	0	91456	949ddd55	4bc78d80	MUSIC/MODULES/S/SAHARA.MOD
4cfe58e40470a826db1039f9e3bb0dc3	1	88434	player	uade	Protracker	0	120132	01e46956	c3487e45	MUSIC/MODULES/Y/YOH.MOD
4d2fdfd7bda4a5d65a1979f007dff890	1	69224	player	uade	Protracker compatible	0	60814	ee2d91ae	caeda904	MUSIC/MODULES/J/JINGLE.MOD
4d3e1d8d501d72fa46d680531e430c9e	1	153721	player	uade	Noisetracker 1.x	0	89582	60809da4	82ebcb40	MUSIC/MODULES/A/16RASTER.MOD
4e126de00c9f56da21e1d48aa87799f6	1	291969	player	uade	Protracker compatible	0	100002	a820cd8e	baae7e02	MUSIC/MODULES/H/HOUSEBEA.MOD
4e4fd2477beeb859e6e5d5a5f1849c36	1	213622	player+silence	uade	Protracker compatible	0	129219	4da5af53	dcb5dae4	MUSIC/MODULES/E/ECSTASY.MOD
4e82ffcda602791a931932de20171f14	1	215149	player	uade	Protracker	0	71526	f1186735	42bfcef0	MUSIC/MODULES/V/VOYAGER.MOD
4eb19cab8eb52a6e175ee7a3c57ee49a	1	138369	player	uade	Protracker compatible	0	84210	f027f63b	44628f75	MUSIC/MODULES/S/SALUTE.MOD
4ec0e04e21218e598492456e1016b913	1	92272	player	uade	Protracker compatible	0	59378	1c10487a	bb30990b	MUSIC/MODULES/K/KILROY2.MOD
4ee1760f498c6582c01ceb1c7cb08e7d	1	430218	player	uade	Protracker	0	100368	6aae4db8	dd4479ec	MUSIC/MODULES/A/007.MOD
4f136d7ad9abc06781aeffb77c1ff019	1	277903	player	uade	Soundtracker II (15 instr.)	0	77602	9b1548f1	bc0a77e9	MUSIC/MODULES/R/ROCK.MOD
4f37ca03a345d0cf3084b966d423ba2f	1	99968	player	uade	Noisetracker 1.x	0	66566	a3c5b44b	9b8581c2	MUSIC/MODULES/A/AUSSIE4.MOD
4f4205cccbd18173c64fb64819086483	1	144236	player	uade	Protracker compatible	0	92518	272b7a98	903a76c6	MUSIC/MODULES/T/TROUBLEV.MOD
4f7276312518fcfabb17d4417c2697d8	1	192141	player	uade	Protracker compatible	0	108310	779a391a	6db23704	MUSIC/MODULES/N/NIGHTLIG.MOD
50cadcd1963563097c56f813bffc62fe	1	132360	player	uade	Protracker compatible	0	263744	859800cc	ea0f4d53	MUSIC/MODULES/B/BATDANCE.MOD
5103289bd98d58dafd896f0e28da0e29	1	184445	player	uade	Protracker compatible	0	147026	085f2a3d	39f0ff2a	MUSIC/MODULES/W/WHY.MOD
519af69dbef91133a138008fc9a3810c	1	99968	player	uade	Noisetracker 1.x	0	80658	b545b0b3	8b073d9d	MUSIC/MODULES/A/AUSSIEFO.MOD
51b132e3cd730c6ffed4a2911971cbe9	1	238197	player	uade	Protracker compatible	0	86478	5a9e19a3	01cd5cc6	MUSIC/MODULES/S/SYNDISCO.MOD
5233c4fe2db349e9cbc89d6547595d8f	1	38520	player	uade	Protracker compatible	0	116086	7a530046	8f52d919	MUSIC/MODULES/G/GETUP.MOD
5245bed4ac995eb7d1187f24077b667f	1	234130	player+silence	uade	Protracker compatible	0	91728	dce8b8f9	446108a1	MUSIC/MODULES/O/OUTOFTIM.MOD
52a855790e434fb7cb81badf2b114a1c	1	53149	player	uade	Protracker compatible	0	160690	bfc30cd0	99964650	MUSIC/MODULES/C/CRIMBO.MOD
5393895cc6bef730eff6a476ee3afda6	1	174816	player+silence	uade	Protracker compatible	0	114128	d0fe6d8c	7fa7d6c5	MUSIC/MODULES/C/CCFACTRY.MOD
539b5f1074b0b6bcb543b1f9836824b3	1	614543	player	uade	Noisetracker 1.x	0	83584	2e4a57be	394f4231	MUSIC/MODULES/E/EASY.MOD
53e9da6c7569e09f36afbfa2fae403d8	1	143493	player	uade	Protracker	0	54204	9dbef3b0	b0d0c103	MUSIC/MODULES/J/JOE1.MOD
5455d2da6e3b5422dd04c5c747608879	1	223809	player	uade	Protracker	0	159976	223eb807	c61d00c3	MUSIC/MODULES/E/ENLIGHT.MOD
54ad48bd0016b14360f8972d730115c2	1	192141	player	uade	Protracker compatible	0	56646	1f379399	afb0c2a5	MUSIC/MODULES/K/KTHRSIS.MOD
5504aa02c5d301829040835aac769bd8	1	141709	player+silence	uade	Protracker compatible	0	102562	f2565385	8fc79eb2	MUSIC/MODULES/A/AIRWOLF.MOD
5504d2952391b61c8db379dff481b94a	1	265184	player	uade	Protracker	0	110600	c3238770	8edfe773	MUSIC/MODULES/E/EVIL.MOD
5555eecc5ff5ddbfaaf2545390143e96	1	134812	player	uade	Protracker compatible	0	65464	80da390e	e515e897	MUSIC/MODULES/H/HURRICAN.MOD
556af9a963e3c8a30f383448537d5177	1	48125	player	uade	Protracker	0	23324	64b303ab	4b6f0ea5	MUSIC/MODULES/A/10MINUTE.MOD
55d965ccc1529e74a371742187957818	1	193616	player+silence	uade	Protracker compatible	0	68628	ad3b9879	4eb4bf1c	MUSIC/MODULES/S/SCROLL.MOD
55e2de544796b08cc356f41f5891cdc6	1	207493	player	uade	Protracker compatible	0	133732	d1404cce	bdd1e399	MUSIC/MODULES/X/XIPHOS.MOD
55e816098f5d65a888b922d16c6cd227	1	153721	player	uade	Startrekker (4ch)	0	59494	07c7cd99	31941987	MUSIC/MODULES/M/MCTEARDR.MOD
562dce350fd7b18853d9d1c36989283e	1	107645	player	uade	Protracker	0	125054	47f8c731	5991a432	MUSIC/MODULES/S/SUNWIND.MOD
56e3ab3e561076b18f6829fee2710a29	1	173528	player+silence	uade	Noisetracker 1.x	0	107184	f50ec440	c4d3a70b	MUSIC/MODULES/I/IT5.MOD
575c1177520a586df728c5761c5f94c2	1	141363	player	uade	Protracker	0	130564	6d0dc453	4041cfec	MUSIC/MODULES/M/MESSAGEF.MOD
5767f01c840c6247b1860db56686d448	1	23168	player	uade	Noisetracker 1.x	0	22856	21c3a931	08a1734f	MUSIC/MODULES/G/GSC.MOD
57acd1de8e49447b8a29e749ecb3a76e	1	153721	player	uade	Protracker compatible	0	74696	0d91b8d9	e1bb1551	MUSIC/MODULES/K/KILROY5.MOD
57f43c052f4117b5e4c645e332388926	1	130693	player	uade	Protracker compatible	0	71054	d1a24fc3	7144cd4d	MUSIC/MODULES/C/COMPLICA.MOD
583f835a9994f6301190986a8a2bf4b4	1	122997	player	uade	Protracker	0	59876	36cf93c9	7a8bfcf3	MUSIC/MODULES/S/SLL11.MOD
593970ebdec7901f77bcfe88f8120933	1	228934	player	uade	Protracker	0	59334	ac7fd933	a1aee115	MUSIC/MODULES/S/SLOWELEC.MOD
5a4860c5f756038c5e7273c90f622b4b	1	238197	player	uade	Protracker compatible	0	115724	3eaf0534	e9c21562	MUSIC/MODULES/I/IRONTEAR.MOD
5a8a46ad509629ad2cbacc1b4f5e8dbc	1	209402	player	uade	Protracker	0	85848	0b98e4a0	40cf8206	MUSIC/MODULES/A/AUDIOVIS.MOD
5a95a2bc325168b38ef936ef34e27580	1	107645	player	uade	Noisetracker 1.x	0	44984	2b18667d	d202d39c	MUSIC/MODULES/S/SOLODRUM.MOD
5b0ecad3884d4df1fd016574541cf2ff	1	99968	player	uade	Noisetracker 1.x	0	73920	361c09c5	8e843b8f	MUSIC/MODULES/C/CHINDUDE.MOD
5c771cb3ee7ccaf83ec76ee0c538020b	1	199797	player	uade	Noisetracker 1.x	0	55028	d90a2f66	6ff18853	MUSIC/MODULES/C/CEBIT.MOD
5c7ee9a6cf66c7b46221f85b8367e582	1	30824	player	uade	Noisetracker 1.x	0	30456	963a8478	e001e91a	MUSIC/MODULES/A/ARKANOID.MOD
5cc617271dee2a1ef1da6dbe3e907c47	1	241906	silence	uade	Protracker compatible	0	88882	1d226260	04ff3409	MUSIC/MODULES/A/1081.MOD
5ce16ef0d02cee85d70cd657256c6b59	1	181451	player+silence	uade	Protracker compatible	0	116882	94cf0fe2	a3d9550b	MUSIC/MODULES/F/FIRSTSHO.MOD
5de6469eed137ecb0f5bd09d78f05866	1	242055	player	uade	Protracker compatible	0	123210	56175a83	01cb0949	MUSIC/MODULES/C/CREAM.MOD
5df6b2a79701e44899c9df11c528e29f	1	361073	player	uade	Noisetracker 1.x	0	129076	0aace62b	cb59426b	MUSIC/MODULES/H/HMMMMMA.MOD
5e92ab342c1ebf2baccb054548aad5d1	1	225075	player	uade	Protracker	0	151434	6fae5b6f	3d076d55	MUSIC/MODULES/H/HEAVYBAL.MOD
5ecdfb63137f4fa30443cda406d20341	1	372617	player+volume	uade	Protracker	0	172426	5e76af56	ac118d49	MUSIC/MODULES/S/SPACEDEL.MOD
5eedd8c4c9267f3c4a50bf1487490326	1	233656	player	uade	Protracker compatible	0	126134	61cbb145	c5db4bd9	MUSIC/MODULES/A/ANGIES.MOD
5f314fc2889a6714a5b43fa90843303e	1	180409	player+silence	uade	Protracker compatible	0	158428	b0b9b9c9	22dba23d	MUSIC/MODULES/G/GHOST2.MOD
5f61896ffefdb448a19451ded8e89976	1	138369	player	uade	Protracker	0	62742	45ff1efe	ddfbd2c9	MUSIC/MODULES/D/DUMBUM.MOD
5f7168766a8b181b9069b4aa16d9e360	1	119179	player	uade	Protracker	0	44684	c30f7274	e1340904	MUSIC/MODULES/M/MILKMAN.MOD
5fc2d0dad06af636c8da45bdef3813d0	1	119179	player	uade	Startrekker (4ch)	0	58406	0de24251	0fa275eb	MUSIC/MODULES/J/JOMENVIS.MOD
6020c57dd63bb5afe69773326b098ee4	1	138369	player	uade	Noisetracker 1.x	0	62464	b50eed16	5680cdb1	MUSIC/MODULES/E/EXODUS19.MOD
6091a03ee587322bbd0602a8a1627923	1	215149	player	uade	Protracker	0	114284	c91ad2fb	c1469ba0	MUSIC/MODULES/W/WHOUSE.MOD
60ba3b80f20cd6192e3b6cfa7fdd74ea	1	169093	player	uade	Protracker compatible	0	44172	430d241f	5ca428e9	MUSIC/MODULES/D/DREAMTN.MOD
610e9f00edde5958723ed561d6a71f07	1	315017	player	uade	Protracker compatible	0	180642	d990c575	a73256c2	MUSIC/MODULES/H/HARDCORE.MOD
6180dece9717d05611f0b5287ce6a9c6	1	51320	player	uade	Protracker compatible	0	20896	f7fe8a2c	fb0b8f63	MUSIC/MODULES/I/INTROFRO.MOD
61b841077d608de609b078784258466a	1	71816	player	uade	Protracker compatible	0	50828	2eda83ac	445b1447	MUSIC/MODULES/A/AHREV2.MOD
61d9b13f8a0502f1549cc2bf16bf9e8c	1	192141	player	uade	Noisetracker 1.x	0	143100	080253dc	f8500c86	MUSIC/MODULES/J/JACKTHEH.MOD
6205ce23216b0cf539d3c1b512f8eab9	1	175663	player+volume	uade	Protracker compatible	0	144772	66288d7a	e4d08e82	MUSIC/MODULES/R/RBI.MOD
62a0beb841f37550a1477b2e43658ffd	1	61568	player	uade	Protracker compatible	0	39856	d3fbafd3	10b7ddb1	MUSIC/MODULES/M/MUSTHAVE.MOD
62e30ab2569af51de3eaf3aeef230dd1	1	172931	player	uade	Protracker compatible	0	81150	9db14ca8	59998167	MUSIC/MODULES/C/CLEARNIG.MOD
62e5889862b4060a2e1f5f91639cf6a0	1	152429	player+volume	uade	Protracker compatible	0	144204	8c2227a7	1bedd91f	MUSIC/MODULES/A/ASPHYXD.MOD
637b13fd49c598568e533e91ad1730b6	1	249490	player	uade	Noisetracker 1.x	0	212870	61fc2aee	85d09d26	MUSIC/MODULES/R/RISEUP.MOD
642e939c381286d85f9c15f5d2f1cca5	1	255498	player	uade	Protracker compatible	0	84090	7fda0b6f	16c8ddf3	MUSIC/MODULES/S/STOR.MOD
643488c4666c671a4cca89df887ba6e4	1	153721	player	uade	Noisetracker 1.x	0	59494	aa024250	c16c9acc	MUSIC/MODULES/A/ASHFORD1.MOD
647fd41fe9707b109b309196ca23d816	1	195959	player	uade	Protracker compatible	0	86564	bbe0fb64	660057fc	MUSIC/MODULES/F/FUNKNJAM.MOD
648a982963f2f1b413904d7916f2a339	1	341903	player	uade	Protracker compatible	0	113664	25c250e9	3d2ffb40	MUSIC/MODULES/S/SPIRIT.MOD
64dbe1cceb32151a8a855fa2a8f23d04	1	196358	player+silence	uade	Protracker	0	69014	d597bae6	e10078fe	MUSIC/MODULES/L/LIE.MOD
64ead0dbdeaa750b688363d618ac2ff1	1	423486	player	uade	Protracker compatible	0	143252	ec35d7c7	4d650841	MUSIC/MODULES/J/JVMDESIG.MOD
651fb6da0956f038b10c7ea3cf0dc0a9	1	542193	player+silence	uade	Protracker compatible	0	107346	2bdb22a8	6d923ae0	MUSIC/MODULES/N/NEGLIGEN.MOD
659e66da9f71b006617eef1fa72363b0	1	215149	player	uade	Protracker	0	74994	74f8964c	9729cf70	MUSIC/MODULES/S/SEEKERZ.MOD
65ce243388fc7b94c2d33895be039360	1	173222	player+silence	uade	Protracker	0	89210	2148dce7	46aeddff	MUSIC/MODULES/W/WHATEVUH.MOD
663e27704b2fd58f7029c80becb97245	1	299645	player	uade	Protracker compatible	0	96220	c58eaf59	6a3bae7d	MUSIC/MODULES/A/A2.MOD
66884f2b2293ef3d6478d1ebbf0cd2ba	1	322693	player	uade	Soundtracker II (31 instr.)	0	85024	6af58eee	942922f1	MUSIC/MODULES/M/MUSIC.MOD
669e54595ed66a85a9e0a977caf89c2b	1	192141	player	uade	Protracker	0	101094	4ae6340d	f94ad2ef	MUSIC/MODULES/L/LIES.MOD
6771fa1396f838b8fdd54e0973160c0a	1	130693	player	uade	Noisetracker 1.x	0	53248	21d535e9	1a0ced76	MUSIC/MODULES/A/ALWAYSON.MOD
67757cc31069fca035f0a86e0106a8fe	1	184445	player	uade	Noisetracker 1.x	0	91314	8f1d9eb2	9dfdca72	MUSIC/MODULES/V/VISITKOT.MOD
677e6d317a5e5e5d489a1763a2792a19	1	301313	player	uade	Protracker compatible	0	209944	3c68194c	a3b6ef8f	MUSIC/MODULES/E/ELGPASA.MOD
6801c255cb93dffd61273642d199f730	1	157341	player+silence	uade	Noisetracker 1.x	0	81230	c1d0c9cb	3f4d3b87	MUSIC/MODULES/F/FREEDOMF.MOD
68798e814a539d8f9bfccbe386ab8c28	1	98682	player	uade	Protracker	0	48584	e8fb6cea	7c15b54b	MUSIC/MODULES/C/CRAZYSHO.MOD
68dd096ec04e470bc742b364950af9d3	1	199797	player	uade	Noisetracker 1.x	0	88404	25abc149	4a81d997	MUSIC/MODULES/G/GHOST.MOD
69882c2bc56e2077ea12b5aea15c1b98	1	65406	player	uade	Soundtracker II (15 instr.)	0	189920	49b30dde	5476e823	MUSIC/MODULES/C/CRYBAB.MOD
69a8baf3de110345448f746f5b19c45a	1	165054	player	uade	Protracker	0	118748	175cf55b	e9e2384a	MUSIC/MODULES/F/FUNERAL.MOD
69b7237fe0863c0ac181ea0ee02f9ffa	1	188605	player+silence	uade	Protracker compatible	0	162918	0e1cc520	a959caf8	MUSIC/MODULES/M/MOVE.MOD
6a1a116b1e38f75e4a69028ab8dd9f65	1	335051	player	uade	Protracker compatible	0	95528	428e8721	74aa504b	MUSIC/MODULES/T/TOCCATA.MOD
6a5976e93124b5dad1efa0b5e0217641	1	212616	player+silence	uade	Soundtracker II (31 instr.)	0	93964	8cb1b8b5	7fa29498	MUSIC/MODULES/L/LESSONS.MOD
6a5bcd6319d8f51322cfe022c6d0d868	1	383901	player	uade	Soundtracker II (31 instr.)	0	97336	f0139f5f	f4406551	MUSIC/MODULES/D/DRAGONS2.MOD
6a62d2de9c24edeb898848151a2a2296	1	506998	player	uade	Protracker	0	137140	cf3cb619	2eec69f1	MUSIC/MODULES/M/MIMOSA.MOD
6a74e5b326c9b3c9bcfdcdcbc25c349d	1	218464	player	uade	Protracker	0	124674	d13ae961	5c7bd693	MUSIC/MODULES/J/JAPANESE.MOD
6ad8ec26f9b8cb9904495c6fdf3c603c	1	199797	player	uade	Soundtracker II (31 instr.)	0	68400	dad3d1ef	85b0c71c	MUSIC/MODULES/S/STARWARS.MOD
6b0716754ffa0355783d435f66af95b1	1	184445	player	uade	Protracker	0	122986	b188f273	b27c07a3	MUSIC/MODULES/O/ODYSSEY2.MOD
6b18cfb358a1841b32ad97b23c734998	1	230541	player	uade	Noisetracker 1.x	0	123842	92aa01aa	ec47a688	MUSIC/MODULES/N/NOEL.MOD
6b1a2d6a44685889fb8cc4838173bb60	1	105836	player	uade	Protracker compatible	0	47344	9c78f662	62e5d62e	MUSIC/MODULES/W/WHATSUP.MOD
6b9eed42fc2f170931b16fb51b480092	1	245893	player	uade	Protracker	0	70888	709c2f6f	3c27d0c1	MUSIC/MODULES/B/BIZZJAM.MOD
6ba65801c817435ed584c317de48c616	1	192141	player	uade	Protracker compatible	0	88480	89d1e536	843334ad	MUSIC/MODULES/A/6BEAT.MOD
6bba241300965536305e2d175d97892b	1	122494	player	uade	Protracker compatible	0	66942	879e54c5	c828442c	MUSIC/MODULES/B/BALL4.MOD
6be3f0593dab38469d266af520afe139	1	192141	player	uade	Protracker compatible	0	134594	f5ac8419	84f39165	MUSIC/MODULES/E/EYE.MOD
6cd145bb8caa821b9c0c36ab72687eed	1	215982	player+silence	uade	Protracker	0	174772	764865c6	9a0c8a59	MUSIC/MODULES/F/FREESPAC.MOD
6d1b7cd596e7641c9d4d71ea67908899	1	237281	player+volume	uade	Protracker compatible	0	127544	27ec0c1b	cdf7095e	MUSIC/MODULES/I/ITMUST.MOD
6e7a68fe8143b46fc7801d1f928c08fc	1	107645	player	uade	Noisetracker 1.x	0	51504	51317660	3e28724a	MUSIC/MODULES/B/BOBBY.MOD
6ec65142760e4f12c1e622d8a22558ba	1	207493	player	uade	Protracker	0	63670	a98a3a2a	bd84cef7	MUSIC/MODULES/C/CMPOSURE.MOD
6f04eeeb3f9e659465ca830729577e2f	1	42358	player	uade	Protracker	0	14186	4639a80d	fc63506e	MUSIC/MODULES/I/INSIDE.MOD
6f6023a8433b9d4e4b9df45443101642	1	138369	player	uade	Protracker compatible	0	90642	683264b5	a0b934c7	MUSIC/MODULES/S/STEAM.MOD
6f60b4935ad67c8a44e0918769d6230d	1	448142	player	uade	Protracker compatible	0	51196	62f33fcb	2746c86d	MUSIC/MODULES/V/VERTICAL.MOD
6fa5dba102dc6681a74577e8175c504e	1	281239	player	uade	Noisetracker 1.x	0	93516	6f2fcb1a	5c65d17b	MUSIC/MODULES/B/BEA.MOD
6fe958692a2de76a420843bbe9a0834b	1	91790	player	uade	Protracker compatible	0	65944	64c47669	071ee71f	MUSIC/MODULES/R/REVELATI.MOD
6fe958692a2de76a420843bbe9a0834b	2	5385	player
6fe958692a2de76a420843bbe9a0834b	3	3235	player
6fe958692a2de76a420843bbe9a0834b	4	1085	player
6fe958692a2de76a420843bbe9a0834b	5	1567	player
6fe958692a2de76a420843bbe9a0834b	6	2511	player
6fe958692a2de76a420843bbe9a0834b	7	0	nosound
702cec05c4471ae5e1b1229543b987e9	1	478464	player	uade	Protracker	0	160218	66a02d1e	116f1666	MUSIC/MODULES/K/KNULAKUK.MOD
70497a4f7487a919efd1f13dc3493f66	1	155569	player	uade	Protracker compatible	0	43004	4a57aef7	a87ae934	MUSIC/MODULES/O/OBLIVION.MOD
709616c318935e3c111248d2b110c6f2	1	404919	player	uade	Protracker compatible	0	179008	93594d61	655da9d3	MUSIC/MODULES/T/THRASH.MOD
712bb190aacfb6ef35992593e296222b	1	214325	player	uade	Protracker compatible	0	114112	9f04e019	ccc5a31a	MUSIC/MODULES/F/FREAKOUT.MOD
71c6bde921139e506a5c4f686d38b715	1	99968	player	uade	Soundtracker II (31 instr.)	0	86672	3e374fd3	3ce3c166	MUSIC/MODULES/E/EQUINOXE.MOD
7258babb7e4f09773d743c14c83e42c7	1	212095	player	uade	Soundtracker II (31 instr.)	0	70920	7efd6bde	7ba89894	MUSIC/MODULES/F/FUTURE.MOD
731f8a3be716e40707dce4898f149161	1	316792	player+silence	ft2play	Fasttracker (M.K.)	4	101622	0539b33c	b43f9a14	MUSIC/MODULES/S/SANDMAN.MOD
7326d6a3b25bac54a76a1a791519a706	1	184445	player	uade	Protracker	0	111614	7915fef8	85835f3a	MUSIC/MODULES/S/SIDEWALK.MOD
73528d581fa795bc3d3a53c070917ad3	1	169093	player	uade	Protracker compatible	0	67200	440223e6	31ed9038	MUSIC/MODULES/N/NURD.MOD
7392a668be86e323bc1fc0df98048670	1	61568	player	uade	Protracker	0	7580	7c2da7a7	76af5761	MUSIC/MODULES/K/KUUSHEPA.MOD
73ae606c840e00224a1ae33c68c78a44	1	250997	player	uade	Protracker	0	99304	20d68440	59657c99	MUSIC/MODULES/E/ENDLESS.MOD
7404e11d09f161a5e11b5f7a8ed83802	1	53872	player	uade	Noisetracker 1.x	0	50700	14cf4917	6698a27c	MUSIC/MODULES/D/DEPP.MOD
742a0e5b4dde6def4cda5778b1337a03	1	138369	player	uade	Protracker compatible	0	110640	13cb31c2	5e0584d9	MUSIC/MODULES/I/ICNOSHIP.MOD
74788e1680ab83abd304f65c97c26838	1	138369	player	uade	Protracker compatible	0	126436	ba39f9df	0e96894e	MUSIC/MODULES/A/ART.MOD
747a1ee2b3ed0cddf04b9e41e28865d6	1	84616	player	uade	Noisetracker 1.x	0	72144	87c12348	6d5c344f	MUSIC/MODULES/S/SWEETTIM.MOD
7481a038441928026dd0fad69846d1bc	1	174217	player	uade	Protracker compatible	0	64512	a8f62669	8b80d5ad	MUSIC/MODULES/S/SUBSPACE.MOD
748f8b73a223e668ddc41d735e03f4f2	1	175518	player+silence	uade	Noisetracker 1.x	0	48196	b060ff85	9656cab9	MUSIC/MODULES/I/ITSACID.MOD
74991187f21fdbab39c437fd4186a7a5	1	137167	player+silence	uade	Protracker	0	220878	adfa5293	8e58edc9	MUSIC/MODULES/F/FRESHHOU.MOD
75686821180485901ad25b7866ad6f60	1	703339	player	uade	Protracker compatible	0	141118	158e7581	f087a236	MUSIC/MODULES/P/PRGFUNK.MOD
769211422fa798f706770d32437b9608	1	414866	player	uade	Noisetracker 1.x	0	214704	9a468fed	ffca1006	MUSIC/MODULES/R/RAINYNT.MOD
76c2aa62acaa8c491de2225b8d01a58a	1	289716	player+silence	uade	Protracker compatible	0	107444	63ea4452	0d606197	MUSIC/MODULES/I/INALIFE.MOD
76e5e66075cfe5c1d5c4cdc469b3c4c4	1	130693	player	uade	Protracker compatible	0	30214	0b3d61f6	f5bb4ba2	MUSIC/MODULES/R/ROCKS.MOD
772887b4316c08b0634d7002d454b38a	1	66029	player	uade	Protracker compatible	0	68960	efc44e20	8036ca1b	MUSIC/MODULES/O/OPERATIN.MOD
7748e1b7147e346129e128e59a5b55a1	1	99968	player	uade	Protracker	0	38460	5c1094ce	11e57b89	MUSIC/MODULES/V/VIBEHIT.MOD
7768ce9fcd0c95635822f0c6a34178ed	1	422240	player	uade	Soundtracker II (31 instr.)	0	129732	05cd900b	78955f02	MUSIC/MODULES/E/EARTH.MOD
780d3bf33498bbc93605bf0cc420754f	1	106821	player	uade	Noisetracker 1.x	0	72734	5e327fe8	bdc00aad	MUSIC/MODULES/S/SYNC3.MOD
795e37259f15606c86343a002e429de3	1	202396	player+silence	uade	Protracker compatible	0	135136	f02bdf20	572345cd	MUSIC/MODULES/Y/YELLOW.MOD
79b57da128da58c8080f88fddb5af386	1	229255	player	uade	Noisetracker 1.x	0	73148	870f1673	0a9fc618	MUSIC/MODULES/O/OASIS.MOD
7a1b62ec68dfb28f6d7ef87965da7a73	1	161397	player	uade	Protracker compatible	0	73578	767fd1ec	75619138	MUSIC/MODULES/P/PIPE.MOD
7a35916d2500071b0d540a630824776f	1	298172	player+silence	uade	Noisetracker 1.x	0	93458	78a73d73	1d920ad1	MUSIC/MODULES/L/LETSHEAR.MOD
7a699080f9d56f2e22f4a4e856674086	1	153721	player	uade	Soundtracker II (31 instr.)	0	97552	59c848f3	9a28b669	MUSIC/MODULES/K/KAWAIK1.MOD
7a73c485e968a285d31764e8c7c56e3b	1	207493	player	uade	Protracker compatible	0	88490	0fc16b3f	06f39e5b	MUSIC/MODULES/F/FLA.MOD
7a745635e2a00b19d5f1db84abe04d91	1	395053	player	uade	Protracker compatible	0	131486	29fb43d5	32670cf7	MUSIC/MODULES/P/POLARCHA.MOD
7b76e1137d83a73488c9c2fd89b260f4	1	245893	player	uade	Noisetracker 1.x	0	46800	4f4097f5	39cf258b	MUSIC/MODULES/F/FOTOGRAF.MOD
7be726dd01ffa142456aa6367cf91293	1	110518	player	uade	Protracker compatible	0	56844	99793748	03557664	MUSIC/MODULES/D/DATSWHAP.MOD
7be726dd01ffa142456aa6367cf91293	2	116586	player
7bf820acd91aefddf8bfa8905cf23437	1	180142	player+silence	uade	Protracker compatible	0	187734	6ba9a7b6	be43c0a7	MUSIC/MODULES/H/HJOURNEY.MOD
7c0a69e2db49b0a23379b7131a16663e	1	245893	player	uade	Noisetracker 1.x	0	79430	84d1434c	c1b89635	MUSIC/MODULES/C/CRYSTALH.MOD
7c275115f1b81112d6868b37c7d24fa0	1	180145	player	uade	Protracker compatible	0	90710	e1dad563	3400e84e	MUSIC/MODULES/B/BASSROCK.MOD
7c56fe503f90de625e0a6820e44775d2	1	254004	player+silence	uade	Protracker compatible	0	108090	afb365ea	3b96b0fa	MUSIC/MODULES/D/DEVA.MOD
7cb8859c8d9248862400001962a13af9	1	89278	player	uade	Protracker compatible	0	102626	bce3f091	7f63802a	MUSIC/MODULES/H/HDTITLE.MOD
7cfe709f2b494bd44a69921a924933a9	1	326531	player	uade	Protracker compatible	0	165818	c17f8f63	c8b5ac9f	MUSIC/MODULES/C/CRAZYTRN.MOD
7d0ddb3534f1b911a9aa7248fcf842ce	1	256141	player	uade	Protracker compatible	0	105336	4f7a996b	7b629ae1	MUSIC/MODULES/B/BEAT.MOD
7df3b23adf8bb003321a6da6912e9bd9	1	259919	player	uade	Noisetracker 1.x	0	102162	9e84d226	3f873373	MUSIC/MODULES/H/HELICO.MOD
7e10ff32119a8527c08f21bb76798814	1	153721	player	uade	Soundtracker II (31 instr.)	0	88876	4a91db1c	018da26a	MUSIC/MODULES/K/KAWAI.MOD
7e1615bb17b463b18cd6dfa162ae2906	1	161397	player	uade	Protracker compatible	0	204488	55dd8772	a95ba014	MUSIC/MODULES/D/DEFEAT.MOD
7e20f81482e173c37332276ade6597a7	1	307321	player	uade	Protracker compatible	0	135656	d4a595e4	9f59cfc4	MUSIC/MODULES/K/KEFRENS1.MOD
7e52b3675d2439be4b2a82765c9283ce	1	222845	player	uade	Noisetracker 1.x	0	82052	91dd0122	aba335ed	MUSIC/MODULES/A/AKTION.MOD
7e8b6cd6f2f62364182d19831966aa20	1	268921	player	uade	Protracker	0	107514	d513efe1	ad87335f	MUSIC/MODULES/S/STORIES.MOD
7e993032bcfe4733a8d63dff5d88d7c7	1	176769	player	uade	Soundtracker II (31 instr.)	0	78762	8aef3a76	eaee5e7c	MUSIC/MODULES/F/FYC.MOD
7f29c440e0e19d75b8ee14a66799c848	1	70691	player	uade	Protracker compatible	0	192402	47b79197	2e47509f	MUSIC/MODULES/F/FEE.MOD
7f36e42d3ddaa4cb59c4f8d3c9a55a59	1	107645	player	uade	Protracker compatible	0	91358	1f536e75	d065025d	MUSIC/MODULES/S/SILENTPL.MOD
7f825b2d5a1eb8593825cebc1298c4b9	1	207493	player	uade	Protracker compatible	0	139428	570c239d	df71901c	MUSIC/MODULES/E/ELECDRUG.MOD
7f981818fb8131368fa765f49a7e307b	1	179321	player	uade	Protracker	0	76870	2ec6a749	a0b3bfdf	MUSIC/MODULES/I/INCONTS1.MOD
7fa28e2797e055dfaed0a07ec31fd851	1	307321	player	uade	Protracker	0	162446	cf108a3a	01f1d3cc	MUSIC/MODULES/H/HAMMER.MOD
7fc5cb2c546f04926a0037fb1e729c9d	1	27006	player	uade	Protracker compatible	0	32172	fac5a122	03b7442d	MUSIC/MODULES/O/OLYMPIC.MOD
7fe69ea4e33493796b2267bb005fce26	1	265968	player+silence	uade	Protracker compatible	0	98750	070e7f78	9573f86d	MUSIC/MODULES/P/POORMOUT.MOD
7fedeaa97631b63b485ce69c99855fed	1	183355	player+silence	uade	Soundtracker II (31 instr.)	0	83480	176d8dd4	a2770c57	MUSIC/MODULES/B/BZ.MOD
803379c8e612d3e5bb8e26bfcad52416	1	261245	player	uade	Protracker	0	96836	7d749fdf	18e44ef8	MUSIC/MODULES/I/INGAME.MOD
80dfd9199d673e5354f8f19b4b9bbc21	1	230541	player	uade	Protracker compatible	0	210850	46facb18	71daa630	MUSIC/MODULES/C/CRUNCH.MOD
819ae93c3a8819fe2458a917ae87d42b	1	38520	player	uade	Protracker compatible	0	23246	87594f80	8a74d250	MUSIC/MODULES/P/PERHAPS2.MOD
822945524578ff74bc948744e70ab23d	1	237554	player	uade	Protracker compatible	0	146554	14b7bd35	f75490dd	MUSIC/MODULES/T/TUNAFISH.MOD
829341ca01a10fa529ac005788b5803f	1	46216	player	uade	Protracker compatible	0	55376	776cdd44	4cb4ce69	MUSIC/MODULES/L/LEANDER1.MOD
82b0be936ec646bd2f8681d19176936e	1	310016	player+silence	uade	Soundtracker II (31 instr.)	0	78742	53c7718c	52cf2bb8	MUSIC/MODULES/M/MAGNET.MOD
830ec2d5006cd1313150c6ece0b7d150	1	15110	player	uade	Protracker compatible	0	36314	ac587190	ea408ffe	SAMPLES/EFFECTS/EVIL.SND
839495157874456e9b187e2c700a452b	1	130693	player	uade	Noisetracker 1.x	0	63218	ac8bce5d	d1425376	MUSIC/MODULES/F/FREESTYL.MOD
8416482fc10f95d112b5a9b50d28b897	1	238197	player	uade	Protracker compatible	0	161922	621a760b	43a947f0	MUSIC/MODULES/P/PUMPUPJ.MOD
84e635e53853463fb59e7111518379c9	1	190750	player+silence	uade	Noisetracker 1.x	0	168392	61e24bdf	0c816d55	MUSIC/MODULES/H/HARRYHOU.MOD
8500e47f317bce108b72b3e7b8a20b37	1	219007	player	uade	Protracker compatible	0	162772	db983a38	26af9e29	MUSIC/MODULES/S/SCOOPEX.MOD
85afd8b5bcf57e9e6cc56dd704334d2c	1	258205	player+silence	uade	Protracker compatible	0	116594	e3c088b2	acdd9e55	MUSIC/MODULES/M/MAGICTUB.MOD
85e99c4c55c3ec5843518f5dd6b2c173	1	268921	player	uade	Protracker	0	193530	a4ae122f	d795eb3f	MUSIC/MODULES/N/NINJRABB.MOD
8636cde6c5cdd70a3567a623b90b6882	1	152746	player+silence	uade	Noisetracker 1.x	0	57072	d3a05cc3	9e664c53	MUSIC/MODULES/A/ASSASIN.MOD
86eba4190c26331d8fbf837949056eea	1	355616	player+silence	uade	Protracker	0	84158	359d07fd	d1268fb9	MUSIC/MODULES/H/HYSTERIA.MOD
870f83c6a884471addd6ea50b8817b9e	1	230541	player	uade	Noisetracker 1.x	0	81282	45870449	f6e9eda5	MUSIC/MODULES/W/WALKMAN3.MOD
8730d9335e6200b2a0121f36f5de1a76	1	366171	player+silence	uade	Protracker	0	188536	a97b0afe	f7bd26c3	MUSIC/MODULES/W/WAYTOMID.MOD
87866f915b223287423e38ee954ceab5	1	84616	player	uade	Noisetracker 1.x	0	53576	6c700a08	5f7768d7	MUSIC/MODULES/E/EAGLES.MOD
87aa504f76cf0914350861cd75980fc2	1	391818	player	uade	Protracker compatible	0	156338	bbe0614c	c711b336	MUSIC/MODULES/P/PSYCHOSP.MOD
87bb854a7307c65a8fe62055f3076b3e	1	269840	player+silence	uade	Protracker	0	97082	ee33c321	bf3fc251	MUSIC/MODULES/T/TS.MOD
8800b62f75efc4447750552eaa0ea300	1	51320	player	uade	Protracker compatible	0	12276	83566e64	cca6adfd	MUSIC/MODULES/V/VIOLENT.MOD
883a13eb560cd233a65f9cbcd1a5feef	1	161397	player	uade	Protracker	0	75158	01373669	dd928342	MUSIC/MODULES/S/SHADOWS.MOD
88d3096147268d95fddc1527baa787b3	1	376466	player	uade	Noisetracker 1.x	0	105562	9a82a752	eefffcfe	MUSIC/MODULES/H/HCSERASU.MOD
893fc5a6b710cfc41877fd09c08d3f25	1	138369	player	uade	Protracker compatible	0	75766	c1c2ca6f	f52079f2	MUSIC/MODULES/E/E1.MOD
893fc5a6b710cfc41877fd09c08d3f25	2	61568	player
893fc5a6b710cfc41877fd09c08d3f25	3	38520	player
8960931baf3fab29c1badac7e0b90ff4	1	20596	player	uade	Protracker compatible	0	65882	bf57e715	2e5a2cc8	MUSIC/MODULES/C/CAROUSEL.MOD
89819272a8c487b3a253cd1683476f1f	1	84616	player	uade	Noisetracker 1.x	0	133456	8b2e26b9	dab40305	MUSIC/MODULES/S/SPIKEMIX.MOD
8a07cca059c5ffd6440d16ad6a1897b2	1	103163	player	uade	Protracker	0	84998	0c2be561	e85acc6f	MUSIC/MODULES/J/JOE2.MOD
8a22bf1e04057ffd158ccde2ba5eda54	1	223252	player+silence	uade	Protracker compatible	0	127582	383005d6	8961db46	MUSIC/MODULES/F/FASTFOOD.MOD
8a5a27c49eba9a4039c0e8927064eaae	1	143493	player	uade	Protracker compatible	0	92480	c3b70695	626f4fe1	MUSIC/MODULES/S/SHADOWFI.MOD
8a76d8f0e2f3027762d95bbe77e0ee08	1	171002	player	uade	Protracker compatible	0	44540	a5b6d1e3	e4617154	MUSIC/MODULES/L/LETSGO.MOD
8abba6d4f501fb4225a1841d3ae2ed06	1	309210	player	uade	Noisetracker 1.x	0	236448	94a8c205	8cfa2964	MUSIC/MODULES/O/OLDROMEO.MOD
8acd25020e5560aad9fccd1575abeb65	1	44910	player	uade	Protracker compatible	0	39210	77003471	4c3a25f4	MUSIC/MODULES/M/MUNKJAMS.MOD
8ad29522efeac6526f93a809456733b5	1	242055	player	uade	Protracker compatible	0	106026	e4ee9063	456aae5c	MUSIC/MODULES/C/CHICAGO.MOD
8bbee6f14858c7b7f50204b9a4f82381	1	320121	player	uade	Noisetracker 1.x	0	89144	60ccd0f5	2897d6af	MUSIC/MODULES/S/STARWAY.MOD
8bffc46f46e0911f29ff4edf0c71a484	1	249731	player	uade	Protracker compatible	0	263994	81b76501	cf724d63	MUSIC/MODULES/A/ATMOSPHE.MOD
8cb50f1ac19241fd2594e363314f5e3b	1	188562	player+silence	uade	Protracker compatible	0	115272	c8f95924	132517ed	MUSIC/MODULES/R/RHYTHMAS.MOD
8d31fa79f763c66712ff9993748c3948	1	107645	player	uade	Noisetracker 1.x	0	73878	f5040b27	7eb39d60	MUSIC/MODULES/A/ACIDMACH.MOD
8d73dca7e64df243cac074401cbfe8bb	1	279169	player	uade	Protracker compatible	0	123588	05f08d24	d169f762	MUSIC/MODULES/C/CYCLEDEL.MOD
8da69d3597914b8fb1685fa34ccdf827	1	258516	player+silence	uade	Protracker	0	170952	4c296f1f	b71ff004	MUSIC/MODULES/K/KATZETNI.MOD
8dac9f348f9039076f8e860b9ece9cca	1	233374	player	uade	Protracker	0	110828	29b8f8d8	f18c72e8	MUSIC/MODULES/B/BRAIN.MOD
8dfd1bccb2172548918469a0a6bc4e89	1	357256	player	uade	Protracker	0	117478	413e0984	608b3f1b	MUSIC/MODULES/T/TER.MOD
8e51051ecd345d48f975d315b29843a9	1	213527	player+volume	uade	Protracker	0	126310	34a9735c	28d27a71	MUSIC/MODULES/A/ALONE.MOD
8e71221964f1074655a6ff2a139086e8	1	103786	player	uade	Noisetracker 1.x	0	58776	b325482b	d40113cf	MUSIC/MODULES/V/VAMPIRE.MOD
8eaf470a40705d7048a5754d1a3699a5	1	237333	player	uade	Protracker	0	265170	c8b97658	f85be79e	MUSIC/MODULES/W/WRLDWAR.MOD
8f031de4fa631ce6c69286ad6796387c	1	230541	player	uade	Protracker	0	119290	1d4dc047	51800b9c	MUSIC/MODULES/C/COSMOLIN.MOD
915ca9bedfb0dd98e10aa734d46323dc	1	381410	player+silence	uade	Protracker compatible	0	110236	9ee57ab2	295fc42f	MUSIC/MODULES/W/WERETHED.MOD
91ad2df4db4bbd435ad1512b856ef7e2	1	184445	player	uade	Noisetracker 1.x	0	67902	1599479f	2e70c729	MUSIC/MODULES/S/SIMULATI.MOD
92117c5c4559e3ca34f2ac9d4682afe5	1	176769	player	uade	Protracker compatible	0	56626	384ad9ba	e917268e	MUSIC/MODULES/D/DOTS.MOD
9221a6cff2786f32ba58a6d8af467b43	1	324602	player	uade	Protracker	0	112586	21c4e1e3	9649836e	MUSIC/MODULES/G/GROUNDZE.MOD
928e774571f9e14494c34d2cf9eac9f3	1	128121	player	uade	Protracker compatible	0	86712	c5bfd307	cf74a2c4	MUSIC/MODULES/G/GOFAR.MOD
92b4a57d47d6b204e4faafdfbdcd02e8	1	317856	player+silence	uade	Protracker compatible	0	122580	a729725d	10d4d352	MUSIC/MODULES/G/GRAVEYD.MOD
92d96ae7d9e47189e9758e4eda602a78	1	153511	player+silence	uade	Soundtracker II (31 instr.)	0	91666	7d577e24	16220595	MUSIC/MODULES/C/CIRCUS.MOD
930c89d487d8ab8dc8c035b78a89c8a5	1	299645	player	uade	Protracker compatible	0	140650	4411e6da	fd5c8f59	MUSIC/MODULES/G/G6.MOD
933e2fe58a809e33b73d3ff0fc741736	1	124805	player	uade	Protracker	0	76770	a9c28f0f	16658472	MUSIC/MODULES/U/UNDERGRO.MOD
934304a6309388f72f9a8f0fe6a2bbd7	1	184445	player	uade	Noisetracker 1.x	0	81252	26907bde	34630f83	MUSIC/MODULES/R/RSIGSC.MOD
937fda46d8ceb09f69e81ee3883d027d	1	149883	player	uade	Protracker compatible	0	76568	25a78951	431504f3	MUSIC/MODULES/T/TECHNO.MOD
939892f15bae9033a701e6c3864b799c	1	388277	player+silence	uade	Protracker compatible	0	182594	c974a8be	74ba891c	MUSIC/MODULES/A/ABACAB.MOD
93b235103485042c3efb84fe5c67edc8	1	350620	player+silence	uade	Soundtracker II (31 instr.)	0	120400	04314538	442129ca	MUSIC/MODULES/O/OUTRUN.MOD
93bd9ee66fd81ebda745a4f24aa71c6b	1	18044	player	uade	Protracker compatible	0	30884	6b726f49	0a611f59	MUSIC/MODULES/T/TRAIN7.MOD
94b0c21995908ad2cbf89d4204ffb4ea	1	391818	player	uade	Protracker compatible	0	81834	5fb6c8d0	ff85f03f	MUSIC/MODULES/G/GURU.MOD
94d825d1df3ef342233a450a2a07da3a	1	159220	player+silence	uade	Noisetracker 1.x	0	103392	18f7232a	73425360	MUSIC/MODULES/M/MEGFORCE.MOD
94d86683cb61e13f059de4edb6124710	1	99968	player	uade	Noisetracker 1.x	0	103126	ae3a6817	793e7f9d	MUSIC/MODULES/T/TRITAX.MOD
94ea09e4ceb3008d407d14023ed1b9e9	1	99968	player	uade	Protracker compatible	0	50944	16765c1a	651ebc43	MUSIC/MODULES/Y/YUMMBALL.MOD
94f673738d8a4a1560670f897c2974dd	1	146045	player	uade	Noisetracker 1.x	0	95268	96322936	c29a4c49	MUSIC/MODULES/Q/QUANTUM6.MOD
95182d87a91a3880e1efffc133d6f25d	1	160131	player	uade	Protracker compatible	0	115114	2f57783c	32db137e	MUSIC/MODULES/A/ANARCHY2.MOD
95ff053a62049b8e9aaf72a8baf15c72	1	238197	player	uade	Protracker compatible	0	120972	a3c7fb63	92468cd6	MUSIC/MODULES/R/RYTHMN.MOD
9611407db37a9608387b5150217add1c	1	84616	player	uade	Soundtracker II (15 instr.)	0	39470	ce89e4f3	c75d0460	MUSIC/MODULES/T/TUB.MOD
961639595c921cbb9fe054fa7b84cc39	1	900966	player	uade	Protracker	0	141456	7c7c3efc	3fd8f7d4	MUSIC/MODULES/N/NOWWHATI.MOD
971a6cc645c2ca376d5b79f030e94402	1	284293	player	uade	Noisetracker 1.x	0	88348	75fe31c1	3301de52	MUSIC/MODULES/D/DREAMLAN.MOD
974b87d9aa16335ffcabe971b8c3b2fe	1	303741	player+silence	uade	Noisetracker 1.x	0	65260	5742cbba	9cad5067	MUSIC/MODULES/S/STACK.MOD
976c06c1fb53194bbfd1308c28d3abdf	1	57730	player	uade	Protracker	0	30558	4046c2dc	dc30417b	MUSIC/MODULES/S/STYLEE.MOD
97ed5448dfe91da3d04036d1cf89edc1	1	139393	player	uade	Protracker compatible	0	88596	2570671d	507db08f	MUSIC/MODULES/T/TRASH.MOD
998dd93c81b651674d7a1d9c1605fddc	1	102520	player	uade	Noisetracker 1.x	0	48550	3aeb85c4	60d91a7d	MUSIC/MODULES/T/TRAFFICB.MOD
9a30b1ed798a37d90fe5182bca465b4b	1	97718	player	uade	Noisetracker 1.x	0	80580	84324216	e3c62462	MUSIC/MODULES/T/THISISIT.MOD
9a60bca688f4689b2d4e3d0a99283511	1	146045	player	uade	Noisetracker 1.x	0	56772	218f310a	198668e6	MUSIC/MODULES/Q/QUANTUM.MOD
9a96e0c5c0f14bedfe8232a6d8b39244	1	208697	player+silence	uade	Protracker compatible	0	101100	c3d3958e	a30b2607	MUSIC/MODULES/N/NIAGRA.MOD
9b526491a8cf3582962954104d541e78	1	394127	player+silence	uade	Protracker compatible	0	196596	47f59c56	d65f5c62	MUSIC/MODULES/K/KILLING.MOD
9b7dfada17483eb0a1cf742b7931f00f	1	263518	player+silence	uade	Protracker compatible	0	178954	8700f548	516ff258	MUSIC/MODULES/I/INTHEHAN.MOD
9b7e50f6245078d9d52d3f1b823d5635	1	226557	player+silence	uade	Soundtracker II (31 instr.)	0	109710	831c63b0	76a76658	MUSIC/MODULES/D/DEEPRED.MOD
9d363b6166d8e3ad324af92cd47888d3	1	123076	player+silence	uade	Protracker compatible	0	78136	829080b3	9349a3b9	MUSIC/MODULES/D/DIABLO.MOD
9d5c5b255f203300c77a05b13e0f735e	1	302539	player	uade	Protracker compatible	0	158526	3153af37	3807b3ce	MUSIC/MODULES/P/PROGRESS.MOD
9d5c5b255f203300c77a05b13e0f735e	2	260401	player
9da61fa5660a737d8a1b93ff8bff0bd3	1	184445	player	uade	Noisetracker 1.x	0	122564	35e7c153	c507c971	MUSIC/MODULES/M/MUSIC4.MOD
9e086815ffdf41aeda09165eb0435b0e	1	222845	player	uade	Noisetracker 1.x	0	94546	a98657e6	7f73f1e4	MUSIC/MODULES/C/COUNTDOW.MOD
9e09f57aa23803889aa008d191f1db82	1	254625	player+silence	uade	Protracker	0	91066	80424342	3c4ba848	MUSIC/MODULES/S/SHELLEY.MOD
9e63479ac8f4c67f9c3ce42396efa350	1	174197	player	uade	Noisetracker 1.x	0	81480	12449a89	dff3cf6c	MUSIC/MODULES/A/ARTEMIS.MOD
9e6418146a766e63779ee06469767191	1	15472	player	uade	Protracker compatible	0	73012	6a4677f5	c958373d	MUSIC/MODULES/C/CHASEHQ.MOD
9e6418146a766e63779ee06469767191	2	7678	player+silence
9e6418146a766e63779ee06469767191	3	20596	player
9e6418146a766e63779ee06469767191	4	55178	player
9e6418146a766e63779ee06469767191	5	28915	player
9e6418146a766e63779ee06469767191	6	56424	player
9e6418146a766e63779ee06469767191	7	41715	player
9e8741fda45d2e1cbd7c33235a6e3103	1	122997	player	uade	Noisetracker 1.x	0	149166	452421f5	7d5c61c9	MUSIC/MODULES/M/M1SONG.MOD
9ea6ad97da7c4dc37e6e8fecf304cdb8	1	150787	player+silence	uade	Protracker compatible	0	122104	b7468a6b	54681f80	MUSIC/MODULES/N/NAMEWASB.MOD
9f1ca69759c7b78307bc46eb6e7eaa9d	1	33336	player	uade	Protracker compatible	0	47972	9e757c08	cae637af	MUSIC/MODULES/A/AWAKEN.MOD
a04b053dd77bcabbc5bea3c666668636	1	176769	player	uade	Soundtracker II (31 instr.)	0	154140	a90e93ee	55be53ed	MUSIC/MODULES/J/JARRE.MOD
a0652f7bbc40176186cae17ead9048bc	1	327817	player	uade	Protracker	0	107604	2776c485	03f40c70	MUSIC/MODULES/K/KILIMANZ.MOD
a0697900c012dd6d7d71dc8057c27401	1	143493	player	uade	Noisetracker 1.x	0	49212	f59a406e	957c54ec	MUSIC/MODULES/F/FROGMIX.MOD
a0bdbf588853fb1c16cba7fadb798b9f	1	285157	player	uade	Protracker	0	139086	a9a75f68	dcda61f3	MUSIC/MODULES/S/STREETJ.MOD
a1297f310a468613fdbbae4b4427d1cf	1	76920	player	uade	Protracker compatible	0	35226	9c3af0c7	bdb33c01	MUSIC/MODULES/E/EGYPTIAN.MOD
a1427da886e87caff6c882ba858a0850	1	264213	player+silence	uade	Noisetracker 1.x	0	112676	6b99729e	404574c2	MUSIC/MODULES/D/DNS.MOD
a18b39464032c9125b997cf90dcf519d	1	38520	player	uade	Noisetracker 1.x	0	50588	2d7dc00c	d4d1f506	MUSIC/MODULES/D/DISCOII.MOD
a1a047ebace5e22841da91c22cdf0f63	1	337885	player	uade	Protracker	0	185224	4632f1c3	509dca46	MUSIC/MODULES/T/TSL1990.MOD
a1cca1d0c69fddd0fd1b71c34d6ff9fc	1	138369	player	uade	Protracker	0	119156	5d62d4b7	965536e6	MUSIC/MODULES/D/DARKDANC.MOD
a21bfebdc6d646278044435a5b6ef9f0	1	107645	player	uade	Protracker compatible	0	85766	8319edcf	a96ff1f6	MUSIC/MODULES/G/GHETTO.MOD
a34002d4cf557bc93c54c77e00c77c84	1	50677	player	uade	Protracker compatible	0	17908	5f8a7ecb	6f6a3926	MUSIC/MODULES/S/SUPPER.MOD
a340565eab5444614bf2ef7580ec0aac	1	80758	player	uade	Protracker compatible	0	64194	1ae6c584	d7c569d7	MUSIC/MODULES/T/THEBEAT.MOD
a3a086ed0b0f9b848659cd1665f9032a	1	262451	player	uade	Protracker	0	195984	6f4f8f16	f97e5756	MUSIC/MODULES/I/INROCK.MOD
a3a086ed0b0f9b848659cd1665f9032a	2	149802	player
a41a93c500c7f4bc75d71262f93dc73c	1	122997	player	uade	Protracker	0	52356	9a12a025	91a2400b	MUSIC/MODULES/P/PROCESI.MOD
a4bba349052842eb08ce74ef983db734	1	192141	player	uade	Protracker compatible	0	88392	0351fb7f	f58a74ac	MUSIC/MODULES/N/NOTHING.MOD
a5295ec44465cad6b3962ac89249eecc	1	84616	player	uade	Protracker compatible	0	181498	9c6f7588	0e3f7a98	MUSIC/MODULES/G/GETTECH.MOD
a5402e64cc1f3ada47d275c816eadbaf	1	122997	player	uade	Protracker compatible	0	136000	bafea637	45c29611	MUSIC/MODULES/H/HOUSE.MOD
a573d18a14bf875acab6ddcaf8d31cfc	1	130693	player	uade	Noisetracker 1.x	0	103506	9d2a709b	34e945be	MUSIC/MODULES/W/WASTELAN.MOD
a5cdafd911cebc243c8847fd0b6a02e9	1	157579	player	uade	Soundtracker II (15 instr.)	0	90550	86214a64	292946a4	MUSIC/MODULES/S/SMOKE.MOD
a5e9ca90ef0e62738b6021152142247a	1	327817	player	uade	Protracker	0	153014	7468fde7	7a116948	MUSIC/MODULES/J/JAMBUG.MOD
a5ecf587bf586e2ec5de35b6645eb391	1	92272	player	uade	Protracker compatible	0	45306	6baca280	c720e7e0	MUSIC/MODULES/S/SOUL.MOD
a63e40fde4807ebbb731e0cce3378607	1	7796	player	uade	Protracker compatible	0	28334	89c784af	0ccc4ca0	MUSIC/MODULES/B/BACKING1.MOD
a63f22f06fcdc09f9b9e5125591fb9e2	1	192141	player	uade	Noisetracker 1.x	0	89058	28cf0227	7ba32ad8	MUSIC/MODULES/H/HIPFUNK.MOD
a65959fb9b8e31371390ed00b0a4a839	1	192141	player	uade	Protracker compatible	0	72916	b309f6bb	9473d4c1	MUSIC/MODULES/M/MODELDIS.MOD
a697ff5ed6c0aa30a7d073a185f4e4f5	1	314011	player+silence	uade	Protracker	0	104600	94530bbc	db112338	MUSIC/MODULES/M/MAGRUST.MOD
a6ba0bf18c1be5d760ea38e41b53647a	1	94222	player	uade	Protracker compatible	0	86876	921bb667	31cedb05	MUSIC/MODULES/D/DTDMSOUN.MOD
a7521e0f26f65ab1258ed8d4bbb3e2d4	1	73082	player	uade	Noisetracker 1.x	0	57128	821d3b97	bab844ae	MUSIC/MODULES/P/PIANOPLI.MOD
a80d2c4022a79ea5bea839a406f21e8c	1	205564	player	uade	Protracker compatible	0	92246	5b80665c	eafb78d7	MUSIC/MODULES/C/COUSTEAU.MOD
a82b67315e5a769c236b12005ff7f5e6	1	191306	player+volume	uade	Noisetracker 1.x	0	86612	1476d4d6	a0bfe8b2	MUSIC/MODULES/E/EMBOLD.MOD
a8a5012f26e687590b957d14ceda96b7	1	146045	player	uade	Protracker compatible	0	179274	8d94953a	0149ef59	MUSIC/MODULES/N/NOGGINSN.MOD
a907b896c45cc3248ecec064c037e935	1	240849	player	uade	Noisetracker 1.x	0	123232	e510f5aa	c05f2cc7	MUSIC/MODULES/A/AXELF.MOD
a90d8311e00dccabb548f0fe25efa1f5	1	46216	player	uade	Protracker compatible	0	27924	148b0326	a1d5c057	MUSIC/MODULES/L/LOONCRED.MOD
a923366efa8f61edebdf5b471dd1c992	1	69224	player	uade	Protracker	0	79758	3e5ce544	42b5cdc1	MUSIC/MODULES/S/SHEISCOM.MOD
a9f9ebbe7c1db43d46e15ef72c2d6211	1	210052	player+silence	uade	Startrekker (4ch)	0	117788	f9a01002	02f67d46	MUSIC/MODULES/W/WHISK.MOD
aaff750bcead61a465b6ed6054043f7b	1	207493	player	uade	Soundtracker II (31 instr.)	0	75972	b8b43d43	408d9054	MUSIC/MODULES/P/POWER.MOD
ab106ffcb61759b8c239eec66aba1262	1	75011	player	uade	Protracker compatible	0	51326	fe4bf09b	5d166814	MUSIC/MODULES/B/BREAKF.MOD
ab2b811d407e57221ed20eb4bd7ee575	1	222845	player	uade	Protracker	0	130006	125254ad	6f0fd8bf	MUSIC/MODULES/E/ELYSIUM.MOD
ab62266881c11650c24edb7d46386304	1	148597	player	uade	Protracker compatible	0	69504	8ce2890f	2948efc0	MUSIC/MODULES/G/G10.MOD
ab9c37ee8cb51d4a1e4c9c1c9abd0640	1	146045	player	uade	Noisetracker 1.x	0	55862	5aed8ccc	71e26dd3	MUSIC/MODULES/T/TENNIS.MOD
ababb2abd36d49bae7112cf2e5700ffc	1	138369	player	uade	Protracker compatible	0	164534	0975a321	ac35ba99	MUSIC/MODULES/P/PSY.MOD
ac30a21bd83f46cafe7f462c7fe95b52	1	119179	player	uade	Protracker compatible	0	70504	ec8bda92	f3b4b2bb	MUSIC/MODULES/K/KEFRENS2.MOD
ac5db86e2d0d48fd6d1c41df1ab4b546	1	288392	player	uade	Protracker compatible	0	210714	00fa9d08	da3b7491	MUSIC/MODULES/D/DAISY.MOD
ae3c04d653b7b5e251b3233eb1500771	1	130693	player	uade	Protracker compatible	0	80724	42370b5c	29cefc70	MUSIC/MODULES/T/TAKEOFF.MOD
ae3db13a755db589ffa1a296f6f86068	1	107645	player	uade	Noisetracker 1.x	0	77042	a199468f	b958ccc4	MUSIC/MODULES/D/DEEPSTRE.MOD
ae95ca4ca6850f87bc4adb4b13cb55fa	1	76920	player	uade	Protracker compatible	0	42374	a54b818e	7f0b5e82	MUSIC/MODULES/R/RUMBLE.MOD
aea97f04e688bc1ea229eadb426b2353	1	147733	player	uade	Protracker compatible	0	121428	78b8476c	40279f2b	MUSIC/MODULES/M/MUMBLY.MOD
aec0a62f74c5eff4e44f0fad938cf9a7	1	84616	player	uade	Protracker compatible	0	139196	fcbc2aaf	53bb2349	MUSIC/MODULES/S/SWCHITS.MOD
aedb5a00ee6b2911e0b8dbab572ed3e0	1	317718	player+silence	uade	Protracker compatible	0	149060	3ab649b0	2b374481	MUSIC/MODULES/M/MAKEASTA.MOD
aeec6c3b805fc02d43b86587cb453971	1	192141	player	uade	Noisetracker 1.x	0	47040	419453dc	6e230c36	MUSIC/MODULES/A/AMIGAGOE.MOD
af472fee4f7a776d314f18354e16f46c	1	309337	player+volume	uade	Noisetracker 1.x	0	111868	f52c7aac	a60a69d1	MUSIC/MODULES/F/FLASH.MOD
b01a547b87f9a0edeb16c427ecc31dce	1	122997	player	uade	Protracker compatible	0	81474	2c5b1a10	2b992440	MUSIC/MODULES/I/ITSASIN.MOD
b08ab48cecb7e92762ccfcc678a27b4a	1	120324	player	uade	Protracker	0	27410	4204f939	d2e99542	MUSIC/MODULES/F/FIREBALL.MOD
b0b15509a7095d05433921eb74d96d65	1	173765	player+silence	uade	Protracker	0	34688	e7c4d890	392820f5	MUSIC/MODULES/E/EMPTYSPA.MOD
b0f6c5d2bcccb24264fb821c38b1b583	1	130693	player	uade	Protracker	0	66312	929557c3	16537c81	MUSIC/MODULES/S/SLL12.MOD
b14e79cf62b2f69e3445f475e63c9e7d	1	86525	player	uade	Noisetracker 1.x	0	57350	ac017bfb	8917372c	MUSIC/MODULES/R/RIGHTBAC.MOD
b1e34ed7be66a161edac619c92ee3265	1	227326	player	uade	Noisetracker 1.x	0	78438	6180c474	f67f80f4	MUSIC/MODULES/A/2BEPLAYE.MOD
b23d7bf62f4de2e06cad760d79380360	1	261245	player	uade	Noisetracker 1.x	0	67978	898d4229	7b63d4c9	MUSIC/MODULES/H/HNOISE.MOD
b2753195f4f239a9d3b71224b2f5c4cc	1	345721	player	uade	Noisetracker 1.x	0	85688	79c31fdd	2446778a	MUSIC/MODULES/U/UNIVERSE.MOD
b3105ad1e034e86360d5b62a7f770a77	1	111218	player+silence	uade	Protracker compatible	0	54618	c1dd96be	7c85b4d0	MUSIC/MODULES/I/ITSALRIG.MOD
b36915b7b2c4239fc72b211c4e4f771b	1	115321	player	uade	Protracker compatible	0	113790	afe2c915	04ef4762	MUSIC/MODULES/Z/ZAM.MOD
b47952059cb40f4c35a75cb076084fad	1	207842	player+silence	uade	Noisetracker 1.x	0	73784	d04effaa	23dcecd0	MUSIC/MODULES/I/ILLUSION.MOD
b4a0903b84d18aaa7770b4644de4be4b	1	169093	player	uade	Protracker compatible	0	30454	d2d1cd5d	2ae4e30c	MUSIC/MODULES/L/LITTLE.MOD
b4b2b823b35512ce239a60242a5f7beb	1	288171	player	uade	Protracker compatible	0	109936	2d684029	b156012c	MUSIC/MODULES/D/DIRT.MOD
b4b8343c408b44c9987cf6e46f27b25b	1	309893	player	uade	Noisetracker 1.x	0	154802	0e44f9f9	cfdd1879	MUSIC/MODULES/M/MESSAGE.MOD
b508bdc8f9ce9a3f8a7c03964bd890e8	1	314736	player	uade	Protracker compatible	0	129266	f4f87b8e	b5874949	MUSIC/MODULES/N/NIGHTFAL.MOD
b586269b6540d19d6dce5aebfcffc163	1	134651	player	uade	Protracker compatible	0	52968	79325ddc	6abff8b1	MUSIC/MODULES/A/ALBERTS.MOD
b5d96d12d0329691a55b9d09e203a0fb	1	170379	player	uade	Protracker compatible	0	54408	e81b2f06	e33f9a29	MUSIC/MODULES/P/PRINCRAZ.MOD
b5ea2af6109c58cfaed218aa2695870b	1	211331	player	uade	Protracker	0	120544	a640b36c	5eb9f33b	MUSIC/MODULES/R/REDROCK.MOD
b690e56b3a64080c5eb219007e4ef492	1	115321	player	uade	Protracker compatible	0	34422	78b2b8b3	ee96d259	MUSIC/MODULES/M/MUZ.MOD
b6c0db6e8c3cba3acd24e00de197f42a	1	279069	player	uade	Protracker compatible	0	148908	798a9396	7858c366	MUSIC/MODULES/B/BRIDGE1.MOD
b6d0aabbc4eeac27631dfbe2606a408f	1	146045	player	uade	Soundtracker II (15 instr.)	0	84202	c24b0204	aa4dc827	MUSIC/MODULES/A/AWESOME5.MOD
b75f0f471b0ae400185585ca05bf7fe8	0	176231	player+silence	libopenmpt	Master Soundtracker 1.0	4	112150	0d6e92ac	a181c7de	MUSIC/MODULES/R/RAZOR.MOD
b76da67f71a4ea2bf344198e4d84c505	1	184445	player	uade	Protracker	0	78446	ca472a21	793ec0dd	MUSIC/MODULES/H/HORIZ36.MOD
b7a9985e4c5a9a3e9758257317bf3c42	1	170580	player	uade	Protracker	0	197674	235874d0	f91d0351	MUSIC/MODULES/Y/YOAFRICA.MOD
b896da235e16d953a6f1ce45df565a89	1	127976	player+silence	uade	Protracker	0	40924	fadf4e9b	673a5cc1	MUSIC/MODULES/R/RAVEN.MOD
b8bb8586fa825e1124384a4e69613ee4	1	158845	player	uade	Protracker compatible	0	52162	40cd641e	f017f5ca	MUSIC/MODULES/M/MARILYN.MOD
b8e6ce727b945e09302e94fefec4f3be	1	153721	player	uade	Protracker	0	122142	771597d5	7529c6dc	MUSIC/MODULES/F/FIREELEP.MOD
b95d73e080e3bc1444ff29ab63c90901	1	154297	player+volume	uade	Noisetracker 1.x	0	86158	c4da51c9	a8492129	MUSIC/MODULES/A/ALF.MOD
b9bd09b47f86c89c66c79a5867c52d85	1	30824	player	uade	Protracker compatible	0	21972	87212d8d	95e5871a	MUSIC/MODULES/M/MIDNIGHT.MOD
ba0bd404cebdacec8e931fcfa1b272e7	1	161906	player+silence	uade	Protracker compatible	0	116230	c90cb911	0a433352	MUSIC/MODULES/G/GAUNTLET.MOD
bb420a26bd81fc37a6300edc2bb71266	1	211745	player+silence	uade	Soundtracker II (31 instr.)	0	116740	03927018	ecca0203	MUSIC/MODULES/L/LIVINSIN.MOD
bbaf4f4b1ba9686800dc65ef458bf59a	1	313088	player	uade	Protracker	0	131388	a58167bd	8c607a1a	MUSIC/MODULES/M/MONKEYDR.MOD
bbe1c720decc5a299d0289c1e8285dda	1	240126	player	uade	Protracker	0	111714	a41bf03c	0352121e	MUSIC/MODULES/C/CHANT.MOD
bbe8223949fea19a3f506be02cfe51a5	1	283628	player+silence	uade	Noisetracker 1.x	0	196420	d84a8a77	195b0915	MUSIC/MODULES/E/ENSONIC.MOD
bc52903bc143a222a150b0973c8d9fc3	1	153196	player+silence	uade	Soundtracker II (15 instr.)	0	155090	4c35d741	ab76281f	MUSIC/MODULES/T/TIEDUP.MOD
bc88a628e711f7f9855c67d76545d5af	1	7796	player	uade	Protracker	0	20290	82e83187	ef1dcc73	MUSIC/MODULES/Y/YEAH.MOD
bcdfe7263f4c28aeb4b19a3e7f05feb0	1	185992	player	uade	Protracker compatible	0	107992	3fa04c44	b246b132	MUSIC/MODULES/F/FUNKEY.MOD
bdb8857cf1ced97ffd11e6c8c294746f	1	333966	player	uade	Protracker compatible	0	187012	2eef18e4	bb5126a8	MUSIC/MODULES/E/ENIGMA.MOD
bdd2b82733464513d8878c72b9328d02	1	146045	player	uade	Noisetracker 1.x	0	98338	0168189f	37e5d4e3	MUSIC/MODULES/S/STUDIO.MOD
be90b5a100e6bb4ed79dc86d609f0947	1	107217	player+silence	uade	Noisetracker 1.x	0	82984	17b84f57	6d0f485a	MUSIC/MODULES/M/MEGAMETA.MOD
be9f8369c6b9e62560cb7e0bec0fb764	1	153721	player	uade	Protracker compatible	0	71468	325ad987	44092da1	MUSIC/MODULES/A/ALTITUDE.MOD
bf49749c9423c41e0244c47ad10d1c6e	1	16437	player	uade	Protracker compatible	0	36728	cafb5fac	208df93c	MUSIC/MODULES/H/HUNGER.MOD
bf67673b0323974bd4f638073b77ce52	1	112126	player	uade	Protracker compatible	0	194002	bd7e317e	18b34c03	MUSIC/MODULES/A/AHROBYN.MOD
bfbe3169c3846d4c09235556a7379f90	1	368770	player	uade	Protracker compatible	0	109738	b1b00eeb	cb70b341	MUSIC/MODULES/F/FROGFRIE.MOD
c060513f5356f9ccd925f09163967a44	1	298498	player+silence	uade	Noisetracker 1.x	0	70748	51a0e1e2	b67d08de	MUSIC/MODULES/B/BACK.MOD
c13a01a6eef95e044016b3b080b676ea	1	229577	player	uade	Protracker compatible	0	115260	551fcd57	64bfa13c	MUSIC/MODULES/U/UNVEILED.MOD
c30ec89944c5fb3fd8c4c6aac035833a	1	7796	player	uade	Noisetracker 1.x	0	34708	b1c8ddc9	9696aa05	MUSIC/MODULES/S/SUPERAKT.MOD
c375cef809be259f3fdbf3bbc2f8bae5	1	220936	player	uade	Protracker compatible	0	105440	8031baca	3e0ee95a	MUSIC/MODULES/C/COMTORS.MOD
c3d8952ad561d3252efbb90235f94e43	1	138369	player	uade	Protracker compatible	0	150620	ef4162db	e82a4c56	MUSIC/MODULES/T/TOPLESS.MOD
c4389bc3f6ebdc524dcdfa08e764b478	1	30824	player	uade	Protracker	0	46580	ef77bc68	036e516a	MUSIC/MODULES/S/SLL9.MOD
c4b0e357ca4e234bc731ca16edbd62b6	1	92272	player	uade	Protracker	0	111270	085d8a76	5fa7cec7	MUSIC/MODULES/D/DANCEDAY.MOD
c59b47157ffea1940fae23804feb4bc4	1	356141	player+silence	uade	Noisetracker 1.x	0	93972	4802617a	63591b86	MUSIC/MODULES/P/POPCORN.MOD
c5a6bd053a155b0ee4ea91d9550f8422	1	148930	player+silence	uade	Noisetracker 1.x	0	108422	1bac0e1d	8d49fd2e	MUSIC/MODULES/H/HARDSTUF.MOD
c5ef2939312e76284840811e0adf64c2	1	252946	player	uade	Soundtracker II (15 instr.)	0	120248	7b83778f	bc4d4554	MUSIC/MODULES/F/FAIRLIT1.MOD
c6266e57400960de719cb233042146bd	1	112769	player	uade	Noisetracker 1.x	0	74778	35990341	833f2f92	MUSIC/MODULES/V/VECTORS.MOD
c6cb0970d3d4d7c0cd78ba9295174fa0	1	135797	player	uade	Protracker	0	45440	ebfc6789	9e22d2f5	MUSIC/MODULES/E/ENTRTAIN.MOD
c6edc7d85d603fb498696084b8851a18	1	161397	player	uade	Protracker compatible	0	55552	be5cb236	e3279a72	MUSIC/MODULES/B/BALLMAIN.MOD
c6fb41f94bcc7aee78a37f909676a47d	1	84616	player	uade	Protracker compatible	0	48884	01d6326f	0fb76168	MUSIC/MODULES/S/SLEEP.MOD
c716d9817517fc00eb6616d36602a8d7	1	138369	player	uade	Protracker	0	75228	62b8092b	2031bef0	MUSIC/MODULES/T/TRUE.MOD
c743ce6375a093f946172771bd140cc7	1	145261	player	uade	Protracker	0	93474	5bc70444	ed61febf	MUSIC/MODULES/S/SLIDE2.MOD
c78070e8f180a0977bf0f9710c2cded9	1	69224	player	uade	Noisetracker 1.x	0	31728	d5b6566c	d426020a	MUSIC/MODULES/M/MERDEMUS.MOD
c863ace53057ab1f64c487267b60841b	1	184445	player	uade	Protracker	0	140168	f6772207	61613e0b	MUSIC/MODULES/H/HIPHOP.MOD
c8b8c1dd3e0cab1412fdd92f9b6ba7b8	1	76920	player	uade	Startrekker (4ch)	0	74434	6036a963	11f2c279	MUSIC/MODULES/G/GUTERAPM.MOD
c9b148470cfbe988b32ba3fd2b9a689d	1	107645	player	uade	Protracker compatible	0	69144	7e1d9cfb	7e2371e8	MUSIC/MODULES/F/FUNHOUSE.MOD
caba05920f6d04dd82dc059c948e5423	1	121731	player	uade	Protracker compatible	0	64790	8e88218e	ef65a307	MUSIC/MODULES/R/ROCKINRU.MOD
cb46fa5f002614be5373a292b62f030d	1	84616	player	uade	Protracker compatible	0	26828	8c10e029	ba718e98	MUSIC/MODULES/H/HELLO.MOD
cbfdf3670dc2bae10b089da11c2bea64	1	276597	player	uade	Soundtracker II (31 instr.)	0	76896	46022418	91b5315d	MUSIC/MODULES/S/SARCO.MOD
cc44ff7e172c37ecdf17c21eb1ff2935	1	241231	player	uade	Soundtracker II (31 instr.)	0	75140	59568c67	014917fd	MUSIC/MODULES/R/RENDEZVO.MOD
cc59c2786b5e2a1dd12cf85173040ab9	1	123720	player	uade	Protracker	0	74590	9a0c2eae	1fdcc8df	MUSIC/MODULES/F/FUNCKDAB.MOD
cd0a097bddd7605e3bb48228758df5e5	1	76920	player	uade	Protracker compatible	0	65788	0ce830d2	e9e878a8	MUSIC/MODULES/T/TUBE.MOD
cd4c88c6144340b26f27389d6deccfc2	1	156614	player	uade	Protracker compatible	0	130924	f9891ec8	6437f717	MUSIC/MODULES/M/MAZZ.MOD
cd6bf0cb524ab2fbfbbfe780c98e5659	1	242055	player	uade	Protracker compatible	0	102504	6a84c6f3	2fb237d4	MUSIC/MODULES/B/BIGNONIA.MOD
cd7a47c18d6dccfeb008f79808b3b4a0	1	253569	player	uade	Protracker	0	178776	dd016165	a9a6aeae	MUSIC/MODULES/I/IRONWORK.MOD
cd820e3cf8af19cd2f044e61b3eadd96	1	259668	player+silence	uade	Protracker compatible	0	51260	139988e7	3fa9cfdb	MUSIC/MODULES/B/BACARDI.MOD
ce895c426260fc2b56cb442974d92b58	1	192141	player	uade	Protracker compatible	0	34482	a84098ef	b5da65fa	MUSIC/MODULES/S/SILLY.MOD
cff387be047c400079a6f2c9dfd47f14	1	178356	player	uade	Protracker compatible	0	82542	7718f023	848fb532	MUSIC/MODULES/F/FEDERATI.MOD
d053261cb2f943ce36ba1f109fb24d9c	1	153721	player	uade	Startrekker (4ch)	0	32694	29795c3b	aedc8423	MUSIC/MODULES/W/WRONG.MOD
d07a8906071245d909b01a0b03608ce4	1	152039	player+silence	uade	Noisetracker 1.x	0	64794	d4f7a151	ae2c4cb2	MUSIC/MODULES/E/EDELWEIS.MOD
d1fc7f56d6cb41f6344a50a663c5c296	1	76920	player	uade	Protracker compatible	0	46318	e321de8e	4eb93f58	MUSIC/MODULES/B/BOURBON2.MOD
d21d1ddc9943de73412c8c00fe2b60f6	1	276436	player+silence	uade	Protracker compatible	0	232298	3702d5f1	a581ef3e	MUSIC/MODULES/O/OCCSAN.MOD
d26a0eecb78b35d41c637c18cf539b4b	1	192141	player	uade	Protracker compatible	0	50920	af5979fd	97e40d23	MUSIC/MODULES/G/GSCTHEME.MOD
d26a7ae88207f45384eec7c79f2ded40	1	261081	player+silence	uade	Protracker compatible	0	114730	2011a2c1	421d30ae	MUSIC/MODULES/S/STRESS.MOD
d2d55958aa45a1288d5679a3dd987fe8	1	184445	player	uade	Soundtracker II (31 instr.)	0	117050	529abb25	b54bf82d	MUSIC/MODULES/E/EPI.MOD
d3c3ac9e139c79345125829ab5dd44b3	1	473539	silence	uade	Protracker	0	168958	d6a3c671	6ece8cbc	MUSIC/MODULES/S/SYNTHONE.MOD
d3d7763fb8d4990b1c81156743d7241d	1	208136	player	uade	Protracker compatible	0	144026	948b918f	4776241e	MUSIC/MODULES/Z/ZINESFX.MOD
d3fe4866b80b2bcb233f58fdf981c3d1	1	92272	player	uade	Soundtracker II (31 instr.)	0	61880	fb1ebb36	03e8ccf7	MUSIC/MODULES/D/DELTA2.MOD
d4597c86822c65cfd4fdc74e1e9731cc	1	130693	player	uade	Noisetracker 1.x	0	82106	9b357c9b	c03ded80	MUSIC/MODULES/M/MASTSVNT.MOD
d561da7706006f9acde3cf84c8b54954	1	138369	player	uade	Protracker compatible	0	76490	5c593f0a	b0861153	MUSIC/MODULES/P/PLINKER2.MOD
d562873e7a62a637e302a91911cf4158	1	184445	player	uade	Soundtracker II (31 instr.)	0	106240	6c0b9e09	bad74295	MUSIC/MODULES/S/SPACEJOU.MOD
d57a1e3a2dda2343d2f9f18acd35cf2e	1	230541	player	uade	Noisetracker 1.x	0	106666	493fd66a	fece0a3a	MUSIC/MODULES/N/NORTHSTA.MOD
d66ecb45bbf0a72bcc4788aae00255a2	1	492852	player	uade	Startrekker (4ch)	0	327928	1e38e9f3	e0ee2c75	MUSIC/MODULES/R/RHAPSPRP.MOD
d6cc47df93508357b1a88ced1de9f56b	1	102520	player	uade	Protracker compatible	0	46308	d370eb84	a1a3fea4	MUSIC/MODULES/P/PATZGA.MOD
d6d8209c0548fc260ebbc9ff60876f9f	1	233093	player	uade	Protracker	0	49886	9253262c	2dd098bc	MUSIC/MODULES/L/LOUDHOUS.MOD
d719589aab37d3d6b47d05b5febe987c	1	140921	player	uade	Protracker	0	106646	717b943c	2be97d0c	MUSIC/MODULES/T/THELAST.MOD
d75ae9314eba43697ba3d1b08f4a1572	1	280536	player	uade	Protracker	0	114170	0bc8118a	168bdba1	MUSIC/MODULES/I/INOCENT.MOD
d764611d74cb39adc0e2c0bfbb96dafc	1	92272	player	uade	Noisetracker 1.x	0	19462	551a3767	b7276b9a	MUSIC/MODULES/Q/QB.MOD
d8422c613df5be9534f26a7a0bb30828	1	228110	player	uade	Protracker	0	176630	386d5bef	d5bedd63	MUSIC/MODULES/I/INJEOPAR.MOD
d8b33b4093022c235a9c74960415b700	1	325567	player	uade	Protracker	0	102266	fbcb69e1	f4604e01	MUSIC/MODULES/S/SPACESON.MOD
d9092dbde1eceb1b8565728d9839b888	1	230541	player	uade	Protracker compatible	0	66236	4e9aa100	724c0fa1	MUSIC/MODULES/D/DEARROB.MOD
d926dc28e6acfa76b70f21c2f7819d4f	1	199797	player	uade	Protracker compatible	0	78758	2bfe68a6	56ce32a2	MUSIC/MODULES/G/GOTTAS.MOD
d9376f3792269b7970a765720e495e91	1	115321	player	uade	Noisetracker 1.x	0	51044	cafa37b9	cf0aec3e	MUSIC/MODULES/B/BETTY.MOD
d93daab642822921f391596f1d33a587	1	184445	player	uade	Protracker	0	95530	8ca5854d	fc4c7590	MUSIC/MODULES/U/UPRISING.MOD
da19193ab374c8225f7c6e20ef5e317e	1	224131	player	uade	Noisetracker 1.x	0	123304	59692ab9	7d31d827	MUSIC/MODULES/G/GALACTIC.MOD
da591746d5f8d3f4400815875db52fad	1	92272	player	uade	Protracker compatible	0	93262	d8e496f3	38624d79	MUSIC/MODULES/J/JOURNAL.MOD
db2bcca4bd115c65045131a566096b59	1	98682	player	uade	Protracker compatible	0	61956	f75c2386	43d74438	MUSIC/MODULES/T/TUNE1.MOD
db5fe470056ee366a5a0137f88b3ca64	1	161397	player	uade	Noisetracker 1.x	0	96520	63d804f6	0704dfc8	MUSIC/MODULES/D/DEFENDER.MOD
db64e76edc3e306d7851ec0f45b09b8e	1	107645	player	uade	Soundtracker II (31 instr.)	0	65676	9ca9474c	895440db	MUSIC/MODULES/H/HEVYCOOL.MOD
dbaf3915a1df798e2206bd3514537d4d	1	184445	player	uade	Protracker compatible	0	97684	169cd962	78cd7baf	MUSIC/MODULES/D/DISCOGRV.MOD
dc405c05fd957cc642a8e89ae99b45ba	1	116667	player	uade	Protracker	0	64038	f4f2080b	beb5bfb1	MUSIC/MODULES/H/HEAVYTHR.MOD
dc4b8b1be6249fb5aac575b9fd803a7b	1	243341	player	uade	Protracker compatible	0	148282	9927dd0b	d74f85dc	MUSIC/MODULES/C/CAROLINE.MOD
dcb1fa306c95df2472935001da0e56db	1	276597	player	uade	Protracker compatible	0	122618	58fe1226	56fcd414	MUSIC/MODULES/L/LASER2.MOD
dcbed8a85a76446c955053fd9a123a7e	1	138369	player	uade	Protracker compatible	0	71730	3e7f26ec	6388c0d5	MUSIC/MODULES/M/MADE.MOD
dce61ed14167625eae87c603babf0c3c	1	192141	player	uade	Startrekker (4ch)	0	76344	d7d41947	15e44ef8	MUSIC/MODULES/H/HQCBEAT.MOD
dcebba666d1e8e539183410ddfcaf829	1	81723	player	uade	Noisetracker 1.x	0	55934	584ebfc2	a7c5abcf	MUSIC/MODULES/A/AIR.MOD
dd03c259e8c23993add5a6db4765730f	1	84616	player	uade	Noisetracker 1.x	0	22248	3ed15bd5	e36cd47d	MUSIC/MODULES/P/PRELUDE.MOD
dd3134f54df3da05a61bd11acf4fd8f2	1	61568	player	uade	Protracker	0	67732	b476bcb0	e3256bf9	MUSIC/MODULES/J/JUICYFUN.MOD
dd72d3ddb2deed796f6f8b20c6f0c0d0	1	107645	player	uade	Protracker	0	54990	4dec3af7	b3b23212	MUSIC/MODULES/T/THELAW.MOD
dd99c576249dcb862de88cd8b6d21f40	1	241527	player+silence	uade	Protracker compatible	0	205088	1e86cad6	fb15aba9	MUSIC/MODULES/A/2ACID.MOD
ddba6606404f75e62947ca355ecb1d69	1	253480	player+silence	uade	Protracker compatible	0	123264	b84af2e3	c16378a1	MUSIC/MODULES/A/ANDANTE.MOD
de50693a4dbd1c74d10f948acb5e58a7	1	122997	player	uade	Protracker compatible	0	191824	63d257f6	07de1947	MUSIC/MODULES/W/WHEELSOF.MOD
de6330bc4835fff829e59fc507f82dbb	1	138369	player	uade	Protracker compatible	0	26534	7ff28b63	7fada3ce	MUSIC/MODULES/S/SHORT.MOD
de63344eac92924b499b3ac88109408c	1	98682	player	uade	Protracker	0	25968	67e26cb7	f7d0052b	MUSIC/MODULES/Q/QUARTEX.MOD
df4c55740e0b1513d07d72e75d1210f3	1	255016	player	uade	Noisetracker 1.x	0	153998	1ec52b24	628d868d	MUSIC/MODULES/L/LIFEINTH.MOD
df6f3fa16627660429a20ecfb27b27e7	1	92915	player	uade	Protracker compatible	0	104666	aa8a7727	ba73a784	MUSIC/MODULES/C/CONCERT.MOD
dff59574d12eb8313fede1c961767225	1	147331	player	uade	Protracker	0	89866	64d26c37	d03cbc18	MUSIC/MODULES/M/MEGAFOE.MOD
e06748a6af33fca964d5cc073a8b5b85	1	197245	player	uade	Protracker	0	138366	dd941b4e	8ffc206e	MUSIC/MODULES/O/ONCEAGAI.MOD
e11a1e3f1a03a4c3b1a16907953cb904	1	161397	player	uade	Noisetracker 1.x	0	82460	a3364787	59d36a48	MUSIC/MODULES/D/DISCO.MOD
e12edaace8ffee65e0c3a8a52f5cbe1f	1	202731	player	uade	Protracker	0	129656	505e7c2a	2e9b516b	MUSIC/MODULES/C/COMPLEXH.MOD
e16380525efcac20fd36e3eefcde0d38	1	107645	player	uade	Noisetracker 1.x	0	63456	362c863e	c536dba2	MUSIC/MODULES/J/JAZZE.MOD
e1884583a053e06b3e2486e73cdd17f8	1	150965	player+silence	uade	Protracker compatible	0	78194	7a2ab86e	d7467dd3	MUSIC/MODULES/R/REALM..MOD
e1fc3f0961b04c4c7fb6621280b60847	1	253609	player+silence	uade	Noisetracker 1.x	0	106292	d26fcf1f	b045729e	MUSIC/MODULES/S/SMARTMAN.MOD
e2746a39258d05cf92e26aabaa125fb9	1	202935	player+silence	uade	Protracker compatible	0	133642	45058325	248d1ffe	MUSIC/MODULES/N/NIGHTFLY.MOD
e297022e75d0f3ba3b0707d7f94ddd3a	1	235565	player	uade	Protracker compatible	0	127102	86af862a	88d8938d	MUSIC/MODULES/S/SOFTSYN.MOD
e29ae5ec60f271e1f9ee1bb1309fb6b3	1	258693	player	uade	Protracker compatible	0	119184	08e71a55	7492b8de	MUSIC/MODULES/C/COOLJ.MOD
e2f9602751b6528c8fe34c1162dbb605	1	51320	player	uade	Protracker compatible	0	20900	46bdbd24	11177121	MUSIC/MODULES/A/ANIMATE.MOD
e3638dee926dfba76adcaf9083bc3bf9	1	122997	player	uade	Noisetracker 1.x	0	56596	1f59b0ba	221bf21e	MUSIC/MODULES/B/BIGNJAP.MOD
e3e6834638f4bccf7db4d457beacc551	1	61568	player	uade	Protracker compatible	0	94756	a2844cfa	7ee4908b	MUSIC/MODULES/D/DEEPSTOR.MOD
e3f64b92f67b197a8398d187219d62bb	1	99968	player	uade	Soundtracker II (31 instr.)	0	52028	b0db5d62	0ed7f622	MUSIC/MODULES/Z/ZETA.MOD
e4174cb9b8c46b40acd4f3c84076273e	1	122677	player	ft2play	Fasttracker (M.K.)	4	111700	74047250	fcf377d1	MUSIC/MODULES/A/7.MOD
e4407944252bec291b474854cd320980	1	355924	player+silence	uade	Protracker compatible	0	252282	be6533ee	94ddbf66	MUSIC/MODULES/L/LIGHT2.MOD
e45a162cc45f320f61461d88d6f7e55a	1	284293	player	uade	Protracker compatible	0	50688	7a66ee24	cfb235bb	MUSIC/MODULES/P/PANIC.MOD
e45faab5027b41996284d6e991b28b29	1	172931	player	uade	Protracker compatible	0	133108	68b7bd95	06402695	MUSIC/MODULES/F/FIELDGOL.MOD
e486d77aabc2a3555b947bae80cd24e2	1	234359	player	uade	Protracker compatible	0	72126	dfd1a1cb	2e62bb2d	MUSIC/MODULES/L/LEVBRAIN.MOD
e52e010ca2470289847a8c588ae8ca80	1	180848	player	uade	Protracker	0	53496	b3fb5faa	c6f6d085	MUSIC/MODULES/C/CRAZYBAS.MOD
e54ae84900cc1c44bca503d9463e656a	1	193407	player	uade	Soundtracker II (31 instr.)	0	140694	2a057705	b48dd5e7	MUSIC/MODULES/M/MOONCHIL.MOD
e5b2b4fe77e7dd11925efaa6da7fef29	1	136440	player	uade	Protracker compatible	0	172176	50bc6544	902f7d7b	MUSIC/MODULES/K/KEEPBUST.MOD
e5ca1f3786054c00d5b57cb3c8165175	1	278526	player	uade	Protracker compatible	0	122918	db1739b3	b58d661e	MUSIC/MODULES/F/FREEFALL.MOD
e6b08eaf1113c927f629048bfdbf6150	1	80135	player	uade	Protracker	0	104814	210b7619	19098dbe	MUSIC/MODULES/T/TEDDYB.MOD
e6c382d374cb9d2b156d20741b66abdb	1	194050	player	uade	Noisetracker 1.x	0	78928	874b1094	f9a8fdbd	MUSIC/MODULES/L/LETPARTY.MOD
e6fc04b576c9c6f4b6e2167651defd4e	1	280134	player	uade	Protracker	0	157392	7fc961b5	05afbc4a	MUSIC/MODULES/M/MIRAGETH.MOD
e70cbe4322c46feb87ad13a3c42e5b7a	1	148134	player	uade	Protracker compatible	0	66774	2b9ac3e2	0e78ae18	MUSIC/MODULES/S/SUPERBAZ.MOD
e731b2a97e87823786448a6fee7056a2	1	61568	player	uade	Protracker	0	54004	d4418e9f	55182a8e	MUSIC/MODULES/H/HYMNTOYE.MOD
e796e728efc845efbcce09c404d9d826	1	30824	player	uade	Protracker compatible	0	24576	ede897f2	8f93c0d3	MUSIC/MODULES/P/PLINK.MOD
e7ade0cf177bdd3f1d0842d01c65de28	1	306790	player+volume	uade	Protracker compatible	0	124840	e6a73b8c	2d593304	MUSIC/MODULES/M/MIG.MOD
e8820ae8d807ddde4fd7600676bbf736	1	128221	player	uade	Noisetracker 1.x	0	79292	0ce00d02	8f0eb44d	MUSIC/MODULES/D/DIGTHIS.MOD
e8bff228eb7a09727ed5d79fc4caadac	1	321317	player+silence	uade	Protracker compatible	0	95386	2ee3237a	b8f85c72	MUSIC/MODULES/G/G7.MOD
e8e4218be1dbb3ec6dceef9583086204	1	146045	player	uade	Noisetracker 1.x	0	94848	f055c435	3fbcad83	MUSIC/MODULES/A/ALIEN.MOD
e9cc6b9edd24ee91505d57e41c1173de	1	46216	player	uade	Soundtracker II (15 instr.)	0	55072	646f965f	45d0b01c	MUSIC/MODULES/K/KCTHREE.MOD
ea57f182f14b609d096f3d035a2d910d	1	169093	player	uade	Protracker compatible	0	63112	6c8aa679	c92adadb	MUSIC/MODULES/S/SLLNEW.MOD
ea5f1b72b17a7b4fcb1006c87cf845ad	1	159166	player	uade	Protracker compatible	0	118130	7a669230	54897907	MUSIC/MODULES/H/HITFIDO.MOD
ea6d01f74146fb7c79d3c843b73368d2	1	299645	player	uade	Startrekker (4ch)	0	87426	a18bccca	bd11c2b6	MUSIC/MODULES/B/BEATMAST.MOD
eaaf499698a85afd95d3054f3403017f	1	44910	player	uade	Noisetracker 1.x	0	51320	bb5cf8b5	44edac83	MUSIC/MODULES/F/FAIRLIHT.MOD
eadfc2d2bf44d08d559dfaaec2756560	1	142187	player	uade	Noisetracker 1.x	0	65352	e54215ea	0e530d54	MUSIC/MODULES/C/CFRMUS4.MOD
eaf7235285060afdc94b531e62c7357b	1	146045	player	uade	Protracker	0	141372	91203d97	a529e85d	MUSIC/MODULES/R/ROCKETUP.MOD
eb5f36b4f10aa1f91a2e657a3f8875f7	1	276116	silence	uade	Protracker compatible	0	176900	c8a8edde	fc16d531	MUSIC/MODULES/D/DEMOCOMP.MOD
eb7eea3e60de9fd65b5b911aded5a7ed	1	147974	player	uade	Protracker compatible	0	162168	803c0a66	25b7f7d2	MUSIC/MODULES/O/OUTZIDE.MOD
eb810fab4e5e299308fcb46b3718cb36	1	188605	player+silence	uade	Protracker compatible	0	161044	6375acd7	a5840c60	MUSIC/MODULES/M/MAKEMOVE.MOD
eb9f0ead5c9f6e8ce5fa6aa954d239dc	1	194050	player	uade	Noisetracker 1.x	0	78932	ba06e491	97730c82	MUSIC/MODULES/L/LETSPART.MOD
eba7b98c292a4a62b3dc32ed1470dd18	1	394310	player+silence	uade	Protracker compatible	0	161320	b0dcf2b7	8e568ec5	MUSIC/MODULES/L/LUNAWAVE.MOD
eca2ddd663fc5960ef653cbde1a3f500	1	353418	player	uade	Protracker compatible	0	136674	35ed4e9a	57c87e83	MUSIC/MODULES/S/SPACE.MOD
ecb8d25523613e14ec86f4d98d9793b4	1	153721	player	uade	Soundtracker II (15 instr.)	0	54016	09166e7a	c34b57bd	MUSIC/MODULES/F/FUNKYVIB.MOD
ed41f3c3a402962e938429c4c5e50c41	1	184233	player+silence	uade	Protracker	0	94240	14ffaa1f	acfd029e	MUSIC/MODULES/B/BIGTHING.MOD
ed767cacb877fd867417196cfc334128	1	184445	player	uade	Noisetracker 1.x	0	41676	92b1cb96	1be85c4f	MUSIC/MODULES/A/ASHFORD2.MOD
edeedc99a19fdef401f239bd834ddcde	1	119179	player	uade	Protracker	0	86218	87d5a4af	7c5e5637	MUSIC/MODULES/J/JOE3.MOD
ee03fbf531af743dde225475382b6d13	1	107645	player	uade	Noisetracker 1.x	0	113738	552a4aa8	c1e289f1	MUSIC/MODULES/H/HARRY.MOD
ee1a72d55cd9b8df56c792c6056e7c03	1	86284	player	uade	Soundtracker II (31 instr.)	0	102988	e95427ae	ba966c3e	MUSIC/MODULES/W/WONDERCH.MOD
ee1bcd004b4e94a47e4ef0c343bee6bf	1	76920	player	uade	Noisetracker 1.x	0	22100	3ca594ef	5c747bac	MUSIC/MODULES/A/808.MOD
ee3215edae2cd0f4f7faf3f470404131	1	102520	player	uade	Protracker	0	64044	adcf4995	93d68e26	MUSIC/MODULES/B/BUMMIX.MOD
ee4b651691839c6e0b459f0c9a873301	1	199023	player+silence	uade	Protracker	0	79948	c3e4f06c	66faaca2	MUSIC/MODULES/A/ACOUSTIC.MOD
ee86fc9b00fa98fbf619383618e6c622	1	138369	player	uade	Protracker compatible	0	59062	6cc6d660	3506de56	MUSIC/MODULES/H/HIT.MOD
ee93d387eefa7d837dea0c68ef767c45	1	84616	player	uade	Noisetracker 1.x	0	57892	97c1cdee	68bc1389	MUSIC/MODULES/T/TONALEC.MOD
eeaae7962f7e115834984a9ce920ffd3	1	146045	player	uade	Protracker compatible	0	70378	46267979	2bac4cf9	MUSIC/MODULES/M/METAL.MOD
eec0680cc6e07d0a5979da8449edcbb4	1	141162	player	uade	Protracker compatible	0	65112	da61a95c	66013d13	MUSIC/MODULES/A/AWESOME3.MOD
eee2959666e68ddf0b05d6aaa0071d9d	1	238197	player	uade	Protracker compatible	0	109540	6d16cff7	e53218aa	MUSIC/MODULES/A/ADOREEM.MOD
eef3087eeb8b8bd25087768356214875	1	107645	player	uade	Protracker compatible	0	35376	8d083b8e	9104642f	MUSIC/MODULES/S/SLOW.MOD
ef3ef716e0eee0bc66cdafa2a5520960	1	141644	player	uade	Protracker	0	170452	f0595f4c	2a08d08c	MUSIC/MODULES/F/FUNKYPIA.MOD
f00729a72920ce43cc70b9c25bbc6f35	1	276863	player+silence	uade	Protracker	0	186394	219b4a9c	fdf31f08	MUSIC/MODULES/W/WATERII.MOD
f02fa0f803f551ffdb07732121340023	1	38520	player	uade	Protracker compatible	0	116418	e3fab3c0	e7f4e81f	MUSIC/MODULES/I/INTRO.MOD
f04e19322d8136d95857a95e4b21c1b3	1	236996	player+silence	uade	Noisetracker 1.x	0	86016	b08fe2c7	38722155	MUSIC/MODULES/T/TRILOGY.MOD
f058bb803c92c02c6b738ae995fecda5	1	133245	player	uade	Soundtracker II (31 instr.)	0	97676	4d15a903	d0c65162	MUSIC/MODULES/M/MON.MOD
f1395d71e341b448c74a17edc0312d5d	1	362643	player+silence	uade	Protracker compatible	0	138120	57795cbb	7ab5c3a3	MUSIC/MODULES/C/COLOURIS.MOD
f1726e2cb1155194ec2a81d5197ad25e	1	283489	player	uade	Noisetracker 1.x	0	168296	ff19382b	a0bc0eab	MUSIC/MODULES/T/THEADVEN.MOD
f1ca1f109aab952e38530e3350c3149d	1	44910	player	uade	Soundtracker II (31 instr.)	0	60672	1841cf24	0deb9589	MUSIC/MODULES/W/WIZARD2.MOD
f1ca8093de2cc49255d0c8c74ab2c4f5	1	268921	player	uade	Noisetracker 1.x	0	151152	2cde5498	d7522a8f	MUSIC/MODULES/J/JOHANSEN.MOD
f23f68a5dc926b7d321514202d6c4e6f	1	161397	player	uade	Noisetracker 1.x	0	60080	abf6fd74	170d84c7	MUSIC/MODULES/F/FUNKYPOW.MOD
f278dfb6a4b7e2f63da3c1f65f40a651	1	226683	player	uade	Protracker compatible	0	89186	28df8504	cea92b39	MUSIC/MODULES/T/THELOSTC.MOD
f2d31ab5c257a22e51089eb70ec834e1	1	322693	player	uade	Protracker compatible	0	148440	be628180	84e9481a	MUSIC/MODULES/O/OMEN.MOD
f4acde78e5e414e8b97568f5e15779a8	1	192764	player	uade	Soundtracker II (15 instr.)	0	103068	37c9b8ce	6e50fa57	MUSIC/MODULES/R/RATTRASH.MOD
f4b900ca9356de1318a9c9dce5394596	1	82044	player	uade	Protracker compatible	0	85956	808ab65c	18f96a45	MUSIC/MODULES/B/BALAD.MOD
f500d1485c66b2afe6f218b5f46050f6	1	207493	player	uade	Protracker compatible	0	55882	98b53a84	ebdd505f	MUSIC/MODULES/G/GANTAR.MOD
f596ffc13e81a48e212746c7a1cede38	1	147331	player	uade	Protracker	0	89866	8170f14f	f9d7b04f	MUSIC/MODULES/W/WARP1.MOD
f598613a30b0f5164ca62a495e4a3e43	1	319403	player+volume	uade	Protracker compatible	0	211370	6649c5bf	de1e82b2	MUSIC/MODULES/W/WILDWEST.MOD
f69c35b94a246c57d17380981de5283b	1	83330	player	uade	Protracker	0	15202	7b9a8c9f	0051d7f9	MUSIC/MODULES/I/INTROMUZ.MOD
f6c98e19feca29b47df3ea1859b5d4c6	1	66672	player	uade	Protracker	0	25472	f3d91cc4	eb77efe6	MUSIC/MODULES/A/AQUA.MOD
f6ec49f5cc1e3aa6cb61ac862cbc8f34	1	220293	player	uade	Noisetracker 1.x	0	87514	ca028366	ec2af6bd	MUSIC/MODULES/B/BS1SONG2.MOD
f7a22a52fe29fcc3d8cd5c55137043a7	1	238197	player	uade	Protracker compatible	0	56644	8e11d35b	56f8b49d	MUSIC/MODULES/B/BLUEMON.MOD
f802eb68ed1decb41e4ccf627e4b7a22	1	240721	player+silence	uade	Protracker compatible	0	107870	dfe6e9d0	f0843bcc	MUSIC/MODULES/D/DAYSOFFU.MOD
f8204acca80df4f0a97b591ae838012e	1	183670	player+silence	uade	Startrekker (4ch)	0	112020	2d110c0b	be2e6c12	MUSIC/MODULES/S/SPACETRA.MOD
f834a2d1b94047c1f8d4f58744860c18	1	144136	player	uade	Protracker compatible	0	68350	e7b23549	5cf6baf7	MUSIC/MODULES/S/SAVANNAH.MOD
f93b89baaba99fd798e27ab2fd1b4340	1	140921	player	uade	Noisetracker 1.x	0	101250	7a6d78e0	160cedfc	MUSIC/MODULES/R/RSIHARD.MOD
f944449f27db1ffd6a016d0b5bf25766	1	138369	player	uade	Noisetracker 1.x	0	28310	25ef8fca	fac05aec	MUSIC/MODULES/S/SOMEWHER.MOD
f9d9fa8cfb788a3bae124775031253c6	1	250519	player+silence	uade	Noisetracker 1.x	0	77794	9f411859	14c9c4e5	MUSIC/MODULES/D/DARKWATE.MOD
fa8b1ef0bbe9eb892921f63441e1efd0	1	46216	player	uade	Noisetracker 1.x	0	35826	a3bbe6de	b215e1ab	MUSIC/MODULES/O/OCEAN.MOD
fabbfda13ad7aa674786e0d5cd8659e6	1	268921	player	uade	Noisetracker 1.x	0	99552	71fcb914	128c3e2c	MUSIC/MODULES/S/SETROXDA.MOD
fade5d4240bae8795f63516af2ad72a4	1	46216	player	uade	Noisetracker 1.x	0	40956	7f084bdd	cc5ba813	MUSIC/MODULES/P/POLKAGRI.MOD
fb068a85801b0f5b9e12bf8dba21825b	1	153160	player+silence	uade	Noisetracker 1.x	0	54654	b214f0a7	43bccfc0	MUSIC/MODULES/O/OXYGENE2.MOD
fb120b4560c784efea1494804267ffa0	1	61568	player	uade	Soundtracker II (31 instr.)	0	40146	989ee005	388ea431	MUSIC/MODULES/K/KEEPGOIN.MOD
fb6619faef532d636fb406fe61a1841b	1	153721	player	uade	Protracker compatible	0	115050	54f95642	548dc93d	MUSIC/MODULES/K/KILROY1.MOD
fba5f42461ddafc5ce74541a9281c8cc	1	76920	player	uade	Protracker compatible	0	176152	1a8a42ef	2d4ed069	MUSIC/MODULES/I/INSANITY.MOD
fba8b8fe3806cc224c26ca975cbdf92b	1	57494	player	ft2play	Fasttracker (M.K.)	4	28297	8fda0b52	89f57524	MUSIC/MODULES/A/ALLIWANT.MOD
fbb2805ab84774b1fc048d243d4623f2	1	230541	player	uade	Protracker	0	161130	7a9fb8e6	7c6c6ccf	MUSIC/MODULES/H/HIGHLAND.MOD
fc013e124ea6458176235f779d3585b8	1	172931	player	uade	Noisetracker 1.x	0	90020	406e9d73	ba111b42	MUSIC/MODULES/L/LOS.MOD
fcc7ae9237261b2a7400677522b9b4a1	1	76920	player	uade	Protracker	0	55456	ca684ca6	ca67edb5	MUSIC/MODULES/J/JOE6.MOD
fda3900964aef845ff65fb03e55955a2	1	263455	player	uade	Protracker	0	141264	66b00e8c	f4021322	MUSIC/MODULES/U/UPONME.MOD
fda3900964aef845ff65fb03e55955a2	2	207493	player
fdf8164642029e9c91c91bcf166454d2	1	140643	player+volume	uade	Noisetracker 1.x	0	65102	31b7ca31	d5cf9d27	MUSIC/MODULES/D/DEMONSRE.MOD
fee62484187180ac9bc758fa9a27db4a	1	252652	player+silence	uade	Protracker compatible	0	123688	a93ec6ed	e69a7d6c	MUSIC/MODULES/R/RVBNT.MOD
fef9292c0e4c729bf52da8a2df5185de	1	179321	player	uade	Noisetracker 1.x	0	130934	f7f3081c	0dd47676	MUSIC/MODULES/K/KASMALI.MOD
ff2be2493f82149b4cabc2d7730934ec	1	169093	player	uade	Protracker	0	140514	72064cfa	42a8b3d4	MUSIC/MODULES/W/WAIT4U.MOD
ff6f08bc19d6886590d4a41fb9a643d2	1	128121	player	uade	Protracker compatible	0	123742	be9524ae	69a8bfe4	MUSIC/MODULES/F/FREEZING.MOD
